label,message,target,char_count,word_count,num_sentences,clean_message
ham,"Go until jurong point, crazy.. Available only in bugis n great world la e buffet... Cine there got amore wat...",0,111,20,4,go jurong point crazi avail bugi great world la buffet cine got amor wat
ham,Ok lar... Joking wif u oni...,0,29,6,3,ok lar joke wif oni
spam,Free entry in 2 a wkly comp to win FA Cup final tkts 21st May 2005. Text FA to 87121 to receive entry question(std txt rate)T&C's apply 08452810075over18's,1,155,28,2,free entri wkli comp win fa cup final tkt st may text fa receiv entri questionstd txt ratetc appli
ham,U dun say so early hor... U c already then say...,0,49,11,3,dun say earli hor alreadi say
ham,"Nah I don't think he goes to usf, he lives around here though",0,61,13,1,nah dont think go usf life around though
spam,"FreeMsg Hey there darling it's been 3 week's now and no word back! I'd like some fun you up for it still? Tb ok! XxX std chgs to send, £1.50 to rcv",1,147,32,5,freemsg hey darl week word back id like fun still tb ok xxx std chg send rcv
ham,Even my brother is not like to speak with me. They treat me like aids patent.,0,77,16,3,even brother like speak treat like aid patent
ham,As per your request 'Melle Melle (Oru Minnaminunginte Nurungu Vettam)' has been set as your callertune for all Callers. Press *9 to copy your friends Callertune,0,160,26,2,per request mell mell oru minnaminungint nurungu vettam set callertun caller press copi friend callertun
spam,WINNER!! As a valued network customer you have been selected to receivea £900 prize reward! To claim call 09061701461. Claim code KL341. Valid 12 hours only.,1,157,26,6,winner valu network custom select receivea prize reward claim call claim code kl valid hour
spam,Had your mobile 11 months or more? U R entitled to Update to the latest colour mobiles with camera for Free! Call The Mobile Update Co FREE on 08002986030,1,154,29,3,mobil month entitl updat latest colour mobil camera free call mobil updat co free
ham,"I'm gonna be home soon and i don't want to talk about this stuff anymore tonight, k? I've cried enough today.",0,109,21,3,im gon na home soon dont want talk stuff anymor tonight ive cri enough today
spam,"SIX chances to win CASH! From 100 to 20,000 pounds txt> CSH11 and send to 87575. Cost 150p/day, 6days, 16+ TsandCs apply Reply HL 4 info",1,136,26,3,six chanc win cash pound txt csh send cost pday day tsandc appli repli hl info
spam,"URGENT! You have won a 1 week FREE membership in our £100,000 Prize Jackpot! Txt the word: CLAIM to No: 81010 T&C www.dbuk.net LCCLTD POBOX 4403LDNW1A7RW18",1,155,26,5,urgent week free membership prize jackpot txt word claim tc lccltd pobox ldnw rw
ham,I've been searching for the right words to thank you for this breather. I promise i wont take your help for granted and will fulfil my promise. You have been wonderful and a blessing at all times.,0,196,37,4,ive search right word thank breather promis wont take help grant fulfil promis wonder bless time
ham,I HAVE A DATE ON SUNDAY WITH WILL!!,0,35,8,2,date sunday
spam,"XXXMobileMovieClub: To use your credit, click the WAP link in the next txt message or click here>> http://wap. xxxmobilemovieclub.com?n=QJKGIGHJJGCBL",1,149,19,4,xxxmobilemovieclub use credit click wap link next txt messag click xxxmobilemovieclubcomnqjkgighjjgcbl
ham,Oh k...i'm watching here:),0,26,4,2,oh kim watch
ham,Eh u remember how 2 spell his name... Yes i did. He v naughty make until i v wet.,0,81,19,4,eh rememb spell name ye naughti make wet
ham,Fine if thats the way u feel. Thats the way its gota b,0,56,13,2,fine that way feel that way gota
spam,"England v Macedonia - dont miss the goals/team news. Txt ur national team to 87077 eg ENGLAND to 87077 Try:WALES, SCOTLAND 4txt/ú1.20 POBOXox36504W45WQ 16+",1,155,24,3,england macedonia dont miss goalsteam news txt ur nation team eg england trywal scotland txtú poboxox wq
ham,Is that seriously how you spell his name?,0,41,8,2,serious spell name
ham,I‘m going to try for 2 months ha ha only joking,0,47,11,1,go tri month ha ha joke
ham,So ü pay first lar... Then when is da stock comin...,0,52,11,3,pay first lar da stock comin
ham,Aft i finish my lunch then i go str down lor. Ard 3 smth lor. U finish ur lunch already?,0,88,20,4,aft finish lunch go str lor ard smth lor finish ur lunch alreadi
ham,Ffffffffff. Alright no way I can meet up with you sooner?,0,57,11,3,ffffffffff alright way meet sooner
ham,Just forced myself to eat a slice. I'm really not hungry tho. This sucks. Mark is getting worried. He knows I'm sick when I turn down pizza. Lol,0,144,28,6,forc eat slice im realli hungri tho suck mark get worri know im sick turn pizza lol
ham,Lol your always so convincing.,0,30,5,2,lol alway convinc
ham,Did you catch the bus ? Are you frying an egg ? Did you make a tea? Are you eating your mom's left over dinner ? Do you feel my Love ?,0,134,32,6,catch bu fri egg make tea eat mom left dinner feel love
ham,"I'm back &amp; we're packing the car now, I'll let you know if there's room",0,75,15,1,im back amp pack car ill let know there room
ham,Ahhh. Work. I vaguely remember that! What does it feel like? Lol,0,64,12,5,ahhh work vagu rememb feel like lol
ham,"Wait that's still not all that clear, were you not sure about me being sarcastic or that that's why x doesn't want to live with us",0,130,26,1,wait that still clear sure sarcast that doesnt want live u
ham,Yeah he got in at 2 and was v apologetic. n had fallen out and she was actin like spoilt child and he got caught up in that. Till 2! But we won't go there! Not doing too badly cheers. You?,0,188,41,7,yeah got apologet fallen actin like spoilt child got caught till wont go badli cheer
ham,K tell me anything about you.,0,29,6,2,tell anyth
ham,For fear of fainting with the of all that housework you just did? Quick have a cuppa,0,84,17,2,fear faint housework quick cuppa
spam,Thanks for your subscription to Ringtone UK your mobile will be charged £5/month Please confirm by replying YES or NO. If you reply NO you will not be charged,1,158,29,2,thank subscript rington uk mobil charg month pleas confirm repli ye repli charg
ham,Yup... Ok i go home look at the timings then i msg ü again... Xuhui going to learn on 2nd may too but her lesson is at 8am,0,122,28,3,yup ok go home look time msg xuhui go learn nd may lesson
ham,"Oops, I'll let you know when my roommate's done",0,47,9,1,oop ill let know roommat done
ham,I see the letter B on my car,0,28,8,1,see letter car
ham,Anything lor... U decide...,0,27,4,3,anyth lor decid
ham,Hello! How's you and how did saturday go? I was just texting to see if you'd decided to do anything tomo. Not that i'm trying to invite myself or anything!,0,155,30,5,hello how saturday go text see youd decid anyth tomo im tri invit anyth
ham,Pls go ahead with watts. I just wanted to be sure. Do have a great weekend. Abiola,0,82,17,4,pl go ahead watt want sure great weekend abiola
ham,"Did I forget to tell you ? I want you , I need you, I crave you ... But most of all ... I love you my sweet Arabian steed ... Mmmmmm ... Yummy",0,142,34,6,forget tell want need crave love sweet arabian steed mmmmmm yummi
spam,07732584351 - Rodger Burns - MSG = We tried to call you re your reply to our sms for a free nokia mobile + free camcorder. Please call now 08000930705 for delivery tomorrow,1,172,33,2,rodger burn msg tri call repli sm free nokia mobil free camcord pleas call deliveri tomorrow
ham,WHO ARE YOU SEEING?,0,19,4,2,see
ham,Great! I hope you like your man well endowed. I am  &lt;#&gt;  inches...,0,72,13,4,great hope like man well endow ltgt inch
ham,No calls..messages..missed calls,0,32,3,3,callsmessagesmiss call
ham,Didn't you get hep b immunisation in nigeria.,0,45,8,2,didnt get hep immunis nigeria
ham,"Fair enough, anything going on?",0,31,5,2,fair enough anyth go
ham,"Yeah hopefully, if tyler can't do it I could maybe ask around a bit",0,67,14,1,yeah hope tyler cant could mayb ask around bit
ham,U don't know how stubborn I am. I didn't even want to go to the hospital. I kept telling Mark I'm not a weak sucker. Hospitals are for weak suckers.,0,148,30,5,dont know stubborn didnt even want go hospit kept tell mark im weak sucker hospit weak sucker
ham,What you thinked about me. First time you saw me in class.,0,58,12,3,think first time saw class
ham,"A gram usually runs like  &lt;#&gt; , a half eighth is smarter though and gets you almost a whole second gram for  &lt;#&gt;",0,124,23,1,gram usual run like ltgt half eighth smarter though get almost whole second gram ltgt
ham,K fyi x has a ride early tomorrow morning but he's crashing at our place tonight,0,80,16,1,fyi ride earli tomorrow morn he crash place tonight
ham,"Wow. I never realized that you were so embarassed by your accomodations. I thought you liked it, since i was doing the best i could and you always seemed so happy about ""the cave"". I'm sorry I didn't and don't have more to give. I'm sorry i offered. I'm sorry your room was so embarassing.",0,289,55,7,wow never realiz embarass accomod thought like sinc best could alway seem happi cave im sorri didnt dont give im sorri offer im sorri room embarass
spam,SMS. ac Sptv: The New Jersey Devils and the Detroit Red Wings play Ice Hockey. Correct or Incorrect? End? Reply END SPTV,1,120,22,5,sm ac sptv new jersey devil detroit red wing play ice hockey correct incorrect end repli end sptv
ham,Do you know what Mallika Sherawat did yesterday? Find out now @  &lt;URL&gt;,0,76,13,2,know mallika sherawat yesterday find lturlgt
spam,"Congrats! 1 year special cinema pass for 2 is yours. call 09061209465 now! C Suprman V, Matrix3, StarWars3, etc all 4 FREE! bx420-ip4-5we. 150pm. Dont miss out!",1,160,27,8,congrat year special cinema pa call suprman matrix starwar etc free bx ip pm dont miss
ham,"Sorry, I'll call later in meeting.",0,34,6,2,sorri ill call later meet
ham,Tell where you reached,0,22,4,1,tell reach
ham,Yes..gauti and sehwag out of odi series.,0,40,7,3,yesgauti sehwag odi seri
ham,Your gonna have to pick up a $1 burger for yourself on your way home. I can't even move. Pain is killing me.,0,108,23,4,gon na pick burger way home cant even move pain kill
ham,Ha ha ha good joke. Girls are situation seekers.,0,48,9,3,ha ha ha good joke girl situat seeker
ham,Its a part of checking IQ,0,25,6,1,part check iq
ham,"Sorry my roommates took forever, it ok if I come by now?",0,56,12,2,sorri roommat took forev ok come
ham,Ok lar i double check wif da hair dresser already he said wun cut v short. He said will cut until i look nice.,0,110,24,3,ok lar doubl check wif da hair dresser alreadi said wun cut short said cut look nice
spam,"As a valued customer, I am pleased to advise you that following recent review of your Mob No. you are awarded with a £1500 Bonus Prize, call 09066364589",1,152,28,2,valu custom pleas advis follow recent review mob award bonu prize call
ham,"Today is ""song dedicated day.."" Which song will u dedicate for me? Send this to all ur valuable frnds but first rply me...",0,122,23,4,today song dedic day song dedic send ur valuabl frnd first rpli
spam,"Urgent UR awarded a complimentary trip to EuroDisinc Trav, Aco&Entry41 Or £1000. To claim txt DIS to 87121 18+6*£1.50(moreFrmMob. ShrAcomOrSglSuplt)10, LS1 3AJ",1,159,22,4,urgent ur award complimentari trip eurodisinc trav acoentri claim txt di morefrmmob shracomorsglsuplt l aj
spam,"Did you hear about the new ""Divorce Barbie""? It comes with all of Ken's stuff!",1,78,15,3,hear new divorc barbi come ken stuff
ham,I plane to give on this month end.,0,34,8,2,plane give month end
ham,Wah lucky man... Then can save money... Hee...,0,46,8,4,wah lucki man save money hee
ham,Finished class where are you.,0,29,5,2,finish class
ham,HI BABE IM AT HOME NOW WANNA DO SOMETHING? XX,0,45,10,2,hi babe im home wan na someth xx
ham,K..k:)where are you?how did you performed?,0,42,6,4,kkwhere youhow perform
ham,U can call me now...,0,20,5,2,call
ham,I am waiting machan. Call me once you free.,0,43,9,3,wait machan call free
ham,Thats cool. i am a gentleman and will treat you with dignity and respect.,0,73,14,3,that cool gentleman treat digniti respect
ham,I like you peoples very much:) but am very shy pa.,0,50,11,2,like peopl much shi pa
ham,Does not operate after  &lt;#&gt;  or what,0,42,7,1,oper ltgt
ham,Its not the same here. Still looking for a job. How much do Ta's earn there.,0,76,16,4,still look job much ta earn
ham,"Sorry, I'll call later",0,22,4,1,sorri ill call later
ham,K. Did you call me just now ah?,0,31,8,3,call ah
ham,Ok i am on the way to home hi hi,0,32,10,1,ok way home hi hi
ham,You will be in the place of that man,0,36,9,1,place man
ham,Yup next stop.,0,14,3,2,yup next stop
ham,"I call you later, don't have network. If urgnt, sms me.",0,55,11,3,call later dont network urgnt sm
ham,For real when u getting on yo? I only need 2 more tickets and one more jacket and I'm done. I already used all my multis.,0,121,26,4,real get yo need ticket one jacket im done alreadi use multi
ham,Yes I started to send requests to make it but pain came back so I'm back in bed. Double coins at the factory too. I gotta cash in all my nitros.,0,144,31,4,ye start send request make pain came back im back bed doubl coin factori got ta cash nitro
ham,I'm really not up to it still tonight babe,0,42,9,1,im realli still tonight babe
ham,"Ela kano.,il download, come wen ur free..",0,41,7,3,ela kanoil download come wen ur free
ham,Yeah do! Don‘t stand to close tho- you‘ll catch something!,0,58,10,3,yeah stand close tho catch someth
ham,Sorry to be a pain. Is it ok if we meet another night? I spent late afternoon in casualty and that means i haven't done any of y stuff42moro and that includes all my time sheets and that. Sorry.,0,194,39,5,sorri pain ok meet anoth night spent late afternoon casualti mean havent done stuff moro includ time sheet sorri
ham,Smile in Pleasure Smile in Pain Smile when trouble pours like Rain Smile when sum1 Hurts U Smile becoz SOMEONE still Loves to see u Smiling!!,0,141,26,2,smile pleasur smile pain smile troubl pour like rain smile sum hurt smile becoz someon still love see smile
spam,Please call our customer service representative on 0800 169 6031 between 10am-9pm as you have WON a guaranteed £1000 cash or £5000 prize!,1,137,23,2,pleas call custom servic repres pm guarante cash prize
ham,Havent planning to buy later. I check already lido only got 530 show in e afternoon. U finish work already?,0,107,20,4,havent plan buy later check alreadi lido got show afternoon finish work alreadi
spam,"Your free ringtone is waiting to be collected. Simply text the password ""MIX"" to 85069 to verify. Get Usher and Britney. FML, PO Box 5249, MK17 92H. 450Ppw 16",1,158,29,5,free rington wait collect simpli text password mix verifi get usher britney fml po box mk ppw
ham,Watching telugu movie..wat abt u?,0,33,5,3,watch telugu moviewat abt
ham,i see. When we finish we have loads of loans to pay,0,51,12,2,see finish load loan pay
ham,"Hi. Wk been ok - on hols now! Yes on for a bit of a run. Forgot that i have hairdressers appointment at four so need to get home n shower beforehand. Does that cause prob for u?""",0,178,38,6,hi wk ok hol ye bit run forgot hairdress appoint four need get home shower beforehand caus prob
ham,I see a cup of coffee animation,0,31,7,1,see cup coffe anim
ham,Please don't text me anymore. I have nothing else to say.,0,57,11,3,pleas dont text anymor noth els say
ham,Okay name ur price as long as its legal! Wen can I pick them up? Y u ave x ams xx,0,81,21,3,okay name ur price long legal wen pick ave am xx
ham,I'm still looking for a car to buy. And have not gone 4the driving test yet.,0,76,16,3,im still look car buy gone drive test yet
ham,"wow. You're right! I didn't mean to do that. I guess once i gave up on boston men and changed my search location to nyc, something changed. Cuz on my signin page it still says boston.",0,183,36,6,wow your right didnt mean guess gave boston men chang search locat nyc someth chang cuz signin page still say boston
ham,Umma my life and vava umma love you lot dear,0,44,10,1,umma life vava umma love lot dear
ham,Thanks a lot for your wishes on my birthday. Thanks you for making my birthday truly memorable.,0,95,17,3,thank lot wish birthday thank make birthday truli memor
ham,"Aight, I'll hit you up when I get some cash",0,43,10,1,aight ill hit get cash
ham,How would my ip address test that considering my computer isn't a minecraft server,0,82,14,1,would ip address test consid comput isnt minecraft server
ham,I know! Grumpy old people. My mom was like you better not be lying. Then again I am always the one to play jokes...,0,115,24,5,know grumpi old peopl mom like better lie alway one play joke
ham,Dont worry. I guess he's busy.,0,30,6,3,dont worri guess he busi
ham,What is the plural of the noun research?,0,40,8,2,plural noun research
ham,Going for dinner.msg you after.,0,31,5,3,go dinnermsg
ham,I'm ok wif it cos i like 2 try new things. But i scared u dun like mah. Cos u said not too loud.,0,96,24,4,im ok wif co like tri new thing scare dun like mah co said loud
spam,GENT! We are trying to contact you. Last weekends draw shows that you won a £1000 prize GUARANTEED. Call 09064012160. Claim Code K52. Valid 12hrs only. 150ppm,1,158,27,7,gent tri contact last weekend draw show prize guarante call claim code valid hr ppm
ham,"Wa, ur openin sentence very formal... Anyway, i'm fine too, juz tt i'm eatin too much n puttin on weight...Haha... So anythin special happened?",0,143,24,5,wa ur openin sentenc formal anyway im fine juz tt im eatin much puttin weighthaha anythin special happen
ham,"As I entered my cabin my PA said, '' Happy B'day Boss !!''. I felt special. She askd me 4 lunch. After lunch she invited me to her apartment. We went there.",0,156,32,7,enter cabin pa said happi bday bo felt special askd lunch lunch invit apart went
spam,You are a winner U have been specially selected 2 receive £1000 or a 4* holiday (flights inc) speak to a live operator 2 claim 0871277810910p/min (18+),1,151,27,1,winner special select receiv holiday flight inc speak live oper claim pmin
ham,Goodo! Yes we must speak friday - egg-potato ratio for tortilla needed!,0,71,12,3,goodo ye must speak friday eggpotato ratio tortilla need
ham,Hmm...my uncle just informed me that he's paying the school directly. So pls buy food.,0,86,15,4,hmmmi uncl inform he pay school directli pl buy food
spam,PRIVATE! Your 2004 Account Statement for 07742676969 shows 786 unredeemed Bonus Points. To claim call 08719180248 Identifier Code: 45239 Expires,1,144,20,3,privat account statement show unredeem bonu point claim call identifi code expir
spam,"URGENT! Your Mobile No. was awarded £2000 Bonus Caller Prize on 5/9/03 This is our final try to contact U! Call from Landline 09064019788 BOX42WR29C, 150PPM",1,156,26,4,urgent mobil award bonu caller prize final tri contact call landlin box wr ppm
ham,here is my new address -apples&pairs&all that malarky,0,53,8,1,new address applespairsal malarki
spam,Todays Voda numbers ending 7548 are selected to receive a $350 award. If you have a match please call 08712300220 quoting claim code 4041 standard rates app,1,156,27,2,today voda number end select receiv award match pleas call quot claim code standard rate app
ham,I am going to sao mu today. Will be done only at 12,0,51,13,2,go sao mu today done
ham,Ü predict wat time ü'll finish buying?,0,38,7,2,predict wat time üll finish buy
ham,"Good stuff, will do.",0,20,4,2,good stuff
ham,"Just so that you know,yetunde hasn't sent money yet. I just sent her a text not to bother sending. So its over, you dont have to involve yourself in anything. I shouldn't have imposed anything on you in the first place so for that, i apologise.",0,244,46,5,knowyetund hasnt sent money yet sent text bother send dont involv anyth shouldnt impos anyth first place apologis
ham,Are you there in room.,0,22,5,2,room
ham,HEY GIRL. HOW R U? HOPE U R WELL ME AN DEL R BAK! AGAIN LONG TIME NO C! GIVE ME A CALL SUM TIME FROM LUCYxx,0,107,27,5,hey girl hope well del bak long time give call sum time lucyxx
ham,K..k:)how much does it cost?,0,28,5,3,kkhow much cost
ham,I'm home.,0,9,2,2,im home
ham,"Dear, will call Tmorrow.pls accomodate.",0,39,5,3,dear call tmorrowpl accomod
ham,First answer my question.,0,25,4,2,first answer question
spam,Sunshine Quiz Wkly Q! Win a top Sony DVD player if u know which country the Algarve is in? Txt ansr to 82277. £1.50 SP:Tyrone,1,125,25,5,sunshin quiz wkli win top soni dvd player know countri algarv txt ansr sptyron
spam,Want 2 get laid tonight? Want real Dogging locations sent direct 2 ur mob? Join the UK's largest Dogging Network bt Txting GRAVEL to 69888! Nt. ec2a. 31p.msg@150p,1,162,28,7,want get laid tonight want real dog locat sent direct ur mob join uk largest dog network bt txting gravel nt ec
ham,I only haf msn. It's yijue@hotmail.com,0,38,6,3,haf msn
ham,He is there. You call and meet him,0,34,8,2,call meet
ham,No no. I will check all rooms befor activities,0,46,9,2,check room befor activ
spam,You'll not rcv any more msgs from the chat svc. For FREE Hardcore services text GO to: 69988 If u get nothing u must Age Verify with yr network & try again,1,155,32,2,youll rcv msg chat svc free hardcor servic text go get noth must age verifi yr network tri
ham,Got c... I lazy to type... I forgot ü in lect... I saw a pouch but like not v nice...,0,85,20,5,got lazi type forgot lect saw pouch like nice
ham,"K, text me when you're on the way",0,33,8,1,text your way
ham,"Sir, Waiting for your mail.",0,27,5,2,sir wait mail
ham,"A swt thought: ""Nver get tired of doing little things 4 lovable persons.."" Coz..somtimes those little things occupy d biggest part in their Hearts.. Gud ni8",0,156,26,4,swt thought nver get tire littl thing lovabl person cozsomtim littl thing occupi biggest part heart gud ni
ham,I know you are. Can you pls open the back?,0,42,10,3,know pl open back
ham,Yes see ya not on the dot,0,25,7,1,ye see ya dot
ham,Whats the staff name who is taking class for us?,0,48,10,2,what staff name take class u
spam,"FreeMsg Why haven't you replied to my text? I'm Randy, sexy, female and live local. Luv to hear from u. Netcollex Ltd 08700621170150p per msg reply Stop to end",1,159,29,4,freemsg havent repli text im randi sexi femal live local luv hear netcollex ltd per msg repli stop end
ham,Ummma.will call after check in.our life will begin from qatar so pls pray very hard.,0,84,15,4,ummmawil call check inour life begin qatar pl pray hard
ham,K..i deleted my contact that why?,0,33,6,3,ki delet contact
ham,Sindu got job in birla soft ..,0,30,7,2,sindu got job birla soft
ham,The wine is flowing and i'm i have nevering..,0,45,9,2,wine flow im never
ham,Yup i thk cine is better cos no need 2 go down 2 plaza mah.,0,59,15,2,yup thk cine better co need go plaza mah
ham,Ok... Ur typical reply...,0,25,4,3,ok ur typic repli
ham,"You are everywhere dirt, on the floor, the windows, even on my shirt. And sometimes when i open my mouth, you are all that comes flowing out. I dream of my world without you, then half my chores are out too. A time of joy for me, lots of tv shows i.ll see. But i guess like all things you just must exist, like rain, hail and mist, and when my time here is done, you and i become one.",0,384,80,7,everywher dirt floor window even shirt sometim open mouth come flow dream world without half chore time joy lot tv show ill see guess like thing must exist like rain hail mist time done becom one
ham,Aaooooright are you at work?,0,28,5,2,aaooooright work
ham,I'm leaving my house now...,0,27,5,2,im leav hous
ham,"Hello, my love. What are you doing? Did you get to that interview today? Are you you happy? Are you being a good boy? Do you think of me?Are you missing me ?",0,157,33,8,hello love get interview today happi good boy think mear miss
spam,Customer service annoncement. You have a New Years delivery waiting for you. Please call 07046744435 now to arrange delivery,1,124,19,3,custom servic annonc new year deliveri wait pleas call arrang deliveri
spam,You are a winner U have been specially selected 2 receive £1000 cash or a 4* holiday (flights inc) speak to a live operator 2 claim 0871277810810,1,145,27,1,winner special select receiv cash holiday flight inc speak live oper claim
ham,Keep yourself safe for me because I need you and I miss you already and I envy everyone that see's you in real life,0,115,24,1,keep safe need miss alreadi envi everyon see real life
ham,New car and house for my parents.:)i have only new job in hand:),0,64,13,2,new car hous parentsi new job hand
ham,I'm so in love with you. I'm excited each day i spend with you. You make me so happy.,0,85,19,4,im love im excit day spend make happi
spam,-PLS STOP bootydelious (32/F) is inviting you to be her friend. Reply YES-434 or NO-434 See her: www.SMS.ac/u/bootydelious STOP? Send STOP FRND to 62468,1,152,24,5,pl stop bootydeli invit friend repli ye see stop send stop frnd
spam,"BangBabes Ur order is on the way. U SHOULD receive a Service Msg 2 download UR content. If U do not, GoTo wap. bangb. tv on UR mobile internet/service menu",1,155,30,5,bangbab ur order way receiv servic msg download ur content goto wap bangb tv ur mobil internetservic menu
ham,I place all ur points on e cultures module already.,0,51,10,2,place ur point cultur modul alreadi
spam,URGENT! We are trying to contact you. Last weekends draw shows that you have won a £900 prize GUARANTEED. Call 09061701939. Claim code S89. Valid 12hrs only,1,156,27,6,urgent tri contact last weekend draw show prize guarante call claim code valid hr
ham,"Hi frnd, which is best way to avoid missunderstding wit our beloved one's?",0,74,13,2,hi frnd best way avoid missunderstd wit belov one
ham,Great escape. I fancy the bridge but needs her lager. See you tomo,0,66,13,3,great escap fanci bridg need lager see tomo
ham,Yes :)it completely in out of form:)clark also utter waste.,0,59,10,2,ye complet formclark also utter wast
ham,"Sir, I need AXIS BANK account no and bank address.",0,50,10,2,sir need axi bank account bank address
ham,"Hmmm.. Thk sure got time to hop ard... Ya, can go 4 free abt... Muz call u to discuss liao...",0,93,20,5,hmmm thk sure got time hop ard ya go free abt muz call discu liao
ham,What time you coming down later?,0,32,6,2,time come later
ham,"Bloody hell, cant believe you forgot my surname Mr . Ill give u a clue, its spanish and begins with m...",0,104,21,3,bloodi hell cant believ forgot surnam mr ill give clue spanish begin
ham,"Well, i'm gonna finish my bath now. Have a good...fine night.",0,61,11,4,well im gon na finish bath goodfin night
ham,Let me know when you've got the money so carlos can make the call,0,65,14,1,let know youv got money carlo make call
ham,U still going to the mall?,0,26,6,2,still go mall
ham,"Turns out my friends are staying for the whole show and won't be back til ~ &lt;#&gt; , so feel free to go ahead and smoke that $ &lt;#&gt;  worth",0,146,30,1,turn friend stay whole show wont back til ltgt feel free go ahead smoke ltgt worth
ham,Text her. If she doesnt reply let me know so i can have her log in,0,66,16,2,text doesnt repli let know log
ham,Hi! You just spoke to MANEESHA V. We'd like to know if you were satisfied with the experience. Reply Toll Free with Yes or No.,0,126,25,5,hi spoke maneesha wed like know satisfi experi repli toll free ye
ham,You lifted my hopes with the offer of money. I am in need. Especially when the end of the month approaches and it hurts my studying. Anyways have a gr8 weekend,0,159,31,4,lift hope offer money need especi end month approach hurt studi anyway gr weekend
ham,Lol no. U can trust me.,0,23,6,3,lol trust
ham,ok. I am a gentleman and will treat you with dignity and respect.,0,65,13,3,ok gentleman treat digniti respect
ham,"He will, you guys close?",0,24,5,2,guy close
ham,Going on nothing great.bye,0,26,4,2,go noth greatby
ham,Hello handsome ! Are you finding that job ? Not being lazy ? Working towards getting back that net for mummy ? Where's my boytoy now ? Does he miss me ?,0,152,32,7,hello handsom find job lazi work toward get back net mummi where boytoy miss
ham,"Haha awesome, be there in a minute",0,34,7,1,haha awesom minut
spam,Please call our customer service representative on FREEPHONE 0808 145 4742 between 9am-11pm as you have WON a guaranteed £1000 cash or £5000 prize!,1,147,24,2,pleas call custom servic repres freephon pm guarante cash prize
ham,Have you got Xmas radio times. If not i will get it now,0,55,13,2,got xma radio time get
ham,I jus reached home. I go bathe first. But my sis using net tell u when she finishes k...,0,88,19,4,ju reach home go bath first si use net tell finish
spam,Are you unique enough? Find out from 30th August. www.areyouunique.co.uk,1,72,10,6,uniqu enough find th august
ham,I'm sorry. I've joined the league of people that dont keep in touch. You mean a great deal to me. You have been a friend at all times even at great personal cost. Do have a great week.|,0,185,38,6,im sorri ive join leagu peopl dont keep touch mean great deal friend time even great person cost great week
ham,Hi :)finally i completed the course:),0,37,6,1,hi final complet cours
ham,It will stop on itself. I however suggest she stays with someone that will be able to give ors for every stool.,0,111,22,3,stop howev suggest stay someon abl give or everi stool
ham,How are you doing? Hope you've settled in for the new school year. Just wishin you a gr8 day,0,92,19,3,hope youv settl new school year wishin gr day
ham,Gud mrng dear hav a nice day,0,28,7,1,gud mrng dear hav nice day
ham,Did u got that persons story,0,28,6,1,got person stori
ham,is your hamster dead? Hey so tmr i meet you at 1pm orchard mrt?,0,63,14,3,hamster dead hey tmr meet pm orchard mrt
ham,Hi its Kate how is your evening? I hope i can see you tomorrow for a bit but i have to bloody babyjontet! Txt back if u can. :) xxx,0,131,30,4,hi kate even hope see tomorrow bit bloodi babyjontet txt back xxx
ham,"Found it, ENC  &lt;#&gt; , where you at?",0,40,8,2,found enc ltgt
ham,I sent you  &lt;#&gt;  bucks,0,28,5,1,sent ltgt buck
ham,Hello darlin ive finished college now so txt me when u finish if u can love Kate xxx,0,84,18,1,hello darlin ive finish colleg txt finish love kate xxx
ham,Your account has been refilled successfully by INR  &lt;DECIMAL&gt; . Your KeralaCircle prepaid account balance is Rs  &lt;DECIMAL&gt; . Your Transaction ID is KR &lt;#&gt; .,0,174,26,4,account refil success inr ltdecimalgt keralacircl prepaid account balanc r ltdecimalgt transact id kr ltgt
ham,Goodmorning sleeping ga.,0,24,3,2,goodmorn sleep ga
ham,U call me alter at 11 ok.,0,25,7,2,call alter ok
ham,Ü say until like dat i dun buy ericsson oso cannot oredi lar...,0,63,13,2,say like dat dun buy ericsson oso oredi lar
ham,"Aight yo, dats straight dogg",0,28,5,1,aight yo dat straight dogg
ham,You please give us connection today itself before  &lt;DECIMAL&gt;  or refund the bill,0,86,13,1,pleas give u connect today ltdecimalgt refund bill
ham,Both :) i shoot big loads so get ready!,0,39,9,2,shoot big load get readi
ham,"What's up bruv, hope you had a great break. Do have a rewarding semester.",0,73,14,3,what bruv hope great break reward semest
ham,Home so we can always chat,0,26,6,1,home alway chat
ham,K:)k:)good:)study well.,0,23,2,2,kkgoodstudi well
ham,Yup... How ü noe leh...,0,23,5,3,yup noe leh
ham,Sounds great! Are you home now?,0,31,6,3,sound great home
ham,Finally the match heading towards draw as your prediction.,0,58,9,2,final match head toward draw predict
ham,Tired. I haven't slept well the past few nights.,0,48,9,3,tire havent slept well past night
ham,Easy ah?sen got selected means its good..,0,41,7,3,easi ahsen got select mean good
ham,I have to take exam with march 3,0,32,8,1,take exam march
ham,Yeah you should. I think you can use your gt atm now to register. Not sure but if there's anyway i can help let me know. But when you do be sure you are ready.,0,159,35,5,yeah think use gt atm regist sure there anyway help let know sure readi
ham,Ok no prob. Take ur time.,0,25,6,3,ok prob take ur time
ham,There is os called ubandu which will run without installing in hard disk...you can use that os to copy the important files in system and give it to repair shop..,0,161,30,3,o call ubandu run without instal hard diskyou use o copi import file system give repair shop
ham,U say leh... Of course nothing happen lar. Not say v romantic jus a bit only lor. I thk e nite scenery not so nice leh.,0,119,26,5,say leh cours noth happen lar say romant ju bit lor thk nite sceneri nice leh
spam,"500 New Mobiles from 2004, MUST GO! Txt: NOKIA to No: 89545 & collect yours today!From ONLY £1 www.4-tc.biz 2optout 087187262701.50gbp/mtmsg18",1,142,21,6,new mobil must go txt nokia collect todayfrom optout gbpmtmsg
ham,Would really appreciate if you call me. Just need someone to talk to.,0,69,13,3,would realli appreci call need someon talk
spam,"Will u meet ur dream partner soon? Is ur career off 2 a flyng start? 2 find out free, txt HORO followed by ur star sign, e. g. HORO ARIES",1,137,30,5,meet ur dream partner soon ur career flyng start find free txt horo follow ur star sign horo ari
ham,Hey company elama po mudyadhu.,0,30,5,2,hey compani elama po mudyadhu
ham,"Life is more strict than teacher... Bcoz Teacher teaches lesson &amp; then conducts exam, But Life first conducts Exam &amp; then teaches Lessons. Happy morning. . .",0,165,27,6,life strict teacher bcoz teacher teach lesson amp conduct exam life first conduct exam amp teach lesson happi morn
ham,Dear good morning now only i am up,0,34,8,1,dear good morn
ham,Get down in gandhipuram and walk to cross cut road. Right side &lt;#&gt; street road and turn at first right.,0,109,20,3,get gandhipuram walk cross cut road right side ltgt street road turn first right
ham,Dear we are going to our rubber place,0,37,8,1,dear go rubber place
ham,"Sorry battery died, yeah I'm here",0,33,6,1,sorri batteri die yeah im
ham,Yes:)here tv is always available in work place..,0,48,8,2,yesher tv alway avail work place
spam,Text & meet someone sexy today. U can find a date or even flirt its up to U. Join 4 just 10p. REPLY with NAME & AGE eg Sam 25. 18 -msg recd@thirtyeight pence,1,157,34,5,text meet someon sexi today find date even flirt join repli name age eg sam msg penni
ham,I have printed it oh. So  &lt;#&gt;  come upstairs,0,50,9,2,print oh ltgt come upstair
ham,Or ill be a little closer like at the bus stop on the same street,0,65,15,1,ill littl closer like bu stop street
ham,Where are you?when wil you reach here?,0,38,7,3,youwhen wil reach
ham,"New Theory: Argument wins d SITUATION, but loses the PERSON. So dont argue with ur friends just.. . . . kick them &amp; say, I'm always correct.!",0,145,27,7,new theori argument win situat lose person dont argu ur friend kick amp say im alway correct
spam,U 447801259231 have a secret admirer who is looking 2 make contact with U-find out who they R*reveal who thinks UR so special-call on 09058094597,1,145,25,1,secret admir look make contact ufind rreveal think ur specialcal
ham,Tomarrow final hearing on my laptop case so i cant.,0,51,10,2,tomarrow final hear laptop case cant
ham,PLEASSSSSSSEEEEEE TEL ME V AVENT DONE SPORTSx,0,45,7,1,pleassssssseeeee tel avent done sportsx
ham,"Okay. No no, just shining on. That was meant to be signing, but that sounds better.",0,83,16,4,okay shine meant sign sound better
ham,"Although i told u dat i'm into baig face watches now but i really like e watch u gave cos it's fr u. Thanx 4 everything dat u've done today, i'm touched...",0,155,32,3,although told dat im baig face watch realli like watch gave co fr thanx everyth dat uve done today im touch
ham,U don't remember that old commercial?,0,37,6,2,dont rememb old commerci
ham,Too late. I said i have the website. I didn't i have or dont have the slippers,0,78,17,3,late said websit didnt dont slipper
ham,I asked you to call him now ok,0,30,8,1,ask call ok
ham,Kallis wont bat in 2nd innings.,0,31,6,2,kalli wont bat nd inning
ham,It didnt work again oh. Ok goodnight then. I.ll fix and have it ready by the time you wake up. You are very dearly missed have a good night sleep.,0,146,30,6,didnt work oh ok goodnight ill fix readi time wake dearli miss good night sleep
spam,Congratulations ur awarded 500 of CD vouchers or 125gift guaranteed & Free entry 2 100 wkly draw txt MUSIC to 87066 TnCs www.Ldew.com1win150ppmx3age16,1,150,23,3,congratul ur award cd voucher gift guarante free entri wkli draw txt music tnc
ham,Ranjith cal drpd Deeraj and deepak 5min hold,0,44,8,1,ranjith cal drpd deeraj deepak min hold
ham,"Wen ur lovable bcums angry wid u, dnt take it seriously.. Coz being angry is d most childish n true way of showing deep affection, care n luv!.. kettoda manda... Have nice day da.",0,179,34,5,wen ur lovabl bcum angri wid dnt take serious coz angri childish true way show deep affect care luv kettoda manda nice day da
ham,What you doing?how are you?,0,27,5,3,doinghow
ham,"Ups which is 3days also, and the shipping company that takes 2wks. The other way is usps which takes a week but when it gets to lag you may have to bribe nipost to get your stuff.",0,179,37,3,up day also ship compani take wk way usp take week get lag may bribe nipost get stuff
ham,"I'm back, lemme know when you're ready",0,38,7,1,im back lem know your readi
ham,Don't necessarily expect it to be done before you get back though because I'm just now headin out,0,97,18,1,dont necessarili expect done get back though im headin
ham,Mmm so yummy babe ... Nice jolt to the suzy,0,43,10,2,mmm yummi babe nice jolt suzi
ham,Where are you lover ? I need you ...,0,36,9,3,lover need
spam,We tried to contact you re your reply to our offer of a Video Handset? 750 anytime networks mins? UNLIMITED TEXT? Camcorder? Reply or call 08000930705 NOW,1,154,27,5,tri contact repli offer video handset anytim network min unlimit text camcord repli call
ham,I‘m parked next to a MINI!!!! When are you coming in today do you think?,0,72,15,3,park next mini come today think
ham,Yup,0,3,1,1,yup
ham,Anyway i'm going shopping on my own now. Cos my sis not done yet. Dun disturb u liao.,0,85,18,4,anyway im go shop co si done yet dun disturb liao
ham,MY NO. IN LUTON 0125698789 RING ME IF UR AROUND! H*,0,51,11,3,luton ring ur around
spam,Hey I am really horny want to chat or see me naked text hot to 69698 text charged at 150pm to unsubscribe text stop 69698,1,121,25,1,hey realli horni want chat see nake text hot text charg pm unsubscrib text stop
ham,Why you Dint come with us.,0,26,6,2,dint come u
ham,Same. Wana plan a trip sometme then,0,35,7,2,wana plan trip sometm
ham,"Not sure yet, still trying to get a hold of him",0,47,11,1,sure yet still tri get hold
spam,Ur ringtone service has changed! 25 Free credits! Go to club4mobiles.com to choose content now! Stop? txt CLUB STOP to 87070. 150p/wk Club4 PO Box1146 MK45 2WT,1,159,27,7,ur rington servic chang free credit go club mobilescom choos content stop txt club stop pwk club po box mk wt
ham,The evo. I just had to download flash. Jealous?,0,47,9,4,evo download flash jealou
spam,Ringtone Club: Get the UK singles chart on your mobile each week and choose any top quality ringtone! This message is free of charge.,1,133,24,3,rington club get uk singl chart mobil week choos top qualiti rington messag free charg
ham,"Come to mu, we're sorting out our narcotics situation",0,53,9,1,come mu sort narcot situat
ham,"Night has ended for another day, morning has come in a special way. May you smile like the sunny rays and leaves your worries at the blue blue bay.",0,147,29,3,night end anoth day morn come special way may smile like sunni ray leaf worri blue blue bay
spam,HMV BONUS SPECIAL 500 pounds of genuine HMV vouchers to be won. Just answer 4 easy questions. Play Now! Send HMV to 86688 More info:www.100percent-real.com,1,155,25,6,hmv bonu special pound genuin hmv voucher answer easi question play send hmv info
ham,"Usf I guess, might as well take 1 car",0,37,9,1,usf guess might well take car
ham,No objection. My bf not coming.,0,31,6,3,object bf come
ham,Thanx...,0,8,1,2,thanx
ham,Tell rob to mack his gf in the theater,0,38,9,1,tell rob mack gf theater
ham,"Awesome, I'll see you in a bit",0,30,7,1,awesom ill see bit
ham,Just sent it. So what type of food do you like?,0,47,11,3,sent type food like
ham,All done? All handed in? Celebrations in full swing yet?,0,56,10,4,done hand celebr full swing yet
ham,You got called a tool?,0,22,5,2,got call tool
ham,"Wen u miss someone, the person is definitely special for u..... But if the person is so special, why to miss them, just Keep-in-touch gdeve..",0,141,25,3,wen miss someon person definit special person special miss keepintouch gdeve
ham,Ok. I asked for money how far,0,29,7,2,ok ask money far
ham,Okie...,0,7,1,2,oki
ham,"Yeah I think my usual guy's still passed out from last night, if you get ahold of anybody let me know and I'll throw down",0,121,25,1,yeah think usual guy still pass last night get ahold anybodi let know ill throw
ham,"K, I might come by tonight then if my class lets out early",0,58,13,1,might come tonight class let earli
ham,Ok..,0,4,1,2,ok
ham,hi baby im cruisin with my girl friend what r u up 2? give me a call in and hour at home if thats alright or fone me on this fone now love jenny xxx,0,148,35,2,hi babi im cruisin girl friend give call hour home that alright fone fone love jenni xxx
ham,"My life Means a lot to me, Not because I love my life, But because I love the people in my life, The world calls them friends, I call them my World:-).. Ge:-)..",0,160,33,3,life mean lot love life love peopl life world call friend call world ge
ham,"Dear,shall mail tonite.busy in the street,shall update you tonite.things are looking ok.varunnathu edukkukayee raksha ollu.but a good one in real sense.",0,152,21,6,dearshal mail tonitebusi streetshal updat toniteth look okvarunnathu edukkukaye raksha ollubut good one real sens
ham,Hey you told your name to gautham ah?,0,37,8,2,hey told name gautham ah
ham,Haf u found him? I feel so stupid da v cam was working.,0,55,13,3,haf found feel stupid da cam work
ham,Oops. 4 got that bit.,0,21,5,3,oop got bit
ham,Are you this much buzy,0,22,5,1,much buzi
ham,I accidentally deleted the message. Resend please.,0,50,7,3,accident delet messag resend pleas
spam,T-Mobile customer you may now claim your FREE CAMERA PHONE upgrade & a pay & go sim card for your loyalty. Call on 0845 021 3680.Offer ends 28thFeb.T&C's apply,1,159,29,4,tmobil custom may claim free camera phone upgrad pay go sim card loyalti call offer end thfebtc appli
ham,Unless it's a situation where YOU GO GURL would be more appropriate,0,67,12,1,unless situat go gurl would appropri
ham,Hurt me... Tease me... Make me cry... But in the end of my life when i die plz keep one rose on my grave and say STUPID I MISS U.. HAVE A NICE DAY BSLVYL,0,153,35,5,hurt teas make cri end life die plz keep one rose grave say stupid miss nice day bslvyl
ham,I cant pick the phone right now. Pls send a message,0,51,11,2,cant pick phone right pl send messag
ham,Need a coffee run tomo?Can't believe it's that time of week already,0,67,12,2,need coffe run tomoc believ time week alreadi
ham,"Awesome, I remember the last time we got somebody high for the first time with diesel :V",0,88,17,1,awesom rememb last time got somebodi high first time diesel
ham,"Shit that is really shocking and scary, cant imagine for a second. Def up for night out. Do u think there is somewhere i could crash for night, save on taxi?",0,157,31,4,shit realli shock scari cant imagin second def night think somewher could crash night save taxi
ham,Oh and by the way you do have more food in your fridge! Want to go out for a meal tonight?,0,90,21,3,oh way food fridg want go meal tonight
ham,He is a womdarfull actor,0,24,5,1,womdarful actor
spam,"SMS. ac Blind Date 4U!: Rodds1 is 21/m from Aberdeen, United Kingdom. Check Him out http://img. sms. ac/W/icmb3cktz8r7!-4 no Blind Dates send HIDE",1,146,23,7,sm ac blind date rodd aberdeen unit kingdom check sm acwicmb cktz blind date send hide
ham,Yup... From what i remb... I think should be can book...,0,56,11,4,yup remb think book
ham,Jos ask if u wana meet up?,0,26,7,2,jo ask wana meet
ham,Lol yes. Our friendship is hanging on a thread cause u won't buy stuff.,0,71,14,3,lol ye friendship hang thread caus wont buy stuff
spam,"TheMob> Check out our newest selection of content, Games, Tones, Gossip, babes and sport, Keep your mobile fit and funky text WAP to 82468",1,138,24,1,themob check newest select content game tone gossip babe sport keep mobil fit funki text wap
ham,Where are the garage keys? They aren't on the bookshelf,0,55,10,2,garag key arent bookshelf
ham,Today is ACCEPT DAY..U Accept me as? Brother Sister Lover Dear1 Best1 Clos1 Lvblefrnd Jstfrnd Cutefrnd Lifpartnr Belovd Swtheart Bstfrnd No rply means enemy,0,156,24,3,today accept dayu accept brother sister lover dear best clo lvblefrnd jstfrnd cutefrnd lifpartnr belovd swtheart bstfrnd rpli mean enemi
spam,"Think ur smart ? Win £200 this week in our weekly quiz, text PLAY to 85222 now!T&Cs WinnersClub PO BOX 84, M26 3UZ. 16+. GBP1.50/week",1,133,25,6,think ur smart win week weekli quiz text play nowtc winnersclub po box uz gbp week
ham,He says he'll give me a call when his friend's got the money but that he's definitely buying before the end of the week,0,119,24,1,say hell give call friend got money he definit buy end week
ham,"Hi the way I was with u 2day, is the normal way&this is the real me. UR unique&I hope I know u 4 the rest of mylife. Hope u find wot was lost.",0,142,33,4,hi way day normal waythi real ur uniquei hope know rest mylif hope find wot lost
ham,You made my day. Do have a great day too.,0,41,10,3,made day great day
ham,K.k:)advance happy pongal.,0,26,3,3,kkadvanc happi pongal
ham,"Hmmm... Guess we can go 4 kb n power yoga... Haha, dunno we can tahan power yoga anot... Thk got lo oso, forgot liao...",0,119,24,5,hmmm guess go kb power yoga haha dunno tahan power yoga anot thk got lo oso forgot liao
ham,"Not really dude, have no friends i'm afraid :(",0,46,9,1,realli dude friend im afraid
spam,December only! Had your mobile 11mths+? You are entitled to update to the latest colour camera mobile for Free! Call The Mobile Update Co FREE on 08002986906,1,157,27,4,decemb mobil mth entitl updat latest colour camera mobil free call mobil updat co free
ham,"Coffee cake, i guess...",0,23,4,2,coffe cake guess
ham,"Merry Christmas to you too babe, i love ya *kisses*",0,51,10,1,merri christma babe love ya kiss
ham,Hey... Why dont we just go watch x men and have lunch... Haha,0,61,13,3,hey dont go watch men lunch haha
ham,cud u tell ppl im gona b a bit l8 cos 2 buses hav gon past cos they were full & im still waitin 4 1. Pete x,0,107,28,2,cud tell ppl im gona bit co bu hav gon past co full im still waitin pete
ham,That would be great. We'll be at the Guild. Could meet on Bristol road or somewhere - will get in touch over weekend. Our plans take flight! Have a good week,0,157,31,5,would great well guild could meet bristol road somewher get touch weekend plan take flight good week
ham,No problem. How are you doing?,0,30,6,3,problem
ham,Hi da:)how is the todays class?,0,31,6,2,hi dahow today class
ham,"I'd say that's a good sign but, well, you know my track record at reading women",0,79,16,1,id say that good sign well know track record read woman
ham,"Cool, text me when you're parked",0,32,6,1,cool text your park
ham,I'm reading the text i just sent you. Its meant to be a joke. So read it in that light,0,86,20,3,im read text sent meant joke read light
ham,K.k:)apo k.good movie.,0,22,3,4,kkapo kgood movi
ham,Maybe i could get book out tomo then return it immediately ..? Or something.,0,76,14,3,mayb could get book tomo return immedi someth
spam,Call Germany for only 1 pence per minute! Call from a fixed line via access number 0844 861 85 85. No prepayment. Direct access!,1,128,24,5,call germani penni per minut call fix line via access number prepay direct access
ham,Any chance you might have had with me evaporated as soon as you violated my privacy by stealing my phone number from your employer's paperwork. Not cool at all. Please do not contact me again or I will report you to your supervisor.,0,232,43,4,chanc might evapor soon violat privaci steal phone number employ paperwork cool pleas contact report supervisor
spam,Valentines Day Special! Win over £1000 in our quiz and take your partner on the trip of a lifetime! Send GO to 83600 now. 150p/msg rcvd. CustCare:08718720201.,1,158,27,6,valentin day special win quiz take partner trip lifetim send go pmsg rcvd custcar
ham,"Ta-Daaaaa! I am home babe, are you still up ?",0,45,10,3,tadaaaaa home babe still
ham,Cool. So how come you havent been wined and dined before?,0,57,11,3,cool come havent wine dine
ham,Just sleeping..and surfing,0,26,3,2,sleepingand surf
ham,U calling me right? Call my hand phone...,0,41,8,3,call right call hand phone
ham,Ok that's great thanx a lot.,0,28,6,2,ok that great thanx lot
ham,I take it the post has come then! You must have 1000s of texts now! Happy reading. My one from wiv hello caroline at the end is my favourite. Bless him,0,151,31,5,take post come must text happi read one wiv hello carolin end favourit bless
ham,Where u been hiding stranger?,0,29,5,2,hide stranger
ham,Am not interested to do like that.,0,34,7,2,interest like
ham,My sister cleared two round in birla soft yesterday.,0,52,9,2,sister clear two round birla soft yesterday
ham,Gudnite....tc...practice going on,0,33,3,3,gudnitetcpractic go
ham,Dis is yijue. I jus saw ur mail. In case huiming havent sent u my num. Dis is my num.,0,85,20,5,di yiju ju saw ur mail case huim havent sent num di num
ham,One small prestige problem now.,0,31,5,2,one small prestig problem
spam,Fancy a shag? I do.Interested? sextextuk.com txt XXUK SUZY to 69876. Txts cost 1.50 per msg. TnCs on website. X,1,111,20,9,fanci shag dointerest sextextukcom txt xxuk suzi txt cost per msg tnc websit
ham,Just checking in on you. Really do miss seeing Jeremiah. Do have a great month,0,78,15,3,check realli miss see jeremiah great month
ham,"Nah can't help you there, I've never had an iphone",0,50,10,1,nah cant help ive never iphon
ham,If you're not in my car in an hour and a half I'm going apeshit,0,63,15,1,your car hour half im go apeshit
ham,"TODAY is Sorry day.! If ever i was angry with you, if ever i misbehaved or hurt you? plz plz JUST SLAP URSELF Bcoz, Its ur fault, I'm basically GOOD",0,148,30,3,today sorri day ever angri ever misbehav hurt plz plz slap urself bcoz ur fault im basic good
ham,Yo you guys ever figure out how much we need for alcohol? Jay and I are trying to figure out how much we can safely spend on weed,0,129,28,2,yo guy ever figur much need alcohol jay tri figur much safe spend weed
ham,&lt;#&gt; ISH MINUTES WAS 5 MINUTES AGO. WTF.,0,45,8,3,ltgt ish minut minut ago wtf
ham,"Thank You for calling.Forgot to say Happy Onam to you Sirji.I am fine here and remembered you when i met an insurance person.Meet You in Qatar Insha Allah.Rakhesh, ex Tata AIG who joined TISSCO,Tayseer.",0,202,34,6,thank callingforgot say happi onam sirjii fine rememb met insur personmeet qatar insha allahrakhesh ex tata aig join tisscotays
spam,Ur cash-balance is currently 500 pounds - to maximize ur cash-in now send CASH to 86688 only 150p/msg. CC: 08708800282 HG/Suite342/2Lands Row/W1J6HL,1,148,22,2,ur cashbal current pound maxim ur cashin send cash pmsg cc hgsuit land roww hl
ham,"I'm an actor. When i work, i work in the evening and sleep late. Since i'm unemployed at the moment, i ALWAYS sleep late. When you're unemployed, every day is saturday.",0,168,31,5,im actor work work even sleep late sinc im unemploy moment alway sleep late your unemploy everi day saturday
ham,"Hello! Just got here, st andrews-boy its a long way! Its cold. I will keep you posted",0,85,17,4,hello got st andrewsboy long way cold keep post
ham,Ha ha cool cool chikku chikku:-):-DB-),0,38,6,1,ha ha cool cool chikku chikkudb
ham,Oh ok no prob..,0,15,4,2,oh ok prob
ham,Check audrey's status right now,0,31,5,1,check audrey statu right
ham,Busy here. Trying to finish for new year. I am looking forward to finally meeting you...,0,88,16,4,busi tri finish new year look forward final meet
ham,"Good afternoon sunshine! How dawns that day ? Are we refreshed and happy to be alive? Do we breathe in the air and smile ? I think of you, my love ... As always",0,160,34,6,good afternoon sunshin dawn day refresh happi aliv breath air smile think love alway
ham,Well i know Z will take care of me. So no worries.,0,50,12,3,well know take care worri
spam,"Update_Now - Xmas Offer! Latest Motorola, SonyEricsson & Nokia & FREE Bluetooth! Double Mins & 1000 Txt on Orange. Call MobileUpd8 on 08000839402 or call2optout/F4Q=",1,165,25,4,updatenow xma offer latest motorola sonyericsson nokia free bluetooth doubl min txt orang call mobileupd call optoutf
spam,Here is your discount code RP176781. To stop further messages reply stop. www.regalportfolio.co.uk. Customer Services 08717205546,1,129,16,7,discount code rp stop messag repli stop custom servic
ham,Wat uniform? In where get?,0,26,5,3,wat uniform get
ham,"Cool, text me when you're ready",0,31,6,1,cool text your readi
ham,"Hello my boytoy ... Geeee I miss you already and I just woke up. I wish you were here in bed with me, cuddling me. I love you ...",0,129,29,5,hello boytoy geeee miss alreadi woke wish bed cuddl love
ham,I will spoil you in bed as well :),0,34,9,1,spoil bed well
ham,I'm going for bath will msg you next  &lt;#&gt;  min..,0,54,10,2,im go bath msg next ltgt min
ham,I cant keep talking to people if am not sure i can pay them if they agree to price. So pls tell me what you want to really buy and how much you are willing to pay,0,162,37,2,cant keep talk peopl sure pay agre price pl tell want realli buy much will pay
spam,"Thanks for your Ringtone Order, Reference T91. You will be charged GBP 4 per week. You can unsubscribe at anytime by calling customer services on 09057039994",1,157,26,3,thank rington order refer charg gbp per week unsubscrib anytim call custom servic
ham,Can you say what happen,0,23,5,1,say happen
ham,You could have seen me..i did't recognise you Face.:),0,53,9,3,could seen mei didt recognis face
ham,Well there's not a lot of things happening in Lindsay on New years *sighs* Some bars in Ptbo and the blue heron has something going,0,131,25,1,well there lot thing happen lindsay new year sigh bar ptbo blue heron someth go
ham,Keep my payasam there if rinu brings,0,36,7,1,keep payasam rinu bring
ham,I taught that Ranjith sir called me. So only i sms like that. Becaus hes verifying about project. Prabu told today so only pa dont mistake me..,0,143,27,5,taught ranjith sir call sm like becau he verifi project prabu told today pa dont mistak
ham,"I guess that's why you re worried. You must know that there's a way the body repairs itself. And i'm quite sure you shouldn't worry. We'll take it slow. First the tests, they will guide when your ovulation is then just relax. Nothing you've said is a reason to worry but i.ll keep on followin you up.",0,300,57,8,guess that worri must know there way bodi repair im quit sure shouldnt worri well take slow first test guid ovul relax noth youv said reason worri ill keep followin
ham,"Yeah sure, give me a couple minutes to track down my wallet",0,59,12,1,yeah sure give coupl minut track wallet
ham,Hey leave it. not a big deal:-) take care.,0,42,9,3,hey leav big deal take care
ham,Hey i will be late ah... Meet you at 945+,0,41,10,2,hey late ah meet
spam,"Double mins and txts 4 6months FREE Bluetooth on Orange. Available on Sony, Nokia Motorola phones. Call MobileUpd8 on 08000839402 or call2optout/N9DX",1,149,22,3,doubl min txt month free bluetooth orang avail soni nokia motorola phone call mobileupd call optoutn dx
ham,It took Mr owl 3 licks,0,22,6,1,took mr owl lick
ham,Customer place i will call you.,0,31,6,2,custom place call
ham,Mm that time you dont like fun,0,30,7,1,mm time dont like fun
spam,4mths half price Orange line rental & latest camera phones 4 FREE. Had your phone 11mths ? Call MobilesDirect free on 08000938767 to update now! or2stoptxt,1,155,26,4,mth half price orang line rental latest camera phone free phone mth call mobilesdirect free updat stoptxt
ham,Yup having my lunch buffet now.. U eat already?,0,47,9,3,yup lunch buffet eat alreadi
ham,Huh so late... Fr dinner?,0,25,5,3,huh late fr dinner
ham,Hey so this sat are we going for the intro pilates only? Or the kickboxing too?,0,79,16,3,hey sat go intro pilat kickbox
ham,Morning only i can ok.,0,22,5,2,morn ok
ham,Yes i think so. I am in office but my lap is in room i think thats on for the last few days. I didnt shut that down,0,115,28,3,ye think offic lap room think that last day didnt shut
ham,Pick you up bout 7.30ish? What time are  and that going?,0,56,11,4,pick bout ish time go
ham,From here after The performance award is calculated every two month.not for current one month period..,0,102,16,3,perform award calcul everi two monthnot current one month period
ham,Was actually sleeping and still might when u call back. So a text is gr8. You rock sis. Will send u a text wen i wake.,0,118,26,5,actual sleep still might call back text gr rock si send text wen wake
ham,"You are always putting your business out there. You put pictures of your ass on facebook. You are one of the most open people i've ever met. Why would i think a picture of your room would hurt you, make you feel violated.",0,221,43,5,alway put busi put pictur as facebook one open peopl ive ever met would think pictur room would hurt make feel violat
ham,"Good evening Sir, Al Salam Wahleykkum.sharing a happy news.By the grace of God, i got an offer from Tayseer,TISSCO and i joined.Hope you are fine.Inshah Allah,meet you sometime.Rakhesh,visitor from India.",0,204,30,7,good even sir al salam wahleykkumshar happi newsbi grace god got offer tayseertissco joinedhop fineinshah allahmeet sometimerakheshvisitor india
ham,Hmmm...k...but i want to change the field quickly da:-)i wanna get system administrator or network administrator..,0,114,16,4,hmmmkbut want chang field quickli dai wan na get system administr network administr
spam,"FREE RINGTONE text FIRST to 87131 for a poly or text GET to 87131 for a true tone! Help? 0845 2814032 16 after 1st free, tones are 3x£150pw to e£nd txt stop",1,156,32,3,free rington text first poli text get true tone help st free tone x£ pw e£nd txt stop
ham,Dear how is chechi. Did you talk to her,0,39,9,2,dear chechi talk
ham,The hair cream has not been shipped.,0,36,7,2,hair cream ship
ham,None of that's happening til you get here though,0,48,9,1,none that happen til get though
ham,"Yep, the great loxahatchee xmas tree burning of  &lt;#&gt;  starts in an hour",0,77,13,1,yep great loxahatche xma tree burn ltgt start hour
ham,"Haha get used to driving to usf man, I know a lot of stoners",0,60,14,1,haha get use drive usf man know lot stoner
ham,All was well until slightly disastrous class this pm with my fav darlings! Hope day off ok. Coffee wld be good as can't stay late tomorrow. Same time + place as always?,0,168,32,5,well slightli disastr class pm fav darl hope day ok coffe wld good cant stay late tomorrow time place alway
ham,Hello! Good week? Fancy a drink or something later?,0,51,9,4,hello good week fanci drink someth later
ham,Headin towards busetop,0,22,3,1,headin toward busetop
ham,Message:some text missing* Sender:Name Missing* *Number Missing *Sent:Date missing *Missing U a lot thats y everything is missing sent via fullonsms.com,0,152,21,2,messagesom text miss sendernam miss number miss sentdat miss miss lot that everyth miss sent via fullonsmscom
ham,Come by our room at some point so we can iron out the plan for this weekend,0,75,17,1,come room point iron plan weekend
ham,Cos i want it to be your thing,0,30,8,1,co want thing
ham,"Okies... I'll go yan jiu too... We can skip ard oso, go cine den go mrt one, blah blah blah...",0,94,20,4,oki ill go yan jiu skip ard oso go cine den go mrt one blah blah blah
ham,Bring home some Wendy =D,0,24,5,1,bring home wendi
spam,100 dating service cal;l 09064012103 box334sk38ch,1,49,6,1,date servic call box sk ch
ham,Whatsup there. Dont u want to sleep,0,35,7,2,whatsup dont want sleep
ham,Alright i have a new goal now,0,29,7,1,alright new goal
spam,FREE entry into our £250 weekly competition just text the word WIN to 80086 NOW. 18 T&C www.txttowin.co.uk,1,106,18,5,free entri weekli competit text word win tc
ham,"Alright, I'll head out in a few minutes, text me where to meet you",0,66,14,1,alright ill head minut text meet
spam,Send a logo 2 ur lover - 2 names joined by a heart. Txt LOVE NAME1 NAME2 MOBNO eg LOVE ADAM EVE 07123456789 to 87077 Yahoo! POBox36504W45WQ TxtNO 4 no ads 150p,1,159,32,3,send logo ur lover name join heart txt love name name mobno eg love adam eve yahoo pobox wq txtno ad
ham,Yes:)from last week itself i'm taking live call.,0,48,8,2,yesfrom last week im take live call
spam,Someone has contacted our dating service and entered your phone because they fancy you! To find out who it is call from a landline 09111032124 . PoBox12n146tf150p,1,162,27,3,someon contact date servic enter phone fanci find call landlin pobox tf
ham,Siva is in hostel aha:-.,0,24,5,2,siva hostel aha
spam,URGENT! Your Mobile number has been awarded with a £2000 prize GUARANTEED. Call 09058094455 from land line. Claim 3030. Valid 12hrs only,1,136,22,5,urgent mobil number award prize guarante call land line claim valid hr
ham,Send this to ur friends and receive something about ur voice..... How is my speaking expression? 1.childish 2.naughty 3.Sentiment 4.rowdy 5.ful of attitude 6.romantic 7.shy 8.Attractive 9.funny  &lt;#&gt; .irritating  &lt;#&gt; .lovable. reply me..,0,248,33,16,send ur friend receiv someth ur voic speak express childish naughti sentiment rowdi ful attitud romant shi attract funni ltgt irrit ltgt lovabl repli
ham,Ok. She'll be ok. I guess,0,25,6,3,ok shell ok guess
ham,aathi..where are you dear..,0,27,4,3,aathiwher dear
ham,Any pain on urination any thing else?,0,37,7,2,pain urin thing els
ham,7 at esplanade.. Do ü mind giving me a lift cos i got no car today..,0,68,16,3,esplanad mind give lift co got car today
ham,I wnt to buy a BMW car urgently..its vry urgent.but hv a shortage of  &lt;#&gt; Lacs.there is no source to arng dis amt. &lt;#&gt; lacs..thats my prob,0,150,27,6,wnt buy bmw car urgentlyit vri urgentbut hv shortag ltgt lacsther sourc arng di amt ltgt lacsthat prob
ham,At home watching tv lor.,0,24,5,2,home watch tv lor
ham,Does she usually take fifteen fucking minutes to respond to a yes or no question,0,80,15,1,usual take fifteen fuck minut respond ye question
spam,Congrats! Nokia 3650 video camera phone is your Call 09066382422 Calls cost 150ppm Ave call 3mins vary from mobiles 16+ Close 300603 post BCM4284 Ldn WC1N3XX,1,157,26,2,congrat nokia video camera phone call call cost ppm ave call min vari mobil close post bcm ldn wc xx
ham,Booked ticket for pongal?,0,25,4,2,book ticket pongal
ham,You available now? I'm like right around hillsborough &amp;  &lt;#&gt; th,0,73,11,2,avail im like right around hillsborough amp ltgt th
ham,The message sent is askin for  &lt;#&gt; dollars. Shoul i pay  &lt;#&gt;  or  &lt;#&gt; ?,0,89,15,3,messag sent askin ltgt dollar shoul pay ltgt ltgt
ham,"Ask g or iouri, I've told the story like ten times already",0,58,12,1,ask iouri ive told stori like ten time alreadi
ham,How long does applebees fucking take,0,36,6,1,long applebe fuck take
ham,"Hi hope u get this txt~journey hasnt been gd,now about 50 mins late I think.",0,76,15,2,hi hope get txtjourney hasnt gdnow min late think
ham,But i have to. I like to have love and arrange.,0,47,11,3,like love arrang
ham,Yes..he is really great..bhaji told kallis best cricketer after sachin in world:).very tough to get out.,0,104,16,5,yesh realli greatbhaji told kalli best cricket sachin worldveri tough get
ham,You were supposed to wake ME up &gt;:(,0,38,8,1,suppos wake gt
ham,Oic... I saw him too but i tot he din c me... I found a group liao...,0,69,17,4,oic saw tot din found group liao
ham,"HEY HEY WERETHE MONKEESPEOPLE SAY WE MONKEYAROUND! HOWDY GORGEOUS, HOWU DOIN? FOUNDURSELF A JOBYET SAUSAGE?LOVE JEN XXX",0,119,17,4,hey hey wereth monkeespeopl say monkeyaround howdi gorgeou howu doin foundurself jobyet sausagelov jen xxx
ham,"Sorry, my battery died, I can come by but I'm only getting a gram for now, where's your place?",0,94,19,2,sorri batteri die come im get gram where place
ham,"Well done, blimey, exercise, yeah, i kinda remember wot that is, hmm.",0,69,12,2,well done blimey exercis yeah kinda rememb wot hmm
ham,I wont get concentration dear you know you are my mind and everything :-),0,73,14,1,wont get concentr dear know mind everyth
ham,LOL ... Have you made plans for new years?,0,42,9,3,lol made plan new year
ham,10 min later k...,0,17,4,2,min later
ham,hanks lotsly!,0,13,2,2,hank lotsli
ham,Thanks for this hope you had a good day today,0,45,10,1,thank hope good day today
ham,K:)k:)what are detail you want to transfer?acc no enough?,0,57,9,3,kkwhat detail want transferacc enough
ham,Ok i will tell her to stay out. Yeah its been tough but we are optimistic things will improve this month.,0,105,21,3,ok tell stay yeah tough optimist thing improv month
spam,"Loan for any purpose £500 - £75,000. Homeowners + Tenants welcome. Have you been previously refused? We can still help. Call Free 0800 1956669 or text back 'help'",1,162,28,5,loan purpos homeown tenant welcom previous refus still help call free text back help
ham,Si si. I think ill go make those oreo truffles.,0,47,10,3,si si think ill go make oreo truffl
ham,"LOOK AT AMY URE A BEAUTIFUL, INTELLIGENT WOMAN AND I LIKE U A LOT. I KNOW U DONT LIKE ME LIKE THAT SO DONT WORRY.",0,115,25,3,look ami ure beauti intellig woman like lot know dont like like dont worri
ham,I hope you that's the result of being consistently intelligent and kind. Start asking him about practicum links and keep your ears open and all the best. ttyl,0,158,28,3,hope that result consist intellig kind start ask practicum link keep ear open best ttyl
ham,"1.20 that call cost. Which i guess isnt bad. Miss ya, need ya, want ya, love ya",0,79,17,4,call cost guess isnt bad miss ya need ya want ya love ya
ham,Going thru a very different feeling.wavering decisions and coping up with the same is the same individual.time will heal everything i believe.,0,142,22,4,go thru differ feelingwav decis cope individualtim heal everyth believ
ham,Where did u go? My phone is gonna die you have to stay in here,0,62,15,2,go phone gon na die stay
ham,Great. Never been better. Each day gives even more reasons to thank God,0,71,13,3,great never better day give even reason thank god
spam,"UpgrdCentre Orange customer, you may now claim your FREE CAMERA PHONE upgrade for your loyalty. Call now on 0207 153 9153. Offer ends 26th July. T&C's apply. Opt-out available",1,175,29,5,upgrdcentr orang custom may claim free camera phone upgrad loyalti call offer end th juli tc appli optout avail
ham,"Sorry, I'll call later ok bye",0,29,6,1,sorri ill call later ok bye
ham,Ok i am on the way to railway,0,29,8,1,ok way railway
ham,great princess! I love giving and receiving oral. Doggy style is my fave position. How about you? I enjoy making love  &lt;#&gt;  times per night :),0,148,26,5,great princess love give receiv oral doggi style fave posit enjoy make love ltgt time per night
ham,They don't put that stuff on the roads to keep it from getting slippery over there?,0,83,16,2,dont put stuff road keep get slipperi
ham,When are you going to ride your bike?,0,37,8,2,go ride bike
ham,"Yup, no need. I'll jus wait 4 e rain 2 stop.",0,44,11,3,yup need ill ju wait rain stop
ham,There are many company. Tell me the language.,0,45,8,3,mani compani tell languag
spam,okmail: Dear Dave this is your final notice to collect your 4* Tenerife Holiday or #5000 CASH award! Call 09061743806 from landline. TCs SAE Box326 CW25WX 150ppm,1,161,27,3,okmail dear dave final notic collect tenerif holiday cash award call landlin tc sae box cw wx ppm
ham,"How long has it been since you screamed, princess?",0,50,9,2,long sinc scream princess
ham,"Nothing. I meant that once the money enters your account here, the bank will remove its flat rate. Someone transfered  &lt;#&gt;  to my account and  &lt;#&gt; dollars got removed. So the banks differ and charges also differ.be sure you trust the 9ja person you are sending account details to cos...",0,298,50,6,noth meant money enter account bank remov flat rate someon transfer ltgt account ltgt dollar got remov bank differ charg also differb sure trust ja person send account detail co
spam,Want 2 get laid tonight? Want real Dogging locations sent direct 2 ur Mob? Join the UK's largest Dogging Network by txting MOAN to 69888Nyt. ec2a. 31p.msg@150p,1,159,27,6,want get laid tonight want real dog locat sent direct ur mob join uk largest dog network txting moan nyt ec
ham,Nice line said by a broken heart- Plz don't cum 1 more times infront of me... Other wise once again I ll trust U... Good 9t:),0,125,26,3,nice line said broken heart plz dont cum time infront wise trust good
ham,Ok I'm gonna head up to usf in like fifteen minutes,0,51,11,1,ok im gon na head usf like fifteen minut
ham,Love you aathi..love u lot..,0,28,5,3,love aathilov lot
ham,Tension ah?what machi?any problem?,0,34,4,4,tension ahwhat machiani problem
ham,"K, can I pick up another 8th when you're done?",0,46,10,2,pick anoth th your done
ham,When're you guys getting back? G said you were thinking about not staying for mcr,0,81,15,2,whenr guy get back said think stay mcr
ham,"Almost there, see u in a sec",0,28,7,1,almost see sec
ham,"Yo carlos, a few friends are already asking me about you, you working at all this weekend?",0,90,17,2,yo carlo friend alreadi ask work weekend
ham,Watching tv lor...,0,18,3,2,watch tv lor
ham,Thank you baby! I cant wait to taste the real thing...,0,54,11,3,thank babi cant wait tast real thing
ham,You should change your fb to jaykwon thuglyfe falconerf,0,55,9,1,chang fb jaykwon thuglyf falconerf
ham,If we win its really no 1 side for long time.,0,45,11,2,win realli side long time
spam,"FREE MESSAGE Activate your 500 FREE Text Messages by replying to this message with the word FREE For terms & conditions, visit www.07781482378.com",1,146,23,3,free messag activ free text messag repli messag word free term condit visit
ham,Dear reached railway. What happen to you,0,40,7,2,dear reach railway happen
ham,"Depends on quality. If you want the type i sent boye, faded glory, then about 6. If you want ralphs maybe 2",0,107,22,3,depend qualiti want type sent boy fade glori want ralph mayb
ham,I think i've fixed it can you send a test message?,0,50,11,2,think ive fix send test messag
ham,"Sorry man my account's dry or I would, if you want we could trade back half or I could buy some shit with my credit card",0,120,26,1,sorri man account dri would want could trade back half could buy shit credit card
ham,"Sorry,in meeting I'll call later",0,32,5,1,sorryin meet ill call later
ham,What class of  &lt;#&gt;  reunion?,0,34,5,2,class ltgt reunion
ham,Are you free now?can i call now?,0,32,7,3,free nowcan call
ham,Got meh... When?,0,16,3,3,got meh
ham,Nope... Think i will go for it on monday... Sorry i replied so late,0,67,14,3,nope think go monday sorri repli late
ham,Some of them told accenture is not confirm. Is it true.,0,55,11,3,told accentur confirm true
ham,"Kate jackson rec center before 7ish, right?",0,43,7,2,kate jackson rec center ish right
ham,Dear i have reache room,0,23,5,1,dear reach room
ham,"Fighting with the world is easy, u either win or lose bt fightng with some1 who is close to u is dificult if u lose - u lose if u win - u still lose.",0,149,35,2,fight world easi either win lose bt fightng close dificult lose lose win still lose
ham,When can ü come out?,0,20,5,2,come
ham,Check with nuerologist.,0,23,3,2,check nuerologist
ham,Lolnice. I went from a fish to ..water.?,0,40,8,4,lolnic went fish water
spam,+123 Congratulations - in this week's competition draw u have won the £1450 prize to claim just call 09050002311 b4280703. T&Cs/stop SMS 08718727868. Over 18 only 150ppm,1,169,27,3,congratul week competit draw prize claim call tcsstop sm ppm
ham,No it's waiting in e car dat's bored wat. Cos wait outside got nothing 2 do. At home can do my stuff or watch tv wat.,0,117,26,4,wait car dat bore wat co wait outsid got noth home stuff watch tv wat
ham,"Maybe westshore or hyde park village, the place near my house?",0,62,11,2,mayb westshor hyde park villag place near hous
ham,You should know now. So how's anthony. Are you bringing money. I've school fees to pay and rent and stuff like that. Thats why i need your help. A friend in need....|,0,166,32,7,know how anthoni bring money ive school fee pay rent stuff like that need help friend need
ham,What's the significance?,0,24,3,2,what signific
ham,Your opinion about me? 1. Over 2. Jada 3. Kusruthi 4. Lovable 5. Silent 6. Spl character 7. Not matured 8. Stylish 9. Simple Pls reply..,0,136,26,12,opinion jada kusruthi lovabl silent spl charact matur stylish simpl pl repli
ham,"8 at the latest, g's still there if you can scrounge up some ammo and want to give the new ak a try",0,99,23,1,latest g still scroung ammo want give new ak tri
ham,Prabha..i'm soryda..realy..frm heart i'm sory,0,45,5,4,prabhaim sorydarealyfrm heart im sori
ham,Lol ok your forgiven :),0,23,5,1,lol ok forgiven
ham,No..jst change tat only..,0,25,4,3,nojst chang tat
spam,"You are guaranteed the latest Nokia Phone, a 40GB iPod MP3 player or a £500 prize! Txt word: COLLECT to No: 83355! IBHltd LdnW15H 150p/Mtmsgrcvd18+",1,147,25,3,guarante latest nokia phone gb ipod mp player prize txt word collect ibhltd ldnw pmtmsgrcvd
ham,S:)no competition for him.,0,26,4,2,sno competit
spam,Boltblue tones for 150p Reply POLY# or MONO# eg POLY3 1. Cha Cha Slide 2. Yeah 3. Slow Jamz 6. Toxic 8. Come With Me or STOP 4 more tones txt MORE,1,146,32,6,boltblu tone repli poli mono eg poli cha cha slide yeah slow jamz toxic come stop tone txt
spam,Your credits have been topped up for http://www.bubbletext.com Your renewal Pin is tgxxrz,1,89,13,3,credit top renew pin tgxxrz
ham,"That way transport is less problematic than on sat night. By the way, if u want to ask  n  to join my bday, feel free. But need to know definite nos as booking on fri.",0,167,35,4,way transport less problemat sat night way want ask join bday feel free need know definit no book fri
ham,Usually the person is unconscious that's in children but in adults they may just behave abnormally. I.ll call you now,0,117,20,3,usual person unconsci that child adult may behav abnorm ill call
ham,But that's on ebay it might be less elsewhere.,0,46,9,2,that ebay might less elsewher
ham,Shall i come to get pickle,0,26,6,1,shall come get pickl
ham,Were gonna go get some tacos,0,28,6,1,gon na go get taco
ham,"That's very rude, you on campus?",0,32,6,2,that rude campu
spam,"URGENT!: Your Mobile No. was awarded a £2,000 Bonus Caller Prize on 02/09/03! This is our 2nd attempt to contact YOU! Call 0871-872-9755 BOX95QU",1,144,24,5,urgent mobil award bonu caller prize nd attempt contact call box qu
ham,Hi i won't b ard 4 christmas. But do enjoy n merry x'mas.,0,57,13,3,hi wont ard christma enjoy merri xma
spam,"Today's Offer! Claim ur £150 worth of discount vouchers! Text YES to 85023 now! SavaMob, member offers mobile! T Cs 08717898035. £3.00 Sub. 16 . Unsub reply X",1,158,28,9,today offer claim ur worth discount voucher text ye savamob member offer mobil c sub unsub repli
ham,Yes! How is a pretty lady like you single?,0,42,9,3,ye pretti ladi like singl
spam,You will recieve your tone within the next 24hrs. For Terms and conditions please see Channel U Teletext Pg 750,1,111,20,2,reciev tone within next hr term condit pleas see channel teletext pg
ham,Jay says that you're a double-faggot,0,36,6,1,jay say your doublefaggot
spam,PRIVATE! Your 2003 Account Statement for 07815296484 shows 800 un-redeemed S.I.M. points. Call 08718738001 Identifier Code 41782 Expires 18/11/04,1,145,19,6,privat account statement show unredeem sim point call identifi code expir
ham,What Today-sunday..sunday is holiday..so no work..,0,50,6,4,todaysundaysunday holidayso work
ham,I'll be late...,0,15,3,2,ill late
ham,"I've not called you in a while. This is hoping it was l8r malaria and that you know that we miss you guys. I miss Bani big, so pls give her my love especially. Have a great day.",0,177,38,5,ive call hope malaria know miss guy miss ban big pl give love especi great day
ham,"Good afternoon, my love! How goes that day ? I hope maybe you got some leads on a job. I think of you, boytoy and send you a passionate kiss from across the sea",0,160,34,4,good afternoon love go day hope mayb got lead job think boytoy send passion kiss across sea
ham,"Probably gonna be here for a while, see you later tonight &lt;)",0,63,12,1,probabl gon na see later tonight lt
ham,Or maybe my fat fingers just press all these buttons and it doesn't know what to do.,0,84,17,2,mayb fat finger press button doesnt know
ham,Ummmmmaah Many many happy returns of d day my dear sweet heart.. HAPPY BIRTHDAY dear,0,84,15,2,ummmmmaah mani mani happi return day dear sweet heart happi birthday dear
ham,"I am in tirupur da, once you started from office call me.",0,57,12,2,tirupur da start offic call
spam,from www.Applausestore.com MonthlySubscription@50p/msg max6/month T&CsC web age16 2stop txt stop,1,96,10,3,max month tcsc web age stop txt stop
ham,"A famous quote : when you develop the ability to listen to 'anything' unconditionally without losing your temper or self confidence, it means you are ......... 'MARRIED'",0,169,27,2,famou quot develop abil listen anyth uncondit without lose temper self confid mean marri
ham,But am going to college pa. What to do. are else ill come there it self. Pa.,0,76,17,5,go colleg pa els ill come self pa
ham,4 oclock at mine. Just to bash out a flat plan.,0,47,11,3,oclock mine bash flat plan
ham,This girl does not stay in bed. This girl doesn't need recovery time. Id rather pass out while having fun then be cooped up in bed,0,130,26,3,girl stay bed girl doesnt need recoveri time id rather pa fun coop bed
ham,Then any special there?,0,23,4,2,special
ham,I know but you need to get hotel now. I just got my invitation but i had to apologise. Cali is to sweet for me to come to some english bloke's weddin,0,149,32,3,know need get hotel got invit apologis cali sweet come english bloke weddin
ham,"Sorry that took so long, omw now",0,32,7,1,sorri took long omw
ham,Wait  &lt;#&gt;  min..,0,22,3,2,wait ltgt min
ham,Ok give me 5 minutes I think I see her. BTW you're my alibi. You were cutting my hair the whole time.,0,101,22,4,ok give minut think see btw your alibi cut hair whole time
ham,"Imagine you finally get to sink into that bath after I have put you through your paces, maybe even having you eat me for a while before I left ... But also imagine the feel of that cage on your cock surrounded by the bath water, reminding you always who owns you ... Enjoy, my cuck",0,281,56,3,imagin final get sink bath put pace mayb even eat left also imagin feel cage cock surround bath water remind alway own enjoy cuck
ham,"Hurry up, I've been weed-deficient for like three days",0,54,9,1,hurri ive weeddefici like three day
ham,"Sure, if I get an acknowledgement from you that it's astoundingly tactless and generally faggy to demand a blood oath fo",0,120,21,1,sure get acknowledg astoundingli tactless gener faggi demand blood oath fo
ham,Ok. Every night take a warm bath drink a cup of milk and you'll see a work of magic. You still need to loose weight. Just so that you know,0,138,30,4,ok everi night take warm bath drink cup milk youll see work magic still need loos weight know
ham,I‘ll have a look at the frying pan in case it‘s cheap or a book perhaps. No that‘s silly a frying pan isn‘t likely to be a book,0,127,28,2,look fri pan case cheap book perhap silli fri pan like book
ham,O. Well uv causes mutations. Sunscreen is like essential thesedays,0,66,10,3,well uv caus mutat sunscreen like essenti theseday
ham,Having lunch:)you are not in online?why?,0,40,6,3,lunchyou onlinewhi
ham,I know that my friend already told that.,0,40,8,2,know friend alreadi told
ham,Hi Princess! Thank you for the pics. You are very pretty. How are you?,0,70,14,5,hi princess thank pic pretti
ham,"Aiyo... U always c our ex one... I dunno abt mei, she haven reply... First time u reply so fast... Y so lucky not workin huh, got bao by ur sugardad ah...gee..",0,159,32,7,aiyo alway ex one dunno abt mei repli first time repli fast lucki workin huh got bao ur sugardad ahge
ham,Hi msg me:)i'm in office..,0,26,5,2,hi msg meim offic
ham,Thanx 4 e brownie it's v nice...,0,32,7,2,thanx browni nice
ham,Geeeee ... I love you so much I can barely stand it,0,51,12,2,geeeee love much bare stand
ham,"Fuck babe ... I miss you already, you know ? Can't you let me send you some money towards your net ? I need you ... I want you ... I crave you ...",0,146,34,7,fuck babe miss alreadi know cant let send money toward net need want crave
ham,"Ill call u 2mrw at ninish, with my address that icky American freek wont stop callin me 2 bad Jen k eh?",0,103,22,2,ill call mrw ninish address icki american freek wont stop callin bad jen eh
ham,Oooh bed ridden ey? What are YOU thinking of?,0,45,9,3,oooh bed ridden ey think
ham,"So anyways, you can just go to your gym or whatever, my love *smiles* I hope your ok and having a good day babe ... I miss you so much already",0,142,31,2,anyway go gym whatev love smile hope ok good day babe miss much alreadi
ham,Love it! Daddy will make you scream with pleasure! I am going to slap your ass with my dick!,0,92,19,4,love daddi make scream pleasur go slap as dick
ham,WOT U WANNA DO THEN MISSY?,0,26,6,2,wot wan na missi
ham,Yar lor wait 4 my mum 2 finish sch then have lunch lor... I whole morning stay at home clean my room now my room quite clean... Hee...,0,134,28,4,yar lor wait mum finish sch lunch lor whole morn stay home clean room room quit clean hee
ham,Do you know where my lab goggles went,0,37,8,1,know lab goggl went
ham,Can you open the door?,0,22,5,2,open door
ham,Waiting for your call.,0,22,4,2,wait call
ham,Nope i waiting in sch 4 daddy...,0,32,7,2,nope wait sch daddi
spam,"You have won ?1,000 cash or a ?2,000 prize! To claim, call09050000327",1,69,12,4,cash prize claim call
ham,"I'm tired of arguing with you about this week after week. Do what you want and from now on, i'll do the same.",0,109,23,3,im tire argu week week want ill
ham,Ü wait 4 me in sch i finish ard 5..,0,35,10,2,wait sch finish ard
spam,"our mobile number has won £5000, to claim calls us back or ring the claims hot line on 09050005321.",1,99,19,2,mobil number claim call u back ring claim hot line
ham,"Arngd marriage is while u r walkin unfortuntly a snake bites u. bt love marriage is dancing in frnt of d snake &amp; sayin Bite me, bite me.",0,140,28,3,arngd marriag walkin unfortuntli snake bite bt love marriag danc frnt snake amp sayin bite bite
ham,Huh so early.. Then ü having dinner outside izzit?,0,50,9,3,huh earli dinner outsid izzit
ham,Ok anyway no need to change with what you said,0,46,10,1,ok anyway need chang said
spam,We tried to contact you re your reply to our offer of 750 mins 150 textand a new video phone call 08002988890 now or reply for free delivery tomorrow,1,149,29,1,tri contact repli offer min textand new video phone call repli free deliveri tomorrow
ham,my ex-wife was not able to have kids. Do you want kids one day?,0,63,14,3,exwif abl kid want kid one day
ham,So how's scotland. Hope you are not over showing your JJC tendencies. Take care. Live the dream,0,95,17,4,how scotland hope show jjc tendenc take care live dream
ham,Tell them u have a headache and just want to use 1 hour of sick time.,0,69,16,2,tell headach want use hour sick time
ham,"I dun thk i'll quit yet... Hmmm, can go jazz ? Yogasana oso can... We can go meet em after our lessons den...",0,109,23,5,dun thk ill quit yet hmmm go jazz yogasana oso go meet em lesson den
ham,Pete can you please ring meive hardly gotany credit,0,51,9,1,pete pleas ring meiv hardli gotani credit
ham,Ya srsly better than yi tho,0,27,6,1,ya srsli better yi tho
ham,"I'm in a meeting, call me later at",0,34,8,1,im meet call later
spam,"For ur chance to win a £250 wkly shopping spree TXT: SHOP to 80878. T's&C's www.txt-2-shop.com custcare 08715705022, 1x150p/wk",1,126,19,4,ur chanc win wkli shop spree txt shop tsc custcar pwk
spam,You have been specially selected to receive a 2000 pound award! Call 08712402050 BEFORE the lines close. Cost 10ppm. 16+. T&Cs apply. AG Promo,1,142,24,6,special select receiv pound award call line close cost ppm tc appli ag promo
spam,PRIVATE! Your 2003 Account Statement for 07753741225 shows 800 un-redeemed S. I. M. points. Call 08715203677 Identifier Code: 42478 Expires 24/10/04,1,148,21,6,privat account statement show unredeem point call identifi code expir
ham,You still at grand prix?,0,24,5,2,still grand prix
ham,"I met you as a stranger and choose you as my friend. As long as the world stands, our friendship never ends. Lets be Friends forever!!! Gud nitz...",0,147,28,5,met stranger choos friend long world stand friendship never end let friend forev gud nitz
ham,I am great! How are you?,0,24,6,3,great
ham,Gud mrng dear have a nice day,0,29,7,1,gud mrng dear nice day
spam,You have an important customer service announcement. Call FREEPHONE 0800 542 0825 now!,1,86,13,3,import custom servic announc call freephon
ham,Will do. Was exhausted on train this morning. Too much wine and pie. You sleep well too,0,87,17,4,exhaust train morn much wine pie sleep well
ham,I'm going out to buy mum's present ar.,0,38,8,2,im go buy mum present ar
ham,Mind blastin.. No more Tsunamis will occur from now on.. Rajnikant stopped swimming in Indian Ocean..:-D,0,104,16,4,mind blastin tsunami occur rajnik stop swim indian oceand
ham,If u sending her home first it's ok lor. I'm not ready yet.,0,59,13,3,send home first ok lor im readi yet
ham,Speaking of does he have any cash yet?,0,38,8,2,speak cash yet
ham,Be happy there. I will come after noon,0,38,8,2,happi come noon
ham,Meet after lunch la...,0,22,4,2,meet lunch la
ham,TaKe CaRE n gET WeLL sOOn,0,25,6,1,take care get well soon
spam,XCLUSIVE@CLUBSAISAI 2MOROW 28/5 SOIREE SPECIALE ZOUK WITH NICHOLS FROM PARIS.FREE ROSES 2 ALL LADIES !!! info: 07946746291/07880867867,1,134,17,3,morow soire special zouk nichol parisfre rose ladi info
ham,what I meant to say is cant wait to see u again getting bored of this bridgwater banter,0,87,18,1,meant say cant wait see get bore bridgwat banter
ham,Neva mind it's ok..,0,19,4,2,neva mind ok
ham,"It's fine, imma get a drink or somethin. Want me to come find you?",0,66,14,3,fine imma get drink somethin want come find
spam,22 days to kick off! For Euro2004 U will be kept up to date with the latest news and results daily. To be removed send GET TXT STOP to 83222,1,140,30,3,day kick euro kept date latest news result daili remov send get txt stop
ham,Its a valentine game. . . Send dis msg to all ur friends. .. If 5 answers r d same then someone really loves u. Ques- which colour suits me the best?rply me,0,156,33,8,valentin game send di msg ur friend answer someon realli love que colour suit bestrpli
ham,I have many dependents,0,22,4,1,mani depend
ham,THANX4 TODAY CER IT WAS NICE 2 CATCH UP BUT WE AVE 2 FIND MORE TIME MORE OFTEN OH WELL TAKE CARE C U SOON.C,0,107,25,2,thanx today cer nice catch ave find time often oh well take care soonc
ham,I called and said all to him:)then he have to choose this future.,0,65,13,2,call said himthen choos futur
ham,Happy valentines day I know its early but i have hundreds of handsomes and beauties to wish. So i thought to finish off aunties and uncles 1st...,0,145,27,3,happi valentin day know earli hundr handsom beauti wish thought finish aunti uncl st
ham,He like not v shock leh. Cos telling shuhui is like telling leona also. Like dat almost all know liao. He got ask me abt ur reaction lor.,0,137,28,5,like shock leh co tell shuhui like tell leona also like dat almost know liao got ask abt ur reaction lor
ham,For my family happiness..,0,25,4,2,famili happi
ham,I come n pick ü up... Come out immediately aft ur lesson...,0,59,12,3,come pick come immedi aft ur lesson
ham,Let there be snow. Let there be snow. This kind of weather brings ppl together so friendships can grow.,0,103,19,4,let snow let snow kind weather bring ppl togeth friendship grow
ham,Dear we got  &lt;#&gt;  dollars hi hi,0,37,7,1,dear got ltgt dollar hi hi
ham,Good words.... But words may leave u in dismay many times.,0,58,11,3,good word word may leav dismay mani time
ham,MAKE SURE ALEX KNOWS HIS BIRTHDAY IS OVER IN FIFTEEN MINUTES AS FAR AS YOU'RE CONCERNED,0,87,16,1,make sure alex know birthday fifteen minut far your concern
ham,"sorry, no, have got few things to do. may be in pub later.",0,58,13,3,sorri got thing may pub later
ham,"Nah it's straight, if you can just bring bud or drinks or something that's actually a little more useful than straight cash",0,123,22,1,nah straight bring bud drink someth that actual littl use straight cash
ham,"Haha good to hear, I'm officially paid and on the market for an 8th",0,67,14,1,haha good hear im offici paid market th
ham,How many licks does it take to get to the center of a tootsie pop?,0,66,15,2,mani lick take get center tootsi pop
ham,Yup i thk they r e teacher said that will make my face look longer. Darren ask me not 2 cut too short.,0,102,23,3,yup thk teacher said make face look longer darren ask cut short
spam,New TEXTBUDDY Chat 2 horny guys in ur area 4 just 25p Free 2 receive Search postcode or at gaytextbuddy.com. TXT ONE name to 89693,1,130,25,3,new textbuddi chat horni guy ur area free receiv search postcod gaytextbuddycom txt one name
spam,Todays Vodafone numbers ending with 4882 are selected to a receive a £350 award. If your number matches call 09064019014 to receive your £350 award.,1,148,25,3,today vodafon number end select receiv award number match call receiv award
ham,Please dont say like that. Hi hi hi,0,35,8,2,pleas dont say like hi hi hi
ham,Thank u!,0,8,2,2,thank
ham,Oh that was a forwarded message. I thought you send that to me,0,62,13,2,oh forward messag thought send
ham,Got it. Seventeen pounds for seven hundred ml – hope ok.,0,56,11,3,got seventeen pound seven hundr ml hope ok
spam,"Dear Voucher Holder, 2 claim this weeks offer, at your PC go to http://www.e-tlp.co.uk/expressoffer Ts&Cs apply.2 stop texts txt STOP to 80062.",1,143,22,6,dear voucher holder claim week offer pc go tsc appli stop text txt stop
ham,Me n him so funny...,0,20,5,2,funni
ham,"Sweetheart, hope you are not having that kind of day! Have one with loads of reasons to smile. Biola",0,100,19,3,sweetheart hope kind day one load reason smile biola
ham,When ü login dat time... Dad fetching ü home now?,0,49,10,3,login dat time dad fetch home
ham,"What will we do in the shower, baby?",0,36,8,2,shower babi
ham,I had askd u a question some hours before. Its answer,0,53,11,2,askd question hour answer
ham,"Well imma definitely need to restock before thanksgiving, I'll let you know when I'm out",0,88,15,1,well imma definit need restock thanksgiv ill let know im
ham,"said kiss, kiss, i can't do the sound effects! He is a gorgeous man isn't he! Kind of person who needs a smile to brighten his day!",0,131,27,4,said kiss kiss cant sound effect gorgeou man isnt kind person need smile brighten day
ham,Probably gonna swing by in a wee bit,0,36,8,1,probabl gon na swing wee bit
ham,Ya very nice. . .be ready on thursday,0,37,8,4,ya nice readi thursday
ham,Allo! We have braved the buses and taken on the trains and triumphed. I mean we‘re in b‘ham. Have a jolly good rest of week,0,123,25,4,allo brave bu taken train triumph mean ham jolli good rest week
ham,"Watching cartoon, listening music &amp; at eve had to go temple &amp; church.. What about u?",0,92,16,3,watch cartoon listen music amp eve go templ amp church
ham,Do you mind if I ask what happened? You dont have to say if it is uncomfortable.,0,80,17,3,mind ask happen dont say uncomfort
spam,PRIVATE! Your 2003 Account Statement for shows 800 un-redeemed S. I. M. points. Call 08715203694 Identifier Code: 40533 Expires 31/10/04,1,136,20,6,privat account statement show unredeem point call identifi code expir
ham,No prob. I will send to your email.,0,35,8,3,prob send email
spam,"You have won ?1,000 cash or a ?2,000 prize! To claim, call09050000327. T&C: RSTM, SW7 3SS. 150ppm",1,97,17,6,cash prize claim call tc rstm sw s ppm
ham,Thats cool! Sometimes slow and gentle. Sonetimes rough and hard :),0,66,11,3,that cool sometim slow gentl sonetim rough hard
ham,I'm gonna say no. Sorry. I would but as normal am starting to panic about time. Sorry again! Are you seeing on Tuesday?,0,119,23,6,im gon na say sorri would normal start panic time sorri see tuesday
ham,"Wait, do you know if wesleys in town? I bet she does hella drugs!",0,65,14,3,wait know wesley town bet hella drug
ham,Fine i miss you very much.,0,26,6,2,fine miss much
ham,Tell them the drug dealer's getting impatient,0,45,7,1,tell drug dealer get impati
ham,"Sun cant come to earth but send luv as rays. cloud cant come to river but send luv as rain. I cant come to meet U, but can send my care as msg to U. Gud evng",0,157,37,4,sun cant come earth send luv ray cloud cant come river send luv rain cant come meet send care msg gud evng
ham,"It doesnt make sense to take it there unless its free. If you need to know more, wikipedia.com",0,94,18,3,doesnt make sens take unless free need know wikipediacom
spam,88800 and 89034 are premium phone services call 08718711108,1,59,9,1,premium phone servic call
ham,"Under the sea, there lays a rock. In the rock, there is an envelope. In the envelope, there is a paper. On the paper, there are 3 words... '",0,140,29,5,sea lay rock rock envelop envelop paper paper word
ham,Then mum's repent how?,0,22,4,2,mum repent
ham,Sorry me going home first... Daddy come fetch ü later...,0,56,10,3,sorri go home first daddi come fetch later
ham,Leave it de:-). Start Prepare for next:-)..,0,43,7,3,leav de start prepar next
ham,Yes baby! We can study all the positions of the kama sutra ;),0,61,13,2,ye babi studi posit kama sutra
ham,En chikku nange bakra msg kalstiya..then had tea/coffee?,0,56,8,3,en chikku nang bakra msg kalstiyathen teacoffe
ham,Carlos'll be here in a minute if you still need to buy,0,54,12,1,carlosl minut still need buy
ham,This pay is  &lt;DECIMAL&gt;  lakhs:),0,37,5,1,pay ltdecimalgt lakh
ham,Have a good evening! Ttyl,0,25,5,2,good even ttyl
ham,Did u receive my msg?,0,21,5,2,receiv msg
ham,Ho ho - big belly laugh! See ya tomo,0,36,9,2,ho ho big belli laugh see ya tomo
spam,"SMS. ac sun0819 posts HELLO:""You seem cool, wanted to say hi. HI!!!"" Stop? Send STOP to 62468",1,93,17,5,sm ac sun post helloy seem cool want say hi hi stop send stop
spam,Get ur 1st RINGTONE FREE NOW! Reply to this msg with TONE. Gr8 TOP 20 tones to your phone every week just £1.50 per wk 2 opt out send STOP 08452810071 16,1,153,32,4,get ur st rington free repli msg tone gr top tone phone everi week per wk opt send stop
ham,"Ditto. And you won't have to worry about me saying ANYTHING to you anymore. Like i said last night, you do whatever you want and i'll do the same. Peace.",0,153,30,5,ditto wont worri say anyth anymor like said last night whatev want ill peac
ham,"I've got  &lt;#&gt; , any way I could pick up?",0,46,10,2,ive got ltgt way could pick
ham,"I dont knw pa, i just drink milk..",0,34,8,2,dont knw pa drink milk
ham,Maybe?! Say hi to  and find out if  got his card. Great escape or wetherspoons?,0,79,15,4,mayb say hi find got card great escap wetherspoon
ham,"Piggy, r u awake? I bet u're still sleeping. I'm going 4 lunch now...",0,69,14,4,piggi awak bet ure still sleep im go lunch
ham,Cause I'm not freaky lol,0,24,5,1,caus im freaki lol
ham,Missed your call cause I was yelling at scrappy. Miss u. Can't wait for u to come home. I'm so lonely today.,0,108,22,5,miss call caus yell scrappi miss cant wait come home im lone today
ham,What is this 'hex' place you talk of? Explain!,0,46,9,3,hex place talk explain
ham,Ü log off 4 wat. It's sdryb8i,0,29,7,2,log wat sdryb
ham,Is xy going 4 e lunch?,0,22,6,2,xy go lunch
spam,Hi I'm sue. I am 20 years old and work as a lapdancer. I love sex. Text me live - I'm i my bedroom now. text SUE to 89555. By TextOperator G2 1DA 150ppmsg 18+,1,158,35,6,hi im sue year old work lapdanc love sex text live im bedroom text sue textoper da ppmsg
ham,I wanted to ask ü to wait 4 me to finish lect. Cos my lect finishes in an hour anyway.,0,86,20,3,want ask wait finish lect co lect finish hour anyway
ham,Have you finished work yet? :),0,30,6,2,finish work yet
ham,"Every King Was Once A Crying Baby And Every Great Building Was Once A Map.. Not Imprtant Where U r TODAY, BUT Where U Wil Reach TOMORW. Gud ni8",0,143,29,3,everi king cri babi everi great build map imprtant today wil reach tomorw gud ni
ham,"Dear,Me at cherthala.in case u r coming cochin pls call bfore u start.i shall also reach accordingly.or tell me which day u r coming.tmorow i am engaged ans its holiday.",0,169,30,6,dearm cherthalain case come cochin pl call bfore starti shall also reach accordinglyor tell day comingtmorow engag an holiday
ham,Thanks love. But am i doing torch or bold.,0,42,9,3,thank love torch bold
spam,<Forwarded from 448712404000>Please CALL 08712404000 immediately as there is an urgent message waiting for you.,1,111,15,2,pleas call immedi urgent messag wait
ham,Was the farm open?,0,18,4,2,farm open
ham,"Sorry to trouble u again. Can buy 4d for my dad again? 1405, 1680, 1843. All 2 big 1 small, sat n sun. Thanx.",0,109,24,6,sorri troubl buy dad big small sat sun thanx
ham,"My sister in law, hope you are having a great month. Just saying hey. Abiola",0,76,15,3,sister law hope great month say hey abiola
ham,Will purchase d stuff today and mail to you. Do you have a po box number?,0,73,16,3,purchas stuff today mail po box number
ham,Ah poop. Looks like ill prob have to send in my laptop to get fixed cuz it has a gpu problem,0,92,21,2,ah poop look like ill prob send laptop get fix cuz gpu problem
ham,Good. Good job. I like entrepreneurs,0,36,6,3,good good job like entrepreneur
ham,"Aight, you close by or still down around alex's place?",0,54,10,2,aight close still around alex place
ham,meet you in corporation st outside gap … you can see how my mind is working!,0,76,16,2,meet corpor st outsid gap see mind work
ham,Mum ask ü to buy food home...,0,29,7,2,mum ask buy food home
ham,K..u also dont msg or reply to his msg..,0,40,9,3,ku also dont msg repli msg
ham,How much r ü willing to pay?,0,28,7,2,much will pay
ham,What is important is that you prevent dehydration by giving her enough fluids,0,77,13,1,import prevent dehydr give enough fluid
ham,"Thats a bit weird, even ?- where is the do supposed to be happening? But good idea, sure they will be in pub!",0,109,23,4,that bit weird even suppos happen good idea sure pub
ham,True dear..i sat to pray evening and felt so.so i sms'd you in some time...,0,75,15,4,true deari sat pray even felt soso smsd time
ham,"I don't think I can get away for a trek that long with family in town, sorry",0,76,17,1,dont think get away trek long famili town sorri
ham,So when do you wanna gym harri,0,30,7,1,wan na gym harri
ham,Quite late lar... Ard 12 anyway i wun b drivin...,0,49,10,3,quit late lar ard anyway wun drivin
spam,"To review and KEEP the fantastic Nokia N-Gage game deck with Club Nokia, go 2 www.cnupdates.com/newsletter. unsubscribe from alerts reply with the word OUT",1,155,24,4,review keep fantast nokia ngage game deck club nokia go unsubscrib alert repli word
spam,4mths half price Orange line rental & latest camera phones 4 FREE. Had your phone 11mths+? Call MobilesDirect free on 08000938767 to update now! or2stoptxt T&Cs,1,160,26,4,mth half price orang line rental latest camera phone free phone mth call mobilesdirect free updat stoptxt tc
ham,"Height of Confidence: All the Aeronautics professors wer calld &amp; they wer askd 2 sit in an aeroplane. Aftr they sat they wer told dat the plane ws made by their students. Dey all hurried out of d plane.. Bt only 1 didnt move... He said:""if it is made by my students,this wont even start........ Datz confidence..",0,316,57,7,height confid aeronaut professor wer calld amp wer askd sit aeroplan aftr sat wer told dat plane w made student dey hurri plane bt didnt move saidif made studentsthi wont even start datz confid
ham,It just seems like weird timing that the night that all you and g want is for me to come smoke is the same day as when a shitstorm is attributed to me always coming over and making everyone smoke,0,195,40,1,seem like weird time night want come smoke day shitstorm attribut alway come make everyon smoke
spam,08714712388 between 10am-7pm Cost 10p,1,37,5,1,pm cost
ham,"Save yourself the stress. If the person has a dorm account, just send your account details and the money will be sent to you.",0,125,24,3,save stress person dorm account send account detail money sent
ham,He also knows about lunch menu only da. . I know,0,48,11,3,also know lunch menu da know
ham,When i have stuff to sell i.ll tell you,0,39,9,2,stuff sell ill tell
spam,+449071512431 URGENT! This is the 2nd attempt to contact U!U have WON £1250 CALL 09071512433 b4 050703 T&CsBCM4235WC1N3XX. callcost 150ppm mobilesvary. max£7. 50,1,161,23,6,urgent nd attempt contact uu call tcsbcm wc xx callcost ppm mobilesvari max£
ham,Book which lesson? then you msg me... I will call up after work or sth... I'm going to get specs. My membership is PX3748,0,121,24,5,book lesson msg call work sth im go get spec membership px
spam,You have WON a guaranteed £1000 cash or a £2000 prize. To claim yr prize call our customer service representative on 08714712394 between 10am-7pm,1,145,24,2,guarante cash prize claim yr prize call custom servic repres pm
ham,Macha dont feel upset.i can assume your mindset.believe me one evening with me and i have some wonderful plans for both of us.LET LIFE BEGIN AGAIN.call me anytime,0,162,28,5,macha dont feel upseti assum mindsetbeliev one even wonder plan uslet life begin againcal anytim
ham,Oh is it? Send me the address,0,29,7,2,oh send address
ham,S'fine. Anytime. All the best with it.,0,38,7,4,sfine anytim best
ham,That is wondar full flim.,0,25,5,2,wondar full flim
ham,Ya even those cookies have jelly on them,0,40,8,1,ya even cooki jelli
ham,"The world is running and i am still.maybe all are feeling the same,so be it.or i have to admit,i am mad.then where is the correction?or let me call this is life.and keep running with the world,may be u r also running.lets run.",0,226,42,8,world run stillmayb feel sameso itor admiti madthen correctionor let call lifeand keep run worldmay also runninglet run
ham,Got it! It looks scrumptious... daddy wants to eat you all night long!,0,70,13,4,got look scrumptiou daddi want eat night long
ham,Of cos can lar i'm not so ba dao ok... 1 pm lor... Y u never ask where we go ah... I said u would ask on fri but he said u will ask today...,0,140,35,5,co lar im ba dao ok pm lor never ask go ah said would ask fri said ask today
ham,"Alright omw, gotta change my order to a half8th",0,47,9,1,alright omw got ta chang order half th
ham,Exactly. Anyways how far. Is jide her to study or just visiting,0,63,12,3,exactli anyway far jide studi visit
ham,Dunno y u ask me.,0,17,5,2,dunno ask
spam,Email AlertFrom: Jeri StewartSize: 2KBSubject: Low-cost prescripiton drvgsTo listen to email call 123,1,101,13,1,email alertfrom jeri stewarts kbsubject lowcost prescripiton drvgsto listen email call
ham,No he didn't. Spring is coming early yay!,0,41,8,3,didnt spring come earli yay
ham,Lol you won't feel bad when I use her money to take you out to a steak dinner =D,0,80,19,1,lol wont feel bad use money take steak dinner
ham,Even u dont get in trouble while convincing..just tel him once or twice and just tel neglect his msgs dont c and read it..just dont reply,0,137,26,3,even dont get troubl convincingjust tel twice tel neglect msg dont read itjust dont repli
ham,Leaving to qatar tonite in search of an opportunity.all went fast.pls add me in ur prayers dear.Rakhesh,0,103,17,4,leav qatar tonit search opportunityal went fastpl add ur prayer dearrakhesh
ham,Then why no one talking to me,0,29,7,1,one talk
ham,Thanks for looking out for me. I really appreciate.,0,51,9,3,thank look realli appreci
spam,Hi. Customer Loyalty Offer:The NEW Nokia6650 Mobile from ONLY £10 at TXTAUCTION! Txt word: START to No: 81151 & get yours Now! 4T&Ctxt TC 150p/MTmsg,1,148,25,4,hi custom loyalti offerth new nokia mobil txtauction txt word start get tctxt tc pmtmsg
ham,Wish i were with you now!,0,25,6,2,wish
ham,Haha mayb u're rite... U know me well. Da feeling of being liked by someone is gd lor. U faster go find one then all gals in our group attached liao.,0,149,31,5,haha mayb ure rite know well da feel like someon gd lor faster go find one gal group attach liao
ham,Yes i will be there. Glad you made it.,0,38,9,3,ye glad made
ham,Do well :)all will for little time. Thing of good times ahead:,0,62,12,2,well littl time thing good time ahead
ham,Just got up. have to be out of the room very soon. …. i hadn't put the clocks back til at 8 i shouted at everyone to get up and then realised it was 7. wahay. another hour in bed.,0,179,40,7,got room soon hadnt put clock back til shout everyon get realis wahay anoth hour bed
ham,Ok. There may be a free gym about.,0,34,8,3,ok may free gym
ham,Men like shorter ladies. Gaze up into his eyes.,0,47,9,3,men like shorter ladi gaze eye
ham,Dunno he jus say go lido. Same time 930.,0,40,9,3,dunno ju say go lido time
ham,"I promise to take good care of you, princess. I have to run now. Please send pics when you get a chance. Ttyl!",0,110,23,5,promis take good care princess run pleas send pic get chanc ttyl
spam,U are subscribed to the best Mobile Content Service in the UK for £3 per 10 days until you send STOP to 82324. Helpline 08706091795,1,131,25,2,subscrib best mobil content servic uk per day send stop helplin
ham,Is there a reason we've not spoken this year? Anyways have a great week and all the best in your exam,0,101,21,2,reason weve spoken year anyway great week best exam
ham,By monday next week. Give me the full gist,0,42,9,2,monday next week give full gist
spam,"Do you realize that in about 40 years, we'll have thousands of old ladies running around with tattoos?",1,102,18,2,realiz year well thousand old ladi run around tattoo
spam,You have an important customer service announcement from PREMIER.,1,65,9,2,import custom servic announc premier
ham,Dont gimme that lip caveboy,0,27,5,1,dont gim lip caveboy
ham,When did you get to the library,0,31,7,1,get librari
ham,Realy sorry-i don't recognise this number and am now confused :) who r u please?!,0,81,15,2,reali sorryi dont recognis number confus pleas
ham,So why didnt you holla?,0,23,5,2,didnt holla
ham,Cant think of anyone with * spare room off * top of my head,0,59,14,1,cant think anyon spare room top head
ham,"Faith makes things possible,Hope makes things work,Love makes things beautiful,May you have all three this Christmas!Merry Christmas!",0,133,17,3,faith make thing possiblehop make thing worklov make thing beautifulmay three christmasmerri christma
ham,U should have made an appointment,0,33,6,1,made appoint
ham,"Call me when you/carlos is/are here, my phone's vibrate is acting up and I might not hear texts",0,95,18,1,call youcarlo isar phone vibrat act might hear text
spam,"Romantic Paris. 2 nights, 2 flights from £79 Book now 4 next year. Call 08704439680Ts&Cs apply.",1,95,16,4,romant pari night flight book next year call tsc appli
ham,"We are at grandmas. Oh dear, u still ill? I felt Shit this morning but i think i am just hungover! Another night then. We leave on sat.",0,135,28,6,grandma oh dear still ill felt shit morn think hungov anoth night leav sat
spam,Urgent Ur £500 guaranteed award is still unclaimed! Call 09066368327 NOW closingdate04/09/02 claimcode M39M51 £1.50pmmorefrommobile2Bremoved-MobyPOBox734LS27YF,1,159,15,3,urgent ur guarante award still unclaim call closingd claimcod pmmorefrommobil bremovedmobypobox l yf
ham,Nothing but we jus tot u would ask cos u ba gua... But we went mt faber yest... Yest jus went out already mah so today not going out... Jus call lor...,0,151,32,5,noth ju tot would ask co ba gua went mt faber yest yest ju went alreadi mah today go ju call lor
ham,"Wishing you and your family Merry ""X"" mas and HAPPY NEW Year in advance..",0,73,14,2,wish famili merri ma happi new year advanc
spam,UR awarded a City Break and could WIN a £200 Summer Shopping spree every WK. Txt STORE to 88039 . SkilGme. TsCs087147403231Winawk!Age16 £1.50perWKsub,1,149,23,6,ur award citi break could win summer shop spree everi wk txt store skilgm tsc winawkag perwksub
ham,"I'm nt goin, got somethin on, unless they meetin 4 dinner lor... Haha, i wonder who will go tis time...",0,103,20,3,im nt goin got somethin unless meetin dinner lor haha wonder go ti time
ham,Lol I know! They're so dramatic. Schools already closed for tomorrow. Apparently we can't drive in the inch of snow were supposed to get.,0,137,24,5,lol know theyr dramat school alreadi close tomorrow appar cant drive inch snow suppos get
ham,Not getting anywhere with this damn job hunting over here!,0,58,10,2,get anywher damn job hunt
ham,Lol! U drunkard! Just doing my hair at d moment. Yeah still up 4 tonight. Wats the plan?,0,88,18,6,lol drunkard hair moment yeah still tonight wat plan
ham,"idc get over here, you are not weaseling your way out of this shit twice in a row",0,81,18,1,idc get weasel way shit twice row
ham,I wil be there with in  &lt;#&gt;  minutes. Got any space,0,57,11,2,wil ltgt minut got space
ham,Thanks for picking up the trash.,0,32,6,2,thank pick trash
ham,Why don't you go tell your friend you're not sure you want to live with him because he smokes too much then spend hours begging him to come smoke,0,145,29,1,dont go tell friend your sure want live smoke much spend hour beg come smoke
ham,Hi its Kate it was lovely to see you tonight and ill phone you tomorrow. I got to sing and a guy gave me his card! xxx,0,118,27,3,hi kate love see tonight ill phone tomorrow got sing guy gave card xxx
ham,Happy New year my dear brother. I really do miss you. Just got your number and decided to send you this text wishing you only happiness. Abiola,0,143,27,4,happi new year dear brother realli miss got number decid send text wish happi abiola
ham,That means get the door,0,23,5,1,mean get door
ham,"Hmmm ... I thought we said 2 hours slave, not 3 ... You are late ... How should I punish you ?",0,94,22,5,hmmm thought said hour slave late punish
ham,Beerage?,0,8,1,2,beerag
spam,You have an important customer service announcement from PREMIER. Call FREEPHONE 0800 542 0578 now!,1,99,15,3,import custom servic announc premier call freephon
ham,Dont think so. It turns off like randomlly within 5min of opening,0,65,12,2,dont think turn like randomlli within min open
ham,"She was supposed to be but couldn't make it, she's still in town though",0,71,14,1,suppos couldnt make she still town though
ham,It does it on its own. Most of the time it fixes my spelling. But sometimes it gets a completely diff word. Go figure,0,117,24,4,time fix spell sometim get complet diff word go figur
spam,Ever thought about living a good life with a perfect partner? Just txt back NAME and AGE to join the mobile community. (100p/SMS),1,129,23,3,ever thought live good life perfect partner txt back name age join mobil commun psm
spam,"5 Free Top Polyphonic Tones call 087018728737, National Rate. Get a toppoly tune sent every week, just text SUBPOLY to 81618, £3 per pole. UnSub 08718727870.",1,157,26,4,free top polyphon tone call nation rate get toppoli tune sent everi week text subpoli per pole unsub
ham,This is hoping you enjoyed your game yesterday. Sorry i've not been in touch but pls know that you are fondly bein thot off. Have a great week. Abiola,0,150,29,4,hope enjoy game yesterday sorri ive touch pl know fondli bein thot great week abiola
ham,All e best 4 ur driving tmr :-),0,31,8,1,best ur drive tmr
ham,Y?WHERE U AT DOGBREATH? ITS JUST SOUNDING LIKE JAN C THATS AL!!!!!!!!!,0,71,12,4,ywhere dogbreath sound like jan that al
ham,Omg I want to scream. I weighed myself and I lost more weight! Woohoo!,0,70,14,4,omg want scream weigh lost weight woohoo
ham,There generally isn't one. It's an uncountable noun - u in the dictionary. pieces of research?,0,94,16,4,gener isnt one uncount noun dictionari piec research
ham,it's really getting me down just hanging around.,0,48,8,2,realli get hang around
spam,"Orange customer, you may now claim your FREE CAMERA PHONE upgrade for your loyalty. Call now on 0207 153 9996. Offer ends 14thMarch. T&C's apply. Opt-out availa",1,160,27,5,orang custom may claim free camera phone upgrad loyalti call offer end thmarch tc appli optout availa
ham,Petey boy whereare you me and all your friendsare in theKingshead come down if you canlove Nic,0,94,17,1,petey boy wherear friendsar thekingshead come canlov nic
ham,Ok i msg u b4 i leave my house.,0,31,9,2,ok msg leav hous
ham,Gimme a few was  &lt;#&gt;  minutes ago,0,39,7,1,gim ltgt minut ago
spam,"Last Chance! Claim ur £150 worth of discount vouchers today! Text SHOP to 85023 now! SavaMob, offers mobile! T Cs SavaMob POBOX84, M263UZ. £3.00 Sub. 16",1,152,26,8,last chanc claim ur worth discount voucher today text shop savamob offer mobil c savamob pobox uz sub
ham,Appt is at &lt;TIME&gt; am. Not my fault u don't listen. I told u twice,0,71,15,3,appt lttimegt fault dont listen told twice
spam,FREE for 1st week! No1 Nokia tone 4 ur mobile every week just txt NOKIA to 8077 Get txting and tell ur mates. www.getzed.co.uk POBox 36504 W45WQ 16+ norm150p/tone,1,162,29,6,free st week nokia tone ur mobil everi week txt nokia get txting tell ur mate pobox wq norm ptone
spam,You have won a guaranteed £200 award or even £1000 cashto claim UR award call free on 08000407165 (18+) 2 stop getstop on 88222 PHP. RG21 4JX,1,141,27,2,guarante award even cashto claim ur award call free stop getstop php rg jx
ham,K I'll be there before 4.,0,25,6,2,ill
ham,I dled 3d its very imp,0,22,6,1,dled imp
ham,"sure, but make sure he knows we ain't smokin yet",0,48,10,1,sure make sure know aint smokin yet
ham,Boooo you always work. Just quit.,0,33,6,3,boooo alway work quit
ham,I am taking half day leave bec i am not well,0,44,11,1,take half day leav bec well
ham,Ugh I don't wanna get out of bed. It's so warm.,0,47,11,3,ugh dont wan na get bed warm
ham,S:)s.nervous  &lt;#&gt; :),0,26,3,2,ssnervou ltgt
ham,So there's a ring that comes with the guys costumes. It's there so they can gift their future yowifes. Hint hint,0,112,21,3,there ring come guy costum gift futur yowif hint hint
spam,Congratulations ur awarded either £500 of CD gift vouchers & Free entry 2 our £100 weekly draw txt MUSIC to 87066 TnCs www.Ldew.com1win150ppmx3age16,1,148,23,3,congratul ur award either cd gift voucher free entri weekli draw txt music tnc
ham,I borrow ur bag ok.,0,19,5,2,borrow ur bag ok
spam,"U were outbid by simonwatson5120 on the Shinco DVD Plyr. 2 bid again, visit sms. ac/smsrewards 2 end bid notifications, reply END OUT",1,133,23,3,outbid simonwatson shinco dvd plyr bid visit sm acsmsreward end bid notif repli end
ham,Where's my boytoy? I miss you ... What happened?,0,48,9,4,where boytoy miss happen
ham,"He has lots of used ones babe, but the model doesn't help. Youi have to bring it over and he'll match it up",0,107,23,2,lot use one babe model doesnt help youi bring hell match
ham,Also are you bringing galileo or dobby,0,38,7,1,also bring galileo dobbi
ham,Then why you not responding,0,27,5,1,respond
ham,BOO BABE! U ENJOYIN YOURJOB? U SEEMED 2 B GETTIN ON WELL HUNNY!HOPE URE OK?TAKE CARE & ILLSPEAK 2U SOONLOTS OF LOVEME XXXX.,0,124,23,6,boo babe enjoyin yourjob seem gettin well hunnyhop ure oktak care illspeak soonlot lovem xxxx
ham,Good afternoon starshine! How's my boytoy? Does he crave me yet? Ache to fuck me ? *sips cappuccino* I miss you babe *teasing kiss*,0,131,24,5,good afternoon starshin how boytoy crave yet ach fuck sip cappuccino miss babe teas kiss
ham,On the road so cant txt,0,23,6,1,road cant txt
spam,"SMSSERVICES. for yourinclusive text credits, pls goto www.comuk.net login= 3qxj9 unsubscribe with STOP, no extra charge. help 08702840625.COMUK. 220-CM2 9AE",1,156,20,7,smsservic yourinclus text credit pl goto login qxj unsubscrib stop extra charg help comuk cm ae
spam,25p 4 alfie Moon's Children in need song on ur mob. Tell ur m8s. Txt Tone charity to 8007 for Nokias or Poly charity for polys: zed 08701417012 profit 2 charity.,1,161,31,4,alfi moon child need song ur mob tell ur txt tone chariti nokia poli chariti poli zed profit chariti
ham,Hmm .. Bits and pieces lol ... *sighs* ...,0,42,9,4,hmm bit piec lol sigh
ham,Hahaha..use your brain dear,0,27,4,2,hahahaus brain dear
ham,Hey. You got any mail?,0,22,5,3,hey got mail
ham,"Sorry light turned green, I meant another friend wanted  &lt;#&gt;  worth but he may not be around",0,98,17,1,sorri light turn green meant anoth friend want ltgt worth may around
ham,Thanks for yesterday sir. You have been wonderful. Hope you enjoyed the burial. MojiBiola,0,89,14,4,thank yesterday sir wonder hope enjoy burial mojibiola
spam,U have a secret admirer. REVEAL who thinks U R So special. Call 09065174042. To opt out Reply REVEAL STOP. 1.50 per msg recd. Cust care 07821230901,1,147,27,7,secret admir reveal think special call opt repli reveal stop per msg recd cust care
ham,Hi mate its RV did u hav a nice hol just a message 3 say hello coz havent sent u 1 in ages started driving so stay off roads!RVx,0,129,29,2,hi mate rv hav nice hol messag say hello coz havent sent age start drive stay roadsrvx
spam,"Dear Voucher Holder, To claim this weeks offer, at you PC please go to http://www.e-tlp.co.uk/expressoffer Ts&Cs apply. To stop texts, txt STOP to 80062",1,152,24,5,dear voucher holder claim week offer pc pleas go tsc appli stop text txt stop
ham,"Thank you so much. When we skyped wit kz and sura, we didnt get the pleasure of your company. Hope you are good. We've given you ultimatum oh! We are countin down to aburo. Enjoy! This is the message i sent days ago",0,215,43,7,thank much skype wit kz sura didnt get pleasur compani hope good weve given ultimatum oh countin aburo enjoy messag sent day ago
ham,Surely result will offer:),0,26,4,1,sure result offer
ham,Good Morning my Dear........... Have a great &amp; successful day.,0,66,10,3,good morn dear great amp success day
spam,Do you want 750 anytime any network mins 150 text and a NEW VIDEO phone for only five pounds per week call 08002888812 or reply for delivery tomorrow,1,149,28,1,want anytim network min text new video phone five pound per week call repli deliveri tomorrow
ham,"Sir, I have been late in paying rent for the past few months and had to pay a $ &lt;#&gt;  charge. I felt it would be inconsiderate of me to nag about something you give at great cost to yourself and that's why i didnt speak up. I however am in a recession and wont be able to pay the charge this month hence my askin well ahead of month's end. Can you please help. Thanks",0,372,76,5,sir late pay rent past month pay ltgt charg felt would inconsider nag someth give great cost that didnt speak howev recess wont abl pay charg month henc askin well ahead month end pleas help thank
spam,We tried to contact you re our offer of New Video Phone 750 anytime any network mins HALF PRICE Rental camcorder call 08000930705 or reply for delivery Wed,1,155,28,1,tri contact offer new video phone anytim network min half price rental camcord call repli deliveri wed
spam,Last chance 2 claim ur £150 worth of discount vouchers-Text YES to 85023 now!SavaMob-member offers mobile T Cs 08717898035. £3.00 Sub. 16 . Remove txt X or STOP,1,160,28,6,last chanc claim ur worth discount voucherstext ye nowsavamobmemb offer mobil c sub remov txt stop
ham,I luv u soo much u dont understand how special u r 2 me ring u 2morrow luv u xxx,0,81,20,1,luv soo much dont understand special ring morrow luv xxx
ham,"Pls send me a comprehensive mail about who i'm paying, when and how much.",0,73,14,2,pl send comprehens mail im pay much
ham,Our Prashanthettan's mother passed away last night. pray for her and family.,0,76,12,3,prashanthettan mother pass away last night pray famili
spam,"Urgent! call 09066350750 from your landline. Your complimentary 4* Ibiza Holiday or 10,000 cash await collection SAE T&Cs PO BOX 434 SK3 8WP 150 ppm 18+",1,152,26,3,urgent call landlin complimentari ibiza holiday cash await collect sae tc po box sk wp ppm
ham,K.k:)when are you going?,0,24,4,3,kkwhen go
ham,Meanwhile in the shit suite: xavier decided to give us  &lt;#&gt;  seconds of warning that samantha was coming over and is playing jay's guitar to impress her or some shit. Also I don't think doug realizes I don't live here anymore,0,231,41,2,meanwhil shit suit xavier decid give u ltgt second warn samantha come play jay guitar impress shit also dont think doug realiz dont live anymor
ham,My stomach has been thru so much trauma I swear I just can't eat. I better lose weight.,0,87,18,3,stomach thru much trauma swear cant eat better lose weight
ham,I am in office:)whats the matter..msg me now.i will call you at break:).,0,72,13,4,officewhat mattermsg nowi call break
ham,"Yeah there's barely enough room for the two of us, x has too many fucking shoes. Sorry man, see you later",0,105,21,2,yeah there bare enough room two u mani fuck shoe sorri man see later
ham,U reach orchard already? U wan 2 go buy tickets first?,0,54,11,3,reach orchard alreadi wan go buy ticket first
ham,"I am real, baby! I want to bring out your inner tigress...",0,58,12,3,real babi want bring inner tigress
ham,No da if you run that it activate the full version da.,0,54,12,2,da run activ full version da
ham,AH POOR BABY!HOPE URFEELING BETTERSN LUV! PROBTHAT OVERDOSE OF WORK HEY GO CAREFUL SPK 2 U SN LOTS OF LOVEJEN XXX.,0,114,21,4,ah poor babyhop urfeel bettersn luv probthat overdos work hey go care spk sn lot lovejen xxx
ham,Stop the story. I've told him i've returned it and he's saying i should not re order it.,0,88,18,3,stop stori ive told ive return he say order
spam,Talk sexy!! Make new friends or fall in love in the worlds most discreet text dating service. Just text VIP to 83110 and see who you could meet.,1,144,28,4,talk sexi make new friend fall love world discreet text date servic text vip see could meet
ham,Going to take your babe out ?,0,29,7,2,go take babe
ham,Hai ana tomarrow am coming on morning.  &lt;DECIMAL&gt;  ill be there in sathy then we ll go to RTO office. Reply me after came to home.,0,136,26,4,hai ana tomarrow come morn ltdecimalgt ill sathi go rto offic repli came home
ham,Spoons it is then okay?,0,23,5,2,spoon okay
ham,Did he just say somebody is named tampa,0,39,8,1,say somebodi name tampa
ham,In work now. Going have in few min.,0,35,8,3,work go min
ham,Your brother is a genius,0,24,5,1,brother geniu
ham,"Sorry, I guess whenever I can get a hold of my connections, maybe an hour or two? I'll text you",0,95,20,2,sorri guess whenev get hold connect mayb hour two ill text
ham,Did u find out what time the bus is at coz i need to sort some stuff out.,0,73,18,2,find time bu coz need sort stuff
ham,Dude ive been seeing a lotta corvettes lately,0,45,8,1,dude ive see lotta corvett late
spam,Congratulations ur awarded either a yrs supply of CDs from Virgin Records or a Mystery Gift GUARANTEED Call 09061104283 Ts&Cs www.smsco.net £1.50pm approx 3mins,1,160,24,4,congratul ur award either yr suppli cd virgin record mysteri gift guarante call tsc pm approx min
ham,"Same here, but I consider walls and bunkers and shit important just because I never play on peaceful but I guess your place is high enough that it don't matter",0,159,30,1,consid wall bunker shit import never play peac guess place high enough dont matter
spam,PRIVATE! Your 2003 Account Statement for 07808 XXXXXX shows 800 un-redeemed S. I. M. points. Call 08719899217 Identifier Code: 41685 Expires 07/11/04,1,149,22,6,privat account statement xxxxxx show unredeem point call identifi code expir
spam,Hello. We need some posh birds and chaps to user trial prods for champneys. Can i put you down? I need your address and dob asap. Ta r,1,134,28,5,hello need posh bird chap user trial prod champney put need address dob asap ta
spam,What do U want for Xmas? How about 100 free text messages & a new video phone with half price line rental? Call free now on 0800 0721072 to find out more!,1,154,32,4,want xma free text messag new video phone half price line rental call free find
ham,"Well am officially in a philosophical hole, so if u wanna call am at home ready to be saved!",0,92,19,2,well offici philosoph hole wan na call home readi save
ham,Its going good...no problem..but still need little experience to understand american customer voice...,0,102,13,4,go goodno problembut still need littl experi understand american custom voic
ham,I'll text you when I drop x off,0,31,8,1,ill text drop
ham,Ugh its been a long day. I'm exhausted. Just want to cuddle up and take a nap,0,77,17,3,ugh long day im exhaust want cuddl take nap
ham,Talk With Yourself Atleast Once In A Day...!!! Otherwise You Will Miss Your Best FRIEND In This WORLD...!!! -Shakespeare- SHESIL  &lt;#&gt;,0,139,21,3,talk atleast day otherwis miss best friend world shakespear shesil ltgt
spam,"Shop till u Drop, IS IT YOU, either 10K, 5K, £500 Cash or £100 Travel voucher, Call now, 09064011000. NTT PO Box CR01327BT fixedline Cost 150ppm mobile vary",1,156,28,2,shop till drop either cash travel voucher call ntt po box cr bt fixedlin cost ppm mobil vari
ham,Are you in castor? You need to see something,0,44,9,2,castor need see someth
spam,Sunshine Quiz Wkly Q! Win a top Sony DVD player if u know which country Liverpool played in mid week? Txt ansr to 82277. £1.50 SP:Tyrone,1,136,26,5,sunshin quiz wkli win top soni dvd player know countri liverpool play mid week txt ansr sptyron
spam,U have a secret admirer who is looking 2 make contact with U-find out who they R*reveal who thinks UR so special-call on 09058094565,1,132,24,1,secret admir look make contact ufind rreveal think ur specialcal
spam,U have a Secret Admirer who is looking 2 make contact with U-find out who they R*reveal who thinks UR so special-call on 09065171142-stopsms-08,1,143,24,1,secret admir look make contact ufind rreveal think ur specialcal stopsm
spam,Reminder: You have not downloaded the content you have already paid for. Goto http://doit. mymoby. tv/ to collect your content.,1,127,20,5,remind download content alreadi paid goto mymobi tv collect content
ham,"see, i knew giving you a break a few times woul lead to you always wanting to miss curfew. I was gonna gibe you 'til one, but a MIDNIGHT movie is not gonna get out til after 2. You need to come home. You need to getsleep and, if anything, you need to b studdying ear training.",0,276,57,5,see knew give break time woul lead alway want miss curfew gon na gibe til one midnight movi gon na get til need come home need getsleep anyth need studdi ear train
ham,I love to give massages. I use lots of baby oil... What is your fave position?,0,78,16,4,love give massag use lot babi oil fave posit
ham,Dude we should go sup again,0,27,6,1,dude go sup
ham,Yoyyooo u know how to change permissions for a drive in mac. My usb flash drive,0,79,16,2,yoyyooo know chang permiss drive mac usb flash drive
ham,Gibbs unsold.mike hussey,0,24,3,2,gibb unsoldmik hussey
ham,I like to talk pa but am not able to. I dont know y.,0,52,14,3,like talk pa abl dont know
ham,Y dun cut too short leh. U dun like ah? She failed. She's quite sad.,0,68,15,5,dun cut short leh dun like ah fail she quit sad
ham,You unbelievable faglord,0,24,3,1,unbeliev faglord
ham,Wife.how she knew the time of murder exactly,0,44,8,2,wifehow knew time murder exactli
ham,Why do you ask princess?,0,24,5,2,ask princess
ham,I am great princess! What are you thinking about me? :),0,55,11,3,great princess think
ham,Nutter. Cutter. Ctter. Cttergg. Cttargg. Ctargg. Ctagg. ie you,0,62,9,8,nutter cutter ctter cttergg cttargg ctargg ctagg ie
ham,It's ok i noe u're busy but i'm really too bored so i msg u. I oso dunno wat colour she choose 4 me one.,0,104,25,3,ok noe ure busi im realli bore msg oso dunno wat colour choos one
ham,Doesn't g have class early tomorrow and thus shouldn't be trying to smoke at  &lt;#&gt;,0,87,15,1,doesnt class earli tomorrow thu shouldnt tri smoke ltgt
ham,"Superb Thought- ""Be grateful that u dont have everything u want. That means u still have an opportunity to be happier tomorrow than u are today."":-)",0,148,26,3,superb thought grate dont everyth want mean still opportun happier tomorrow today
ham,Hope you are having a good week. Just checking in,0,49,10,2,hope good week check
ham,"I'm used to it. I just hope my agents don't drop me since i've only booked a few things this year. This whole me in boston, them in nyc was an experiment.",0,154,32,4,im use hope agent dont drop sinc ive book thing year whole boston nyc experi
ham,"Thursday night? Yeah, sure thing, we'll work it out then",0,56,10,2,thursday night yeah sure thing well work
ham,Probably money worries. Things are coming due and i have several outstanding invoices for work i did two and three months ago.,0,126,22,3,probabl money worri thing come due sever outstand invoic work two three month ago
ham,How is it possible to teach you. And where.,0,43,9,3,possibl teach
ham,"I wonder if your phone battery went dead ? I had to tell you, I love you babe",0,77,18,2,wonder phone batteri went dead tell love babe
ham,Lovely smell on this bus and it ain't tobacco...,0,48,9,2,love smell bu aint tobacco
ham,"We're all getting worried over here, derek and taylor have already assumed the worst",0,84,14,1,get worri derek taylor alreadi assum worst
ham,Hey what's up charles sorry about the late reply.,0,49,9,2,hey what charl sorri late repli
spam,"all the lastest from Stereophonics, Marley, Dizzee Racal, Libertines and The Strokes! Win Nookii games with Flirt!! Click TheMob WAP Bookmark or text WAP to 82468",1,162,26,3,lastest stereophon marley dizze racal libertin stroke win nookii game flirt click themob wap bookmark text wap
ham,I.ll give her once i have it. Plus she said grinule greet you whenever we speak,0,79,16,3,ill give plu said grinul greet whenev speak
ham,WHITE FUDGE OREOS ARE IN STORES,0,31,6,1,white fudg oreo store
spam,"January Male Sale! Hot Gay chat now cheaper, call 08709222922. National rate from 1.5p/min cheap to 7.8p/min peak! To stop texts call 08712460324 (10p/min)",1,155,24,6,januari male sale hot gay chat cheaper call nation rate pmin cheap pmin peak stop text call pmin
ham,My love ! How come it took you so long to leave for Zaher's? I got your words on ym and was happy to see them but was sad you had left. I miss you,0,146,35,4,love come took long leav zaher got word ym happi see sad left miss
ham,I am sorry it hurt you.,0,23,6,2,sorri hurt
ham,Can't. I feel nauseous. I'm so pissed. I didn't eat any sweets all week cause today I was planning to pig out. I was dieting all week. And now I'm not hungry :/,0,160,33,6,cant feel nauseou im piss didnt eat sweet week caus today plan pig diet week im hungri
ham,Ok lor but not too early. Me still having project meeting now.,0,62,12,3,ok lor earli still project meet
ham,"Call me da, i am waiting for your call.",0,39,9,2,call da wait call
ham,I could ask carlos if we could get more if anybody else can chip in,0,67,15,1,could ask carlo could get anybodi els chip
ham,Was actually about to send you a reminder today. Have a wonderful weekend,0,73,13,2,actual send remind today wonder weekend
ham,"When people see my msgs, They think Iam addicted to msging... They are wrong, Bcoz They don\'t know that Iam addicted to my sweet Friends..!! BSLVYL",0,148,26,3,peopl see msg think iam addict msging wrong bcoz dont know iam addict sweet friend bslvyl
ham,Hey you gave them your photo when you registered for driving ah? Tmr wanna meet at yck?,0,87,17,3,hey gave photo regist drive ah tmr wan na meet yck
ham,Dont talk to him ever ok its my word.,0,37,9,2,dont talk ever ok word
ham,When u wana see it then,0,23,6,1,wana see
ham,On ma way to school. Can you pls send me ashley's number,0,56,12,2,way school pl send ashley number
ham,It shall be fine. I have avalarr now. Will hollalater,0,53,10,3,shall fine avalarr hollalat
ham,She went to attend another two rounds today..but still did't reach home..,0,73,12,3,went attend anoth two round todaybut still didt reach home
ham,Actually i deleted my old website..now i m blogging at magicalsongs.blogspot.com,0,80,11,4,actual delet old websitenow blog magicalsongsblogspotcom
ham,"K, wait chikku..il send aftr  &lt;#&gt; mins",0,44,7,2,wait chikkuil send aftr ltgt min
ham,But I'm on a diet. And I ate 1 too many slices of pizza yesterday. Ugh I'm ALWAYS on a diet.,0,92,21,4,im diet ate mani slice pizza yesterday ugh im alway diet
ham,K:)i will give my kvb acc details:),0,35,7,1,ki give kvb acc detail
ham,Oh all have to come ah?,0,23,6,2,oh come ah
spam,money!!! you r a lucky winner ! 2 claim your prize text money 2 88600 over £1million to give away ! ppt150x3+normal text rate box403 w1t1jy,1,139,26,4,money lucki winner claim prize text money million give away ppt normal text rate box jy
ham,I'm really sorry i won't b able 2 do this friday.hope u can find an alternative.hope yr term's going ok:-),0,106,20,3,im realli sorri wont abl fridayhop find alternativehop yr term go ok
ham,Congratulations ore mo owo re wa. Enjoy it and i wish you many happy moments to and fro wherever you go,0,103,21,2,congratul ore mo owo wa enjoy wish mani happi moment fro wherev go
ham,So do you have samus shoulders yet,0,34,7,1,samu shoulder yet
ham,What time you think you'll have it? Need to know when I should be near campus,0,77,16,2,time think youll need know near campu
spam,"Dear Matthew please call 09063440451 from a landline, your complimentary 4*Lux Tenerife holiday or £1000 CASH await collection. ppm150 SAE T&Cs Box334 SK38XH.",1,158,23,3,dear matthew pleas call landlin complimentari lux tenerif holiday cash await collect ppm sae tc box sk xh
ham,Then dun wear jeans lor...,0,26,5,2,dun wear jean lor
ham,"Since when, which side, any fever, any vomitin.",0,47,8,2,sinc side fever vomitin
ham,K:)k.are you in college?,0,24,4,3,kkare colleg
spam,"Urgent! call 09061749602 from Landline. Your complimentary 4* Tenerife Holiday or £10,000 cash await collection SAE T&Cs BOX 528 HP20 1YF 150ppm 18+",1,148,23,3,urgent call landlin complimentari tenerif holiday cash await collect sae tc box hp yf ppm
ham,Better. Made up for Friday and stuffed myself like a pig yesterday. Now I feel bleh. But at least its not writhing pain kind of bleh.,0,133,26,5,better made friday stuf like pig yesterday feel bleh least writh pain kind bleh
ham,No we sell it all so we'll have tons if coins. Then sell our coins to someone thru paypal. Voila! Money back in life pockets:),0,126,25,4,sell well ton coin sell coin someon thru paypal voila money back life pocket
ham,Theyre doing it to lots of places. Only hospitals and medical places are safe.,0,78,14,3,theyr lot place hospit medic place safe
spam,How about getting in touch with folks waiting for company? Just txt back your NAME and AGE to opt in! Enjoy the community (150p/SMS),1,132,24,3,get touch folk wait compani txt back name age opt enjoy commun psm
ham,And also I've sorta blown him off a couple times recently so id rather not text him out of the blue looking for weed,0,116,24,1,also ive sorta blown coupl time recent id rather text blue look weed
ham,"I sent my scores to sophas and i had to do secondary application for a few schools. I think if you are thinking of applying, do a research on cost also. Contact joke ogunrinde, her school is one me the less expensive ones",0,221,43,3,sent score sopha secondari applic school think think appli research cost also contact joke ogunrind school one less expens one
ham,I cant wait to see you! How were the photos were useful? :),0,59,13,3,cant wait see photo use
spam,Ur cash-balance is currently 500 pounds - to maximize ur cash-in now send GO to 86688 only 150p/msg. CC: 08718720201 PO BOX 114/14 TCR/W1,1,137,24,2,ur cashbal current pound maxim ur cashin send go pmsg cc po box tcrw
ham,Hey i booked the kb on sat already... what other lessons are we going for ah? Keep your sat night free we need to meet and confirm our lodging,0,142,29,3,hey book kb sat alreadi lesson go ah keep sat night free need meet confirm lodg
ham,Chk in ur belovd ms dict,0,24,6,1,chk ur belovd m dict
ham,Is that what time you want me to come?,0,38,9,2,time want come
ham,"Awesome, lemme know whenever you're around",0,42,6,1,awesom lem know whenev your around
ham,Shb b ok lor... Thanx...,0,24,5,3,shb ok lor thanx
ham,"Beautiful Truth against Gravity.. Read carefully: ""Our heart feels light when someone is in it.. But it feels very heavy when someone leaves it.."" GOOD NIGHT",0,157,26,4,beauti truth graviti read care heart feel light someon feel heavi someon leaf good night
ham,Also remember to get dobby's bowl from your car,0,47,9,1,also rememb get dobbi bowl car
spam,Filthy stories and GIRLS waiting for your,1,41,7,1,filthi stori girl wait
ham,Sorry i now then c ur msg... Yar lor so poor thing... But only 4 one night... Tmr u'll have a brand new room 2 sleep in...,0,122,27,5,sorri ur msg yar lor poor thing one night tmr ull brand new room sleep
ham,"Love isn't a decision, it's a feeling. If we could decide who to love, then, life would be much simpler, but then less magical",0,126,24,2,love isnt decis feel could decid love life would much simpler less magic
ham,Welp apparently he retired,0,26,4,1,welp appar retir
ham,My sort code is  and acc no is . The bank is natwest. Can you reply to confirm i've sent this to the right person!,0,114,25,4,sort code acc bank natwest repli confirm ive sent right person
ham,U sure u can't take any sick time?,0,34,8,2,sure cant take sick time
spam,URGENT! We are trying to contact U. Todays draw shows that you have won a £800 prize GUARANTEED. Call 09050001808 from land line. Claim M95. Valid12hrs only,1,156,27,6,urgent tri contact today draw show prize guarante call land line claim valid hr
ham,Yo chad which gymnastics class do you wanna take? The site says Christians class is full..,0,90,16,3,yo chad gymnast class wan na take site say christian class full
ham,Or better still can you catch her and let ask her if she can sell  &lt;#&gt;  for me.,0,85,18,2,better still catch let ask sell ltgt
ham,I am not sure about night menu. . . I know only about noon menu,0,63,15,4,sure night menu know noon menu
ham,What do u want when i come back?.a beautiful necklace as a token of my heart for you.thats what i will give but ONLY to MY WIFE OF MY LIKING.BE THAT AND SEE..NO ONE can give you that.dont call me.i will wait till i come.,0,220,45,8,want come backa beauti necklac token heart youthat give wife likingb seeno one give thatdont call mei wait till come
ham,Are you willing to go for aptitude class.,0,41,8,2,will go aptitud class
ham,"It wont b until 2.15 as trying 2 sort house out, is that ok?",0,60,14,3,wont tri sort hous ok
ham,"Yar lor he wan 2 go c horse racing today mah, so eat earlier lor. I ate chicken rice. U?",0,88,20,4,yar lor wan go hors race today mah eat earlier lor ate chicken rice
ham,"Haha awesome, omw back now then",0,31,6,1,haha awesom omw back
ham,Yup i thk so until e shop closes lor.,0,37,9,2,yup thk shop close lor
ham,what is your account number?,0,28,5,2,account number
ham,Eh u send wrongly lar...,0,24,5,2,eh send wrongli lar
ham,Hey no I ad a crap nite was borin without ya 2 boggy with me u boring biatch! Thanx but u wait til nxt time il ave ya,0,117,28,2,hey ad crap nite borin without ya boggi bore biatch thanx wait til nxt time il ave ya
ham,Ok i shall talk to him,0,22,6,1,ok shall talk
ham,Dont hesitate. You know this is the second time she has had weakness like that. So keep i notebook of what she eat and did the day before or if anything changed the day before so that we can be sure its nothing,0,210,43,3,dont hesit know second time weak like keep notebook eat day anyth chang day sure noth
ham,Hey you can pay. With salary de. Only  &lt;#&gt; .,0,50,10,4,hey pay salari de ltgt
ham,Another month. I need chocolate weed and alcohol.,0,49,8,3,anoth month need chocol weed alcohol
ham,If he started searching he will get job in few days.he have great potential and talent.,0,87,16,3,start search get job daysh great potenti talent
ham,Reckon need to be in town by eightish to walk from * carpark.,0,61,13,2,reckon need town eightish walk carpark
spam,"Congrats! 2 mobile 3G Videophones R yours. call 09063458130 now! videochat wid your mates, play java games, Dload polyPH music, noline rentl.",1,141,22,5,congrat mobil videophon call videochat wid mate play java game dload polyph music nolin rentl
ham,LOOK AT THE FUCKIN TIME. WHAT THE FUCK YOU THINK IS UP,0,54,12,2,look fuckin time fuck think
ham,Yo guess what I just dropped,0,28,6,1,yo guess drop
ham,Carlos says he'll be at mu in  &lt;#&gt;  minutes,0,49,9,1,carlo say hell mu ltgt minut
ham,I'm in office now . I will call you  &lt;#&gt;  min:),0,53,11,2,im offic call ltgt min
ham,"Geeee ... I miss you already, you know ? Your all I can think about. Fuck, I can't wait till next year when we will be together ... *loving kiss*",0,145,30,5,geeee miss alreadi know think fuck cant wait till next year togeth love kiss
ham,"Yun ah.the ubi one say if ü wan call by tomorrow.call 67441233 look for irene.ere only got bus8,22,65,61,66,382. Ubi cres,ubi tech park.6ph for 1st 5wkg days.èn",0,160,26,7,yun ahth ubi one say wan call tomorrowcal look ireneer got bu ubi cresubi tech park ph st wkg daysèn
ham,Ugh. Gotta drive back to sd from la. My butt is sore.,0,53,12,4,ugh got ta drive back sd la butt sore
ham,26th OF JULY,0,12,3,1,th juli
ham,Hi im having the most relaxing time ever! we have to get up at 7am every day! was the party good the other night? I get home tomorrow at 5ish.,0,142,30,5,hi im relax time ever get everi day parti good night get home tomorrow ish
ham,Up to ü... Ü wan come then come lor... But i din c any stripes skirt...,0,71,16,4,wan come come lor din stripe skirt
ham,The Xmas story is peace.. The Xmas msg is love.. The Xmas miracle is jesus.. Hav a blessed month ahead &amp; wish U Merry Xmas...,0,129,25,5,xma stori peac xma msg love xma miracl jesu hav bless month ahead amp wish merri xma
ham,"I can't, I don't have her number!",0,33,7,2,cant dont number
ham,Change again... It's e one next to escalator...,0,47,8,3,chang one next escal
ham,Yetunde i'm in class can you not run water on it to make it ok. Pls now.,0,72,17,3,yetund im class run water make ok pl
ham,Not a lot has happened here. Feels very quiet. Beth is at her aunts and charlie is working lots. Just me and helen in at the mo. How have you been?,0,147,31,6,lot happen feel quiet beth aunt charli work lot helen mo
ham,Then ü wait 4 me at bus stop aft ur lect lar. If i dun c ü then i go get my car then come back n pick ü.,0,104,29,3,wait bu stop aft ur lect lar dun go get car come back pick
ham,"Aight will do, thanks again for comin out",0,41,8,1,aight thank comin
ham,No..but heard abt tat..,0,23,4,3,nobut heard abt tat
ham,&lt;#&gt;  am I think? Should say on syllabus,0,45,8,2,ltgt think say syllabu
ham,Umma. Did she say anything,0,26,5,2,umma say anyth
ham,Give me a sec to think think about it,0,37,9,1,give sec think think
spam,Panasonic & BluetoothHdset FREE. Nokia FREE. Motorola FREE & DoubleMins & DoubleTxt on Orange contract. Call MobileUpd8 on 08000839402 or call 2optout,1,150,22,4,panason bluetoothhdset free nokia free motorola free doublemin doubletxt orang contract call mobileupd call optout
ham,I don't quite know what to do. I still can't get hold of anyone. I cud pick you up bout 7.30pm and we can see if they're in the pub?,0,132,30,5,dont quit know still cant get hold anyon cud pick bout pm see theyr pub
ham,"Poyyarikatur,kolathupalayam,unjalur post,erode dis, &lt;#&gt; .",0,63,5,2,poyyarikaturkolathupalayamunjalur posterod di ltgt
ham,"Dear Hero,i am leaving to qatar tonite for an apt opportunity.pls do keep in touch at  &lt;EMAIL&gt; ,kerala",0,108,18,2,dear heroi leav qatar tonit apt opportunitypl keep touch ltemailgt kerala
ham,Lol I would but my mom would have a fit and tell the whole family how crazy and terrible I am,0,93,21,1,lol would mom would fit tell whole famili crazi terribl
ham,"I just got home babe, are you still awake ?",0,43,10,2,got home babe still awak
ham,I dunno they close oredi not... Ü v ma fan...,0,45,10,3,dunno close oredi fan
ham,Just buy a pizza. Meat lovers or supreme. U get to pick.,0,56,12,4,buy pizza meat lover suprem get pick
ham,"Ya, told..she was asking wats matter?",0,37,6,3,ya toldsh ask wat matter
ham,"Dear,regret i cudnt pick call.drove down frm ctla now at cochin home.left mobile in car..ente style ishtamayoo?happy bakrid!",0,124,18,6,dearregret cudnt pick calldrov frm ctla cochin homeleft mobil carent style ishtamayoohappi bakrid
spam,FREE for 1st week! No1 Nokia tone 4 ur mob every week just txt NOKIA to 8007 Get txting and tell ur mates www.getzed.co.uk POBox 36504 W45WQ norm150p/tone 16+,1,158,29,5,free st week nokia tone ur mob everi week txt nokia get txting tell ur mate pobox wq norm ptone
ham,Shall i send that exe to your mail id.,0,38,9,2,shall send exe mail id
ham,Nope watching tv at home... Not going out. V bored...,0,53,10,4,nope watch tv home go bore
ham,Don know..wait i will check it.,0,31,6,3,knowwait check
ham,"Good afternoon on this glorious anniversary day, my sweet J !! I hope this finds you happy and content, my Prey. I think of you and send a teasing kiss from across the sea coaxing images of fond souveniers ... You Cougar-Pen",0,224,42,4,good afternoon gloriou anniversari day sweet hope find happi content prey think send teas kiss across sea coax imag fond souveni cougarpen
spam,Guess what! Somebody you know secretly fancies you! Wanna find out who it is? Give us a call on 09065394514 From Landline DATEBox1282EssexCM61XN 150p/min 18,1,156,25,4,guess somebodi know secretli fanci wan na find give u call landlin datebox essexcm xn pmin
ham,We still on for tonight?,0,24,5,2,still tonight
ham,May i call You later Pls,0,24,6,1,may call later pl
ham,Hasn't that been the pattern recently crap weekends?,0,52,8,2,hasnt pattern recent crap weekend
ham,I have a sore throat. It's scratches when I talk,0,48,10,2,sore throat scratch talk
ham,Yes da. Any plm at ur office,0,28,7,2,ye da plm ur offic
ham,Are you not around or just still asleep? :V,0,43,9,2,around still asleep
ham,"Lol you forgot it eh ? Yes, I'll bring it in babe",0,49,12,2,lol forgot eh ye ill bring babe
ham,"Its good, we'll find a way",0,26,6,1,good well find way
ham,Can not use foreign stamps in this country. Good lecture .,0,58,11,3,use foreign stamp countri good lectur
ham,Yup bathe liao...,0,17,3,2,yup bath liao
ham,HAPPY NEW YEAR MY NO.1 MAN,0,26,6,2,happi new year man
ham,"OH MR SHEFFIELD! You wanna play THAT game, okay. You're the boss and I'm the nanny. You give me a raise and I'll give YOU one!!",0,127,26,5,oh mr sheffield wan na play game okay your bo im nanni give rais ill give one
ham,ZOE IT JUST HIT ME 2 IM FUCKING SHITIN MYSELF IL DEFO TRY MY HARDEST 2 CUM 2MOROW LUV U MILLIONS LEKDOG,0,103,22,1,zoe hit im fuck shitin il defo tri hardest cum morow luv million lekdog
ham,"Hello baby, did you get back to your mom's ? Are you setting up the computer now ? Filling your belly ? How goes it loverboy ? I miss you already ... *sighs*",0,157,33,6,hello babi get back mom set comput fill belli go loverboy miss alreadi sigh
ham,"No my blankets are sufficient, thx",0,34,6,1,blanket suffici thx
ham,"naughty little thought: 'its better to flirt, flirt n flirt, rather than loving someone n gettin hurt, hurt n hurt...:-) Gud nyt",0,128,22,2,naughti littl thought better flirt flirt flirt rather love someon gettin hurt hurt hurt gud nyt
ham,"Edison has rightly said, ""A fool can ask more questions than a wise man can answer"" Now you know why all of us are speechless during ViVa.. GM,GN,GE,GNT:-)",0,155,28,2,edison rightli said fool ask question wise man answer know u speechless viva gmgngegnt
ham,They just talking thats it de. They wont any other.,0,51,10,3,talk that de wont
ham,Today am going to college so am not able to atten the class.,0,60,13,2,today go colleg abl atten class
ham,I'm in class. Will holla later,0,30,6,2,im class holla later
ham,Mmm thats better now i got a roast down me! id b better if i had a few drinks down me 2! Good indian?,0,102,24,4,mmm that better got roast id better drink good indian
spam,"We know someone who you know that fancies you. Call 09058097218 to find out who. POBox 6, LS15HB 150p",1,101,19,3,know someon know fanci call find pobox l hb
ham,"Come round, it's .",0,18,4,2,come round
ham,"Do 1 thing! Change that sentence into: ""Because i want 2 concentrate in my educational career im leaving here..""",0,112,19,3,thing chang sentenc want concentr educ career im leav
spam,"1000's flirting NOW! Txt GIRL or BLOKE & ur NAME & AGE, eg GIRL ZOE 18 to 8007 to join and get chatting!",1,104,23,3,flirt txt girl bloke ur name age eg girl zoe join get chat
ham,I walked an hour 2 c u! doesnt that show I care y wont u believe im serious?,0,77,18,3,walk hour doesnt show care wont believ im seriou
spam,18 days to Euro2004 kickoff! U will be kept informed of all the latest news and results daily. Unsubscribe send GET EURO STOP to 83222.,1,135,25,4,day euro kickoff kept inform latest news result daili unsubscrib send get euro stop
ham,Are you available for soiree on June 3rd?,0,41,8,2,avail soire june rd
ham,Do u noe wat time e place dat sells 4d closes?,0,46,11,2,noe wat time place dat sell close
ham,"I got another job! The one at the hospital doing data analysis or something, starts on monday! Not sure when my thesis will got finished",0,136,25,3,got anoth job one hospit data analysi someth start monday sure thesi got finish
ham,Jay's getting really impatient and belligerent,0,46,6,1,jay get realli impati belliger
ham,HIYA COMIN 2 BRISTOL 1 ST WEEK IN APRIL. LES GOT OFF + RUDI ON NEW YRS EVE BUT I WAS SNORING.THEY WERE DRUNK! U BAK AT COLLEGE YET? MY WORK SENDS INK 2 BATH.,0,157,35,6,hiya comin bristol st week april le got rudi new yr eve snoringthey drunk bak colleg yet work send ink bath
ham,I'm at work. Please call,0,24,5,2,im work pleas call
ham,Then u drive lor.,0,17,4,2,drive lor
ham,Ard 515 like dat. Y?,0,20,5,3,ard like dat
ham,Tell me they're female :V how're you throwing in? We're deciding what all to get now,0,84,16,2,tell theyr femal howr throw decid get
spam,EASTENDERS TV Quiz. What FLOWER does DOT compare herself to? D= VIOLET E= TULIP F= LILY txt D E or F to 84025 NOW 4 chance 2 WIN £100 Cash WKENT/150P16+,1,152,31,3,eastend tv quiz flower dot compar violet tulip lili txt chanc win cash wkent
ham,I'm working technical support :)voice process.networking field.,0,63,7,3,im work technic support voic processnetwork field
ham,I might come to kerala for 2 days.so you can be prepared to take a leave once i finalise .dont plan any travel during my visit.need to finish urgent works.,0,155,30,5,might come kerala daysso prepar take leav finalis dont plan travel visitne finish urgent work
ham,Ok. Not sure what time tho as not sure if can get to library before class. Will try. See you at some point! Have good eve.,0,122,26,6,ok sure time tho sure get librari class tri see point good eve
spam,We have new local dates in your area - Lots of new people registered in YOUR AREA. Reply DATE to start now! 18 only www.flirtparty.us REPLYS150,1,143,26,5,new local date area lot new peopl regist area repli date start repli
ham,"That's fine, I'll bitch at you about it later then",0,50,10,1,that fine ill bitch later
ham,No my mum went 2 dentist.,0,25,6,2,mum went dentist
ham,Once free call me sir. I am waiting for you.,0,44,10,3,free call sir wait
ham,Meeting u is my work. . . Tel me when shall i do my work tomorrow,0,65,16,4,meet work tel shall work tomorrow
spam,Someone U know has asked our dating service 2 contact you! Cant Guess who? CALL 09058091854 NOW all will be revealed. PO BOX385 M6 6WU,1,134,25,4,someon know ask date servic contact cant guess call reveal po box wu
ham,Jus finish bathing...,0,21,3,2,ju finish bath
ham,"alright, I'll make sure the car is back tonight",0,47,9,1,alright ill make sure car back tonight
spam,URGENT! We are trying to contact U. Todays draw shows that you have won a £800 prize GUARANTEED. Call 09050003091 from land line. Claim C52. Valid12hrs only,1,156,27,6,urgent tri contact today draw show prize guarante call land line claim valid hr
spam,Dear U've been invited to XCHAT. This is our final attempt to contact u! Txt CHAT to 86688,1,90,18,3,dear uve invit xchat final attempt contact txt chat
ham,Lul im gettin some juicy gossip at the hospital. Two nurses are talking about how fat they are gettin. And one thinks shes obese. Oyea.,0,135,25,5,lul im gettin juici gossip hospit two nurs talk fat gettin one think she obes oyea
ham,Aight ill get on fb in a couple minutes,0,39,9,1,aight ill get fb coupl minut
ham,Oi. Ami parchi na re. Kicchu kaaj korte iccha korche na. Phone ta tul na. Plz. Plz.,0,83,17,7,oi ami parchi na kicchu kaaj kort iccha korch na phone ta tul na plz plz
ham,Where can download clear movies. Dvd copies.,0,44,7,3,download clear movi dvd copi
ham,"Yep, by the pretty sculpture",0,28,5,1,yep pretti sculptur
ham,Convey my regards to him,0,24,5,1,convey regard
ham,Me too watching surya movie only. . .after 6 pm vijay movie POKKIRI,0,67,13,4,watch surya movi pm vijay movi pokkiri
ham,You tell what happen dont behave like this to me. Ok no need to say,0,67,15,2,tell happen dont behav like ok need say
ham,Can u get pic msgs to your phone?,0,33,8,2,get pic msg phone
ham,Send to someone else :-),0,24,5,1,send someon els
ham,Wat makes some people dearer is not just de happiness dat u feel when u meet them but de pain u feel when u miss dem!!!,0,119,26,2,wat make peopl dearer de happi dat feel meet de pain feel miss dem
ham,For me the love should start with attraction.i should feel that I need her every time around me.she should be the first thing which comes in my thoughts.I would start the day and end it with her.she should be there every time I dream.love will be then when my every breath has her name.my life should happen around her.my life will be named to her.I would cry for her.will give all my happiness and take all her sorrows.I will be ready to fight with anyone for her.I will be in love when I will be doing the craziest things for her.love will be when I don't have to proove anyone that my girl is the most beautiful lady on the whole planet.I will always be singing praises for her.love will be when I start up making chicken curry and end up makiing sambar.life will be the most beautiful then.will get every morning and thank god for the day because she is with me.I would like to say a lot..will tell later..,0,910,171,20,love start attractioni feel need everi time around mesh first thing come thoughtsi would start day end hersh everi time dreamlov everi breath namemi life happen around hermi life name heri would cri herwil give happi take sorrowsi readi fight anyon heri love craziest thing herlov dont proov anyon girl beauti ladi whole planeti alway sing prais herlov start make chicken curri end maki sambarlif beauti thenwil get everi morn thank god day mei would like say lotwil tell later
ham,"FR'NDSHIP is like a needle of a clock. Though V r in d same clock, V r nt able 2 met. Evn if V meet,itz only 4few seconds. Bt V alwys stay conected. Gud 9t;-)",0,158,35,5,frndship like needl clock though clock nt abl met evn meetitz second bt alwi stay conect gud
ham,I don't think he has spatula hands!,0,35,7,2,dont think spatula hand
ham,You can never do NOTHING,0,24,5,1,never noth
spam,You are awarded a SiPix Digital Camera! call 09061221061 from landline. Delivery within 28days. T Cs Box177. M221BP. 2yr warranty. 150ppm. 16 . p p£3.99,1,152,25,10,award sipix digit camera call landlin deliveri within day c box bp yr warranti ppm p£
ham,Goodmorning today i am late for  &lt;DECIMAL&gt; min.,0,53,8,2,goodmorn today late ltdecimalgt min
spam,WIN URGENT! Your mobile number has been awarded with a £2000 prize GUARANTEED call 09061790121 from land line. claim 3030 valid 12hrs only 150ppm,1,145,24,3,win urgent mobil number award prize guarante call land line claim valid hr ppm
ham,Please da call me any mistake from my side sorry da. Pls da goto doctor.,0,72,15,3,pleas da call mistak side sorri da pl da goto doctor
ham,Where r we meeting?,0,19,4,2,meet
ham,"Well the weather in cali's great. But its complexities are great. You need a car to move freely, its taxes are outrageous. But all in all its a great place. The sad part is i missing home.",0,188,37,6,well weather cali great complex great need car move freeli tax outrag great place sad part miss home
ham,Now only i reached home. . . I am very tired now. . I will come tomorro,0,71,17,6,reach home tire come tomorro
ham,Ryder unsold.now gibbs.,0,23,3,3,ryder unsoldnow gibb
spam,Dear Subscriber ur draw 4 £100 gift voucher will b entered on receipt of a correct ans. When was Elvis Presleys Birthday? TXT answer to 80062,1,141,26,3,dear subscrib ur draw gift voucher enter receipt correct an elvi presley birthday txt answer
ham,Don't fret. I'll buy the ovulation test strips and send them to you. You wont get them til like march. Can you send me your postal address.u'll be alright.Okay.,0,160,29,7,dont fret ill buy ovul test strip send wont get til like march send postal addressul alrightokay
ham,NO GIFTS!! You trying to get me to throw myself off a cliff or something?,0,73,15,3,gift tri get throw cliff someth
ham,Been up to ne thing interesting. Did you have a good birthday? When are u wrking nxt? I started uni today.,0,106,21,5,ne thing interest good birthday wrking nxt start uni today
ham,You busy or can I come by at some point and figure out what we're doing tomorrow,0,80,17,1,busi come point figur tomorrow
ham,"Yeah go on then, bored and depressed sittin waitin for phone to ring... Hope the wind drops though, scary",0,105,19,2,yeah go bore depress sittin waitin phone ring hope wind drop though scari
ham,Black shirt n blue jeans... I thk i c ü...,0,42,10,3,black shirt blue jean thk
ham,Aiyah sorry lor... I watch tv watch until i forgot 2 check my phone.,0,68,14,3,aiyah sorri lor watch tv watch forgot check phone
spam,Message Important information for O2 user. Today is your lucky day! 2 find out why log onto http://www.urawinner.com there is a fantastic surprise awaiting you,1,159,25,5,messag import inform user today lucki day find log onto fantast surpris await
ham,on hen night. Going with a swing,0,32,7,2,hen night go swing
ham,"Good afternoon, my love. How goes your day ? What are you up to ? I woke early and am online waiting for you ... Hmmm ... Italian boy is online I see . *grins*",0,159,35,7,good afternoon love go day woke earli onlin wait hmmm italian boy onlin see grin
ham,From someone not to smoke when every time I've smoked in the last two weeks is because of you calling or texting me that you wanted to smoke,0,140,28,1,someon smoke everi time ive smoke last two week call text want smoke
ham,No you'll just get a headache trying to figure it out. U can trust me to do the math. I promise. O:-),0,101,22,4,youll get headach tri figur trust math promis
ham,S s..first time..dhoni rocks...,0,31,4,4,sfirst timedhoni rock
ham,Ok ill tell the company,0,23,5,1,ok ill tell compani
ham,"Awesome, think we can get an 8th at usf some time tonight?",0,58,12,2,awesom think get th usf time tonight
ham,So that means you still think of teju,0,37,8,1,mean still think teju
ham,"No I'm good for the movie, is it ok if I leave in an hourish?",0,61,15,2,im good movi ok leav hourish
ham,No no:)this is kallis home ground.amla home town is durban:),0,60,10,2,nothi kalli home groundamla home town durban
ham,So lets make it saturday or monday as per convenience.,0,54,10,2,let make saturday monday per conveni
ham,Hey... What time is your driving on fri? We go for evaluation on fri?,0,69,14,4,hey time drive fri go evalu fri
spam,"449050000301 You have won a £2,000 price! To claim, call 09050000301.",1,69,11,3,price claim call
ham,I'm going 4 lunch now wif my family then aft dat i go str 2 orchard lor.,0,72,17,2,im go lunch wif famili aft dat go str orchard lor
spam,"Bored of speed dating? Try SPEEDCHAT, txt SPEEDCHAT to 80155, if you don't like em txt SWAP and get a new chatter! Chat80155 POBox36504W45WQ 150p/msg rcd 16",1,156,27,3,bore speed date tri speedchat txt speedchat dont like em txt swap get new chatter chat pobox wq pmsg rcd
ham,Cancel cheyyamo?and get some money back?,0,40,6,3,cancel cheyyamoand get money back
spam,Do you want 750 anytime any network mins 150 text and a NEW video phone for only five pounds per week call 08000776320 now or reply for delivery Tomorrow,1,153,29,1,want anytim network min text new video phone five pound per week call repli deliveri tomorrow
ham,Ok.ok ok..then..whats ur todays plan,0,36,5,4,okok okthenwhat ur today plan
ham,Good morning princess! How are you?,0,35,6,3,good morn princess
ham,Aiyar sorry lor forgot 2 tell u...,0,34,7,2,aiyar sorri lor forgot tell
spam,For taking part in our mobile survey yesterday! You can now have 500 texts 2 use however you wish. 2 get txts just send TXT to 80160 T&C www.txt43.com 1.50p,1,156,30,6,take part mobil survey yesterday text use howev wish get txt send txt tc
ham,Not tonight mate. Catching up on some sleep. This is my new number by the way.,0,78,16,4,tonight mate catch sleep new number way
ham,"Height of ""Oh shit....!!"" situation: A guy throws a luv letter on a gal but falls on her brothers head whos a gay,.;-):-D",0,121,23,3,height oh shit situat guy throw luv letter gal fall brother head who gayd
spam,Ur HMV Quiz cash-balance is currently £500 - to maximize ur cash-in now send HMV1 to 86688 only 150p/msg,1,104,19,1,ur hmv quiz cashbal current maxim ur cashin send hmv pmsg
ham,"So check your errors and if you had difficulties, do correction.",0,64,11,2,check error difficulti correct
ham,Howz pain?hope u r fine..,0,25,5,3,howz painhop fine
ham,U wake up already? Thanx 4 e tau sar piah it's quite nice.,0,58,13,3,wake alreadi thanx tau sar piah quit nice
ham,K do I need a login or anything,0,31,8,1,need login anyth
spam,Dont forget you can place as many FREE Requests with 1stchoice.co.uk as you wish. For more Information call 08707808226.,1,120,19,5,dont forget place mani free request stchoicecouk wish inform call
ham,LOL ... No just was busy,0,24,6,2,lol busi
ham,What * u wearing?,0,17,4,2,wear
ham,Oh:)as usual vijay film or its different?,0,41,7,2,oha usual vijay film differ
spam,I don't know u and u don't know me. Send CHAT to 86688 now and let's find each other! Only 150p/Msg rcvd. HG/Suite342/2Lands/Row/W1J6HL LDN. 18 years or over.,1,158,28,6,dont know dont know send chat let find pmsg rcvd hgsuit landsroww hl ldn year
ham,Have you had a good day? Mine was really busy are you up to much tomorrow night?,0,80,17,3,good day mine realli busi much tomorrow night
ham,And is there a way you can send shade's stuff to her. And she has been wonderful too.,0,85,18,3,way send shade stuff wonder
ham,Really... I tot ur paper ended long ago... But wat u copied jus now got use? U happy lar... I still haf 2 study :-(,0,115,25,5,realli tot ur paper end long ago wat copi ju got use happi lar still haf studi
spam,"Thank you, winner notified by sms. Good Luck! No future marketing reply STOP to 84122 customer services 08450542832",1,115,18,3,thank winner notifi sm good luck futur market repli stop custom servic
ham,Babe ? I lost you ... :-(,0,25,7,3,babe lost
ham,Ok... Help me ask if she's working tmr a not?,0,45,10,3,ok help ask she work tmr
ham,I'm not driving... Raining! Then i'll get caught at e mrt station lor.,0,70,13,4,im drive rain ill get caught mrt station lor
ham,Not a drop in the tank,0,22,6,1,drop tank
ham,(That said can you text him one more time?),0,43,9,2,said text one time
ham,Ok i go change also...,0,22,5,2,ok go chang also
spam,1000's of girls many local 2 u who r virgins 2 this & r ready 2 4fil ur every sexual need. Can u 4fil theirs? text CUTE to 69911(£1.50p. m),1,139,30,5,girl mani local virgin readi fil ur everi sexual need fil text cute
ham,Did u find a sitter for kaitlyn? I was sick and slept all day yesterday.,0,72,15,3,find sitter kaitlyn sick slept day yesterday
ham,"Sorry man, accidentally left my phone on silent last night and didn't check it til I got up",0,91,18,1,sorri man accident left phone silent last night didnt check til got
ham,Hey.. Something came up last min.. Think i wun be signing up tmr.. Hee,0,70,14,4,hey someth came last min think wun sign tmr hee
ham,He's an adult and would learn from the experience. There's no real danger. I just dont like peeps using drugs they dont need. But no comment,0,140,26,4,he adult would learn experi there real danger dont like peep use drug dont need comment
ham,Hey! There's veggie pizza... :/,0,31,5,3,hey there veggi pizza
ham,Yun buying... But school got offer 2000 plus only...,0,52,9,3,yun buy school got offer plu
ham,You sure your neighbors didnt pick it up,0,40,8,1,sure neighbor didnt pick
ham,K. I will sent it again,0,23,6,2,sent
ham,Well. Im computerless. Time to make some oreo truffles,0,54,9,3,well im computerless time make oreo truffl
ham,"Haha yeah I see that now, be there in a sec",0,43,11,1,haha yeah see sec
ham,I am not having her number sir,0,30,7,1,number sir
ham,Lol now I'm after that hot air balloon!,0,39,8,2,lol im hot air balloon
ham,Ok . . now i am in bus. . If i come soon i will come otherwise tomorrow,0,71,18,5,ok bu come soon come otherwis tomorrow
ham,Msgs r not time pass.They silently say that I am thinking of U right now and also making U think of me at least 4 a moment. Gd nt.swt drms @Shesil,0,146,31,4,msg time passthey silent say think right also make think least moment gd ntswt drm shesil
ham,"Yeah, we can probably swing by once my roommate finishes up with his girl",0,73,14,1,yeah probabl swing roommat finish girl
spam,"Got what it takes 2 take part in the WRC Rally in Oz? U can with Lucozade Energy! Text RALLY LE to 61200 (25p), see packs or lucozade.co.uk/wrc & itcould be u!",1,159,32,6,got take take part wrc ralli oz lucozad energi text ralli le see pack lucozadecoukwrc itcould
ham,Happy new years melody!,0,23,4,2,happi new year melodi
ham,Ü dun need to pick ur gf?,0,25,7,2,dun need pick ur gf
ham,Yay! You better not have told that to 5 other girls either.,0,59,12,3,yay better told girl either
ham,Horrible u eat macs eat until u forgot abt me already rite... U take so long 2 reply. I thk it's more toot than b4 so b prepared. Now wat shall i eat?,0,150,33,5,horribl eat mac eat forgot abt alreadi rite take long repli thk toot prepar wat shall eat
ham,"Did he say how fantastic I am by any chance, or anything need a bigger life lift as losing the will 2 live, do you think I would be the first person 2 die from N V Q?",0,166,38,2,say fantast chanc anyth need bigger life lift lose live think would first person die
ham,Just nw i came to hme da..,0,26,7,2,nw came hme da
ham,"I'm outside islands, head towards hard rock and you'll run into me",0,66,12,1,im outsid island head toward hard rock youll run
ham,To day class is there are no class.,0,35,8,2,day class class
ham,I'm in chennai velachery:),0,26,4,1,im chennai velacheri
ham,You flippin your shit yet?,0,26,5,2,flippin shit yet
ham,"K give me a sec, breaking a  &lt;#&gt;  at cstore",0,49,10,1,give sec break ltgt cstore
ham,Am i that much bad to avoid like this?,0,38,9,2,much bad avoid like
ham,"Yo, you around? Just got my car back",0,36,8,2,yo around got car back
ham,Annoying isn't it.,0,18,3,2,annoy isnt
ham,"Goodmorning, Today i am late for  &lt;#&gt; min.",0,48,8,2,goodmorn today late ltgt min
ham,There's no point hangin on to mr not right if he's not makin u happy,0,68,15,1,there point hangin mr right he makin happi
ham,All will come alive.better correct any good looking figure there itself..,0,73,11,3,come alivebett correct good look figur
ham,In that case I guess I'll see you at campus lodge,0,49,11,1,case guess ill see campu lodg
ham,We're done...,0,13,2,2,done
ham,Come to my home for one last time i wont do anything. Trust me.,0,63,14,3,come home one last time wont anyth trust
ham,I was up all night too worrying about this appt. It's a shame we missed a girls night out with quizzes popcorn and you doing my hair.,0,133,27,3,night worri appt shame miss girl night quiz popcorn hair
spam,Sex up ur mobile with a FREE sexy pic of Jordan! Just text BABE to 88600. Then every wk get a sexy celeb! PocketBabe.co.uk 4 more pics. 16 £3/wk 087016248,1,154,30,7,sex ur mobil free sexi pic jordan text babe everi wk get sexi celeb pocketbabecouk pic wk
ham,Ok... C ya...,0,13,3,3,ok ya
spam,You have 1 new voicemail. Please call 08719181503,1,49,8,2,new voicemail pleas call
ham,What he said is not the matter. My mind saying some other matter is there.,0,74,15,3,said matter mind say matter
ham,"Al he does is moan at me if n e thin goes wrong its my fault&al de arguments r my fault&fed up of him of himso y bother? Hav 2go, thanx.xx",0,138,31,3,al moan thin go wrong faultal de argument faultf himso bother hav go thanxxx
ham,NEFT Transaction with reference number  &lt;#&gt;  for Rs. &lt;DECIMAL&gt;  has been credited to the beneficiary account on  &lt;#&gt;  at  &lt;TIME&gt; : &lt;#&gt;,0,164,22,2,neft transact refer number ltgt r ltdecimalgt credit beneficiari account ltgt lttimegt ltgt
ham,Otherwise had part time job na-tuition..,0,40,6,2,otherwis part time job natuit
ham,I know she called me,0,20,5,1,know call
ham,"Me also da, i feel yesterday night  wait til 2day night dear.",0,61,12,2,also da feel yesterday night wait til day night dear
ham,Thanks for understanding. I've been trying to tell sura that.,0,61,10,3,thank understand ive tri tell sura
spam,WIN a year supply of CDs 4 a store of ur choice worth £500 & enter our £100 Weekly draw txt MUSIC to 87066 Ts&Cs www.Ldew.com.subs16+1win150ppmx3,1,145,26,4,win year suppli cd store ur choic worth enter weekli draw txt music tsc
ham,The whole car appreciated the last two! Dad and are having a map reading semi argument but apart from that things are going ok. P.,0,130,25,4,whole car appreci last two dad map read semi argument apart thing go ok
spam,"As a SIM subscriber, you are selected to receive a Bonus! Get it delivered to your door, Txt the word OK to No: 88600 to claim. 150p/msg, EXP. 30Apr",1,148,29,4,sim subscrib select receiv bonu get deliv door txt word ok claim pmsg exp apr
ham,I need you to be in my strong arms...,0,37,9,2,need strong arm
ham,Also maaaan are you missing out,0,31,6,1,also maaaan miss
ham,His bday real is in april .,0,27,7,2,bday real april
ham,Guessin you ain't gonna be here before 9?,0,41,8,2,guessin aint gon na
ham,Ok then i will come to ur home after half an hour,0,49,12,1,ok come ur home half hour
ham,"Yo, the game almost over? Want to go to walmart soon",0,52,11,2,yo game almost want go walmart soon
ham,"Yeah, probably but not sure. Ilol let u know, but personally I wuldnt bother, then again if ur goin to then I mite as well!!",0,124,25,3,yeah probabl sure ilol let know person wuldnt bother ur goin mite well
ham,I'll text now! All creepy like so he won't think that we forgot,0,63,13,2,ill text creepi like wont think forgot
ham,"that would be good … I'll phone you tomo lunchtime, shall I, to organise something?",0,83,15,2,would good ill phone tomo lunchtim shall organis someth
spam,You have 1 new voicemail. Please call 08719181513.,1,50,8,3,new voicemail pleas call
ham,"Damn, can you make it tonight or do you want to just wait til tomorrow",0,70,15,1,damn make tonight want wait til tomorrow
ham,K..k..i'm also fine:)when will you complete the course?,0,55,8,4,kkim also finewhen complet cours
ham,"True. It is passable. And if you get a high score and apply for phd, you get 5years of salary. So it makes life easier.",0,119,25,5,true passabl get high score appli phd get year salari make life easier
spam,No. 1 Nokia Tone 4 ur mob every week! Just txt NOK to 87021. 1st Tone FREE ! so get txtin now and tell ur friends. 150p/tone. 16 reply HL 4info,1,143,31,7,nokia tone ur mob everi week txt nok st tone free get txtin tell ur friend ptone repli hl info
ham,Prakesh is there know.,0,22,4,2,prakesh know
ham,Teach me apps da. When you come to college.,0,43,9,3,teach app da come colleg
ham,Rofl betta invest in some  anti aging products,0,46,8,1,rofl betta invest anti age product
ham,"sir, you will receive the account no another 1hr time. Sorry for the delay.",0,75,14,3,sir receiv account anoth hr time sorri delay
spam,Reply with your name and address and YOU WILL RECEIVE BY POST a weeks completely free accommodation at various global locations www.phb1.com ph:08700435505150p,1,159,23,3,repli name address receiv post week complet free accommod variou global locat ph
ham,So ü'll be submitting da project tmr rite?,0,42,8,2,üll submit da project tmr rite
spam,FREE entry into our £250 weekly comp just send the word ENTER to 84128 NOW. 18 T&C www.textcomp.com cust care 08712405020.,1,122,21,5,free entri weekli comp send word enter tc cust care
ham,Jus ans me lar. U'll noe later.,0,31,7,3,ju an lar ull noe later
ham,I want to send something that can sell fast.  &lt;#&gt; k is not easy money.,0,76,15,3,want send someth sell fast ltgt easi money
ham,have got * few things to do. may be in * pub later.,0,51,13,3,got thing may pub later
ham,1's finish meeting call me.,0,27,5,2,finish meet call
ham,Lol ok. I'll snatch her purse too.,0,34,7,3,lol ok ill snatch purs
ham,Hello-/@drivby-:0quit edrunk sorry iff pthis makes no senrd-dnot no how ^ dancce 2 drum n basq!ihave fun 2nhite x ros xxxxxxx,0,125,21,2,edrunk sorri iff pthi make senrddnot dancc drum basqihav fun nhite ro xxxxxxx
ham,How much are we getting?,0,24,5,2,much get
ham,Is ur paper in e morn or aft tmr?,0,33,9,2,ur paper morn aft tmr
ham,"Dear relieved of westonzoyland, all going to plan this end too!",0,63,11,2,dear reliev westonzoyland go plan end
ham,Hope you are having a great new semester. Do wish you the very best. You are made for greatness.,0,96,19,4,hope great new semest wish best made great
ham,Oh yes I can speak txt 2 u no! Hmm. Did u get  email?,0,53,14,4,oh ye speak txt hmm get email
ham,"I want to show you the world, princess :) how about europe?",0,59,12,2,want show world princess europ
ham,Nobody can decide where to eat and dad wants Chinese,0,52,10,1,nobodi decid eat dad want chines
ham,No shoot me. I'm in the docs waiting room. :/,0,45,10,3,shoot im doc wait room
ham,Now? I'm going out 4 dinner soon..,0,34,7,3,im go dinner soon
ham,Hello which the site to download songs its urgent pls,0,53,10,1,hello site download song urgent pl
ham,"I do know what u mean,  is the king of not havin credit! I'm goin2bed now. Night night sweet! Only1more sleep!",0,110,21,5,know mean king havin credit im goin bed night night sweet sleep
ham,Horrible gal. Me in sch doing some stuff. How come u got mc?,0,60,13,4,horribl gal sch stuff come got mc
ham,"HI HUN! IM NOT COMIN 2NITE-TELL EVERY1 IM SORRY 4 ME, HOPE U AVA GOODTIME!OLI RANG MELNITE IFINK IT MITE B SORTED,BUT IL EXPLAIN EVERYTHIN ON MON.L8RS.x",0,152,27,5,hi hun im comin nitetel everi im sorri hope ava goodtimeoli rang melnit ifink mite sortedbut il explain everythin monl rsx
spam,Please CALL 08712402779 immediately as there is an urgent message waiting for you,1,81,13,1,pleas call immedi urgent messag wait
ham,Yeah like if it goes like it did with my friends imma flip my shit in like half an hour,0,87,20,1,yeah like go like friend imma flip shit like half hour
ham,Mum say we wan to go then go... Then she can shun bian watch da glass exhibition...,0,83,17,3,mum say wan go go shun bian watch da glass exhibit
ham,What your plan for pongal?,0,26,5,2,plan pongal
ham,Just wait till end of march when el nino gets himself. Oh.,0,58,12,3,wait till end march el nino get oh
ham,"Not yet chikku..going to room nw, i'm in bus..",0,46,9,3,yet chikkugo room nw im bu
ham,Am also doing in cbe only. But have to pay.,0,43,10,3,also cbe pay
ham,Honey boo I'm missing u.,0,24,5,2,honey boo im miss
ham,"We have sent JD for Customer Service cum Accounts Executive to ur mail id, For details contact us",0,97,18,1,sent jd custom servic cum account execut ur mail id detail contact u
ham,"Yo, I'm at my parents' gettin cash. Good news: we picked up a downstem",0,70,14,2,yo im parent gettin cash good news pick downstem
ham,"Thank you so much. When we skyped wit kz and sura, we didnt get the pleasure of your company. Hope you are good. We've given you ultimatum oh! We are countin down to aburo. Enjoy!",0,179,35,7,thank much skype wit kz sura didnt get pleasur compani hope good weve given ultimatum oh countin aburo enjoy
spam,"Hungry gay guys feeling hungry and up 4 it, now. Call 08718730555 just 10p/min. To stop texts call 08712460324 (10p/min)",1,120,20,3,hungri gay guy feel hungri call pmin stop text call pmin
ham,Ok. No wahala. Just remember that a friend in need ...,0,54,11,4,ok wahala rememb friend need
ham,I will see in half an hour,0,26,7,1,see half hour
ham,"Im in inperialmusic listening2the weirdest track ever byleafcutter john-sounds like insects being molested&someone plumbing,remixed by evil men on acid!",0,154,19,2,im inperialmus listen weirdest track ever byleafcutt johnsound like insect molestedsomeon plumbingremix evil men acid
ham,"Hey sorry I didntgive ya a a bellearlier hunny,just been in bedbut mite go 2 thepub l8tr if uwana mt up?loads a luv Jenxxx.",0,123,24,3,hey sorri didntgiv ya bellearli hunnyjust bedbut mite go thepub tr uwana mt upload luv jenxxx
ham,SERIOUSLY. TELL HER THOSE EXACT WORDS RIGHT NOW.,0,48,8,3,serious tell exact word right
spam,Can U get 2 phone NOW? I wanna chat 2 set up meet Call me NOW on 09096102316 U can cum here 2moro Luv JANE xx Calls£1/minmoremobsEMSPOBox45PO139WA,1,146,27,2,get phone wan na chat set meet call cum moro luv jane xx calls£ minmoremobsemspobox po wa
ham,"Tee hee. Off to lecture, cheery bye bye.",0,40,8,3,tee hee lectur cheeri bye bye
ham,"Sorry chikku, my cell got some problem thts y i was nt able to reply u or msg u..",0,81,19,2,sorri chikku cell got problem tht nt abl repli msg
ham,If you still havent collected the dough pls let me know so i can go to the place i sent it to get the control number,0,116,26,1,still havent collect dough pl let know go place sent get control number
ham,Ok...,0,5,1,2,ok
spam,network operator. The service is free. For T & C's visit 80488.biz,1,66,12,4,network oper servic free c visit biz
ham,Let me know how to contact you. I've you settled in a room. Lets know you are ok.,0,81,18,4,let know contact ive settl room let know ok
ham,Wot u up 2 u weirdo?,0,20,6,2,wot weirdo
ham,Can do lor...,0,13,3,2,lor
ham,Dont put your phone on silent mode ok,0,37,8,1,dont put phone silent mode ok
ham,Can i meet ü at 5.. As 4 where depends on where ü wan 2 in lor..,0,64,17,3,meet depend wan lor
ham,Waiting 4 my tv show 2 start lor... U leh still busy doing ur report?,0,69,15,3,wait tv show start lor leh still busi ur report
ham,Oh ho. Is this the first time u use these type of words,0,55,13,2,oh ho first time use type word
ham,Am I the only one who doesn't stalk profiles?,0,45,9,2,one doesnt stalk profil
ham,"Ever green quote ever told by Jerry in cartoon ""A Person Who Irritates u Always Is the one Who Loves u Vry Much But Fails to Express It...!..!! :-) :-) gud nyt",0,159,32,2,ever green quot ever told jerri cartoon person irrit alway one love vri much fail express gud nyt
ham,Yes i thought so. Thanks.,0,25,5,3,ye thought thank
ham,But if she.s drinkin i'm ok.,0,28,6,3,she drinkin im ok
ham,"Just wondering, the others just took off",0,40,7,1,wonder other took
ham,"Night has ended for another day, morning has come in a special way. May you smile like the sunny rays and leaves your worries at the blue blue bay. Gud mrng",0,156,31,3,night end anoth day morn come special way may smile like sunni ray leaf worri blue blue bay gud mrng
ham,"What do you do, my dog ? Must I always wait till the end of your day to have word from you ? Did you run out of time on your cell already?",0,138,33,4,dog must alway wait till end day word run time cell alreadi
ham,Happy new year to u too!,0,24,6,2,happi new year
ham,"Hey...Great deal...Farm tour 9am to 5pm $95/pax, $50 deposit by 16 May",0,70,12,3,heygreat dealfarm tour pm pax deposit may
ham,Eat jap done oso aft ur lect wat... Ü got lect at 12 rite...,0,60,14,3,eat jap done oso aft ur lect wat got lect rite
ham,"Hey babe! I saw you came online for a second and then you disappeared, what happened ?",0,86,17,3,hey babe saw came onlin second disappear happen
ham,Da my birthdate in certificate is in april but real date is today. But dont publish it. I shall give you a special treat if you keep the secret. Any way thanks for the wishes,0,174,35,4,da birthdat certif april real date today dont publish shall give special treat keep secret way thank wish
ham,Happy birthday... May all ur dreams come true...,0,48,8,3,happi birthday may ur dream come true
ham,Aiyah u did ok already lar. E nydc at wheellock?,0,48,10,3,aiyah ok alreadi lar nydc wheellock
ham,TELL HER I SAID EAT SHIT.,0,25,6,2,tell said eat shit
ham,Sure! I am driving but will reach my destination soon.,0,54,10,3,sure drive reach destin soon
ham,"K so am I, how much for an 8th? Fifty?",0,38,10,3,much th fifti
ham,Your daily text from me – a favour this time,0,44,10,1,daili text favour time
ham,Great to hear you are settling well. So what's happenin wit ola?,0,64,12,3,great hear settl well what happenin wit ola
ham,Those cocksuckers. If it makes you feel better ipads are worthless garbage novelty items and you should feel bad for even wanting one,0,133,23,2,cocksuck make feel better ipad worthless garbag novelti item feel bad even want one
ham,I tot u reach liao. He said t-shirt.,0,36,8,3,tot reach liao said tshirt
ham,"FRAN I DECIDED 2 GO N E WAY IM COMPLETELY BROKE AN KNACKERED I GOT UP BOUT 3 C U 2MRW LOVE JANX P.S THIS IS MY DADS FONE, -NO CREDIT",0,132,31,2,fran decid go way im complet broke knacker got bout mrw love janx p dad fone credit
ham,Your right! I'll make the appointment right now.,0,48,8,3,right ill make appoint right
ham,Designation is software developer and may be she get chennai:),0,62,10,1,design softwar develop may get chennai
spam,Enjoy the jamster videosound gold club with your credits for 2 new videosounds+2 logos+musicnews! get more fun from jamster.co.uk! 16+only Help? call: 09701213186,1,162,23,6,enjoy jamster videosound gold club credit new videosound logosmusicnew get fun jamstercouk help call
spam,"Get 3 Lions England tone, reply lionm 4 mono or lionp 4 poly. 4 more go 2 www.ringtones.co.uk, the original n best. Tones 3GBP network operator rates apply",1,155,28,6,get lion england tone repli lionm mono lionp poli go origin best tone gbp network oper rate appli
ham,I jokin oni lar.. Ü busy then i wun disturb ü.,0,46,11,3,jokin oni lar busi wun disturb
ham,"Ok, be careful ! Don't text and drive !",0,39,9,3,ok care dont text drive
ham,"I.ll always be there, even if its just in spirit. I.ll get a bb soon. Just trying to be sure i need it.",0,103,23,6,ill alway even spirit ill get bb soon tri sure need
ham,U r too much close to my heart. If u go away i will be shattered. Plz stay with me.,0,83,20,4,much close heart go away shatter plz stay
ham,I love u 2 babe! R u sure everything is alrite. Is he being an idiot? Txt bak girlie,0,84,19,4,love babe sure everyth alrit idiot txt bak girli
ham,How abt making some of the pics bigger?,0,39,8,2,abt make pic bigger
ham,Got but got 2 colours lor. One colour is quite light n e other is darker lor. Actually i'm done she's styling my hair now.,0,122,25,4,got got colour lor one colour quit light darker lor actual im done she style hair
ham,"Whenevr ur sad, Whenevr ur gray, Remembr im here 2 listn 2 watevr u wanna say, Jus walk wid me a little while,&amp; I promise I'll bring back ur smile.:-)",0,154,30,2,whenevr ur sad whenevr ur gray remembr im listn watevr wan na say ju walk wid littl whileamp promis ill bring back ur smile
ham,Why nothing. Ok anyway give me treat,0,36,7,2,noth ok anyway give treat
spam,"Win the newest “Harry Potter and the Order of the Phoenix (Book 5) reply HARRY, answer 5 questions - chance to be the first among readers!",1,138,26,2,win newest harri potter order phoenix book repli harri answer question chanc first among reader
ham,Correct. So how was work today,0,30,6,2,correct work today
ham,"Just sent again. Do you scream and moan in bed, princess?",0,57,11,3,sent scream moan bed princess
ham,"I wake up long ago already... Dunno, what other thing?",0,54,10,3,wake long ago alreadi dunno thing
ham,Oh just getting even with u.... u?,0,34,7,3,oh get even
ham,I thk 50 shd be ok he said plus minus 10.. Did ü leave a line in between paragraphs?,0,84,19,3,thk shd ok said plu minu leav line paragraph
ham,Can you call me plz. Your number shows out of coveragd area. I have urgnt call in vasai &amp; have to reach before 4'o clock so call me plz,0,139,29,3,call plz number show coveragd area urgnt call vasai amp reach clock call plz
ham,Yeah jay's sort of a fucking retard,0,35,7,1,yeah jay sort fuck retard
ham,"Sorry, was in the bathroom, sup",0,31,6,1,sorri bathroom sup
spam,Ur balance is now £500. Ur next question is: Who sang 'Uptown Girl' in the 80's ? 2 answer txt ur ANSWER to 83600. Good luck!,1,125,26,5,ur balanc ur next question sang uptown girl answer txt ur answer good luck
ham,My exam is for february 4. Wish you a great day.,0,48,11,3,exam februari wish great day
ham,I dont know what to do to come out of this so only am ask questions like this dont mistake me.,0,94,21,2,dont know come ask question like dont mistak
ham,"Aight no rush, I'll ask jay",0,27,6,1,aight rush ill ask jay
ham,Good Morning plz call me sir,0,28,6,1,good morn plz call sir
ham,It's ok lar. U sleep early too... Nite...,0,41,8,4,ok lar sleep earli nite
ham,"Oh... Icic... K lor, den meet other day...",0,42,8,4,oh icic lor den meet day
ham,"Oh ! A half hour is much longer in Syria than Canada, eh ? Wow you must get SO much more work done in a day than us with all that extra time ! *grins*",0,150,35,4,oh half hour much longer syria canada eh wow must get much work done day u extra time grin
ham,"Sometimes we put walls around our hearts,not just to be safe from getting hurt.. But to find out who cares enough to break the walls &amp; get closer.. GOODNOON:)",0,162,29,3,sometim put wall around heartsnot safe get hurt find care enough break wall amp get closer goodnoon
ham,"Sweet, we may or may not go to 4U to meet carlos so gauge patty's interest in that",0,82,18,1,sweet may may go meet carlo gaug patti interest
ham,Then she buying today? Ü no need to c meh...,0,44,10,3,buy today need meh
ham,Aight sorry I take ten years to shower. What's the plan?,0,56,11,3,aight sorri take ten year shower what plan
ham,Every monday..nxt week vl be completing..,0,41,6,3,everi mondaynxt week vl complet
ham,Might ax well im there.,0,23,5,2,might ax well im
ham,Just chill for another 6hrs. If you could sleep the pain is not a surgical emergency so see how it unfolds. Okay,0,112,22,3,chill anoth hr could sleep pain surgic emerg see unfold okay
ham,Yeah I'll try to scrounge something up,0,38,7,1,yeah ill tri scroung someth
ham,Crazy ar he's married. Ü like gd looking guys not me. My frens like say he's korean leona's fave but i dun thk he is. Aft some thinking mayb most prob i'll go.,0,159,33,5,crazi ar he marri like gd look guy fren like say he korean leona fave dun thk aft think mayb prob ill go
ham,Were somewhere on Fredericksburg,0,32,4,1,somewher fredericksburg
ham,Que pases un buen tiempo or something like that,0,47,9,1,que pa un buen tiempo someth like
ham,Is it ok if I stay the night here? Xavier has a sleeping bag and I'm getting tired,0,82,18,2,ok stay night xavier sleep bag im get tire
ham,She doesnt need any test.,0,25,5,2,doesnt need test
ham,"Nothing much, chillin at home. Any super bowl plan?",0,51,9,3,noth much chillin home super bowl plan
spam,"FREE2DAY sexy St George's Day pic of Jordan!Txt PIC to 89080 dont miss out, then every wk a saucy celeb!4 more pics c PocketBabe.co.uk 0870241182716 £3/wk",1,154,26,5,free day sexi st georg day pic jordantxt pic dont miss everi wk sauci celeb pic pocketbabecouk wk
ham,Bugis oso near wat...,0,21,4,2,bugi oso near wat
ham,Yo theres no class tmrw right?,0,30,6,2,yo there class tmrw right
ham,Let Ur Heart Be Ur Compass Ur Mind Ur Map Ur Soul Ur Guide And U Will Never loose in world....gnun - Sent via WAY2SMS.COM,0,121,25,3,let ur heart ur compass ur mind ur map ur soul ur guid never loos worldgnun sent via way smscom
ham,"Goodnight, sleep well da please take care pa. Please.",0,53,9,3,goodnight sleep well da pleas take care pa pleas
ham,Baaaaabe! I misss youuuuu ! Where are you ? I have to go and teach my class at 5 ...,0,84,20,5,baaaaab miss youuuuu go teach class
ham,U ned to convince him tht its not possible witot hurting his feeling its the main,0,81,16,1,ned convinc tht possibl witot hurt feel main
ham,"Good afternoon loverboy ! How goes you day ? Any luck come your way? I think of you, sweetie and send my love across the sea to make you smile and happy",0,152,32,4,good afternoon loverboy go day luck come way think sweeti send love across sea make smile happi
ham,If i start sending blackberry torch to nigeria will you find buyer for me?like 4a month. And tell dad not to buy bb from anyone oh.,0,131,26,4,start send blackberri torch nigeria find buyer melik month tell dad buy bb anyon oh
ham,"&lt;#&gt; %of pple marry with their lovers... becz they hav gud undrstndng dat avoids problems. i sent dis 2 u, u wil get gud news on friday by d person you like. And tomorrow will be the best day of your life. Dont break this chain. If you break you will suffer. send this to  &lt;#&gt;  frnds in &lt;#&gt;  mins whn u read...",0,327,63,8,ltgt pple marri lover becz hav gud undrstndng dat avoid problem sent di wil get gud news friday person like tomorrow best day life dont break chain break suffer send ltgt frnd ltgt min whn read
ham,Yo dude guess who just got arrested the other day,0,49,10,1,yo dude guess got arrest day
ham,Shuhui say change 2 suntec steamboat? U noe where? Where r u now?,0,65,13,4,shuhui say chang suntec steamboat noe
ham,What does the dance river do?,0,29,6,2,danc river
ham,"Yetunde, i'm sorry but moji and i seem too busy to be able to go shopping. Can you just please find some other way to get what you wanted us to get. Please forgive me. You can reply free via yahoo messenger.",0,207,42,5,yetund im sorri moji seem busi abl go shop pleas find way get want u get pleas forgiv repli free via yahoo messeng
ham,Hey i will be really pretty late... You want to go for the lesson first? I will join you. I'm only reaching tp mrt,0,114,24,4,hey realli pretti late want go lesson first join im reach tp mrt
spam,"HOT LIVE FANTASIES call now 08707509020 Just 20p per min NTT Ltd, PO Box 1327 Croydon CR9 5WB 0870..k",1,101,19,2,hot live fantasi call per min ntt ltd po box croydon cr wb
ham,Bbq this sat at mine from 6ish. Ur welcome 2 come,0,49,11,2,bbq sat mine ish ur welcom come
ham,"I don't know, same thing that's wrong everyso often, he panicks starts goin on bout not bein good enough …",0,106,20,1,dont know thing that wrong everyso often panick start goin bout bein good enough
ham,Alright. I'm out--have a good night!,0,36,6,3,alright im outhav good night
ham,Did you try making another butt.,0,32,6,2,tri make anoth butt
ham,Hope you are feeling great. Pls fill me in. Abiola,0,50,10,3,hope feel great pl fill abiola
ham,I though we shd go out n have some fun so bar in town or something – sound ok?,0,78,19,2,though shd go fun bar town someth sound ok
ham,"1) Go to write msg 2) Put on Dictionary mode 3)Cover the screen with hand, 4)Press  &lt;#&gt; . 5)Gently remove Ur hand.. Its interesting..:)",0,141,24,4,go write msg put dictionari mode cover screen hand press ltgt gentli remov ur hand interest
spam,"Bears Pic Nick, and Tom, Pete and ... Dick. In fact, all types try gay chat with photo upload call 08718730666 (10p/min). 2 stop texts call 08712460324",1,151,27,4,bear pic nick tom pete dick fact type tri gay chat photo upload call pmin stop text call
spam,"500 New Mobiles from 2004, MUST GO! Txt: NOKIA to No: 89545 & collect yours today!From ONLY £1 www.4-tc.biz 2optout 087187262701.50gbp/mtmsg18 TXTAUCTION",1,153,22,6,new mobil must go txt nokia collect todayfrom optout gbpmtmsg txtauction
ham,We're finally ready fyi,0,23,4,1,final readi fyi
ham,Auntie huai juan never pick up her phone,0,40,8,1,aunti huai juan never pick phone
spam,Double Mins & Double Txt & 1/2 price Linerental on Latest Orange Bluetooth mobiles. Call MobileUpd8 for the very latest offers. 08000839402 or call2optout/LF56,1,159,24,3,doubl min doubl txt price linerent latest orang bluetooth mobil call mobileupd latest offer call optoutlf
ham,"Ya tel, wats ur problem..",0,25,5,2,ya tel wat ur problem
ham,i dnt wnt to tlk wid u,0,22,7,1,dnt wnt tlk wid
ham,"We spend our days waiting for the ideal path to appear in front of us.. But what we forget is.. ""paths are made by walking.. not by waiting.."" Goodnight!",0,153,29,6,spend day wait ideal path appear front u forget path made walk wait goodnight
ham,Its ok my arm is feeling weak cuz i got a shot so we can go another time,0,72,18,1,ok arm feel weak cuz got shot go anoth time
ham,Please reserve ticket on saturday eve from chennai to thirunelvali and again from tirunelvali to chennai on sunday eve...i already see in net..no ticket available..i want to book ticket through tackle ..,0,203,32,5,pleas reserv ticket saturday eve chennai thirunelvali tirunelvali chennai sunday evei alreadi see netno ticket availablei want book ticket tackl
ham,"Storming msg: Wen u lift d phne, u say ""HELLO"" Do u knw wt is d real meaning of HELLO?? . . . It's d name of a girl..! . . . Yes.. And u knw who is dat girl?? ""Margaret Hello"" She is d girlfrnd f Grahmbell who invnted telphone... . . . . Moral:One can 4get d name of a person, bt not his girlfrnd... G o o d n i g h t . . .@",0,324,79,20,storm msg wen lift phne say hello knw wt real mean hello name girl ye knw dat girl margaret hello girlfrnd grahmbel invnt telphon moralon get name person bt girlfrnd
ham,That's ok. I popped in to ask bout something and she said you'd been in. Are you around tonght wen this girl comes?,0,115,23,4,that ok pop ask bout someth said youd around tonght wen girl come
ham,All e best 4 ur exam later.,0,27,7,2,best ur exam later
ham,Hope ur head doesn't hurt 2 much ! Am ploughing my way through a pile of ironing ! Staying in with a chinky tonight come round if you like.,0,139,29,4,hope ur head doesnt hurt much plough way pile iron stay chinki tonight come round like
ham,Oh k.i think most of wi and nz players unsold.,0,46,10,3,oh ki think wi nz player unsold
ham,"Haha... Where got so fast lose weight, thk muz go 4 a month den got effect... Gee,later we go aust put bk e weight.",0,115,24,4,haha got fast lose weight thk muz go month den got effect geelat go aust put bk weight
ham,"I wonder how you got online, my love ? Had you gone to the net cafe ? Did you get your phone recharged ? Were you on a friends net ? I think of you, boytoy",0,155,36,5,wonder got onlin love gone net cafe get phone recharg friend net think boytoy
ham,"Haha just kidding, papa needs drugs",0,35,6,1,haha kid papa need drug
ham,"Thk shld b can... Ya, i wana go 4 lessons... Haha, can go for one whole stretch...",0,82,17,4,thk shld ya wana go lesson haha go one whole stretch
ham,Oh ok..,0,7,2,2,oh ok
ham,R we still meeting 4 dinner tonight?,0,36,7,2,still meet dinner tonight
ham,Thats cool! I am a gentleman and will treat you with dignity and respect.,0,73,14,3,that cool gentleman treat digniti respect
ham,Shall i start from hear.,0,24,5,2,shall start hear
ham,Then we wait 4 u lor... No need 2 feel bad lar...,0,49,12,3,wait lor need feel bad lar
ham,No did you check? I got his detailed message now,0,48,10,2,check got detail messag
ham,You have registered Sinco as Payee. Log in at icicibank.com and enter URN  &lt;#&gt;  to confirm. Beware of frauds. Do NOT share or disclose URN to anyone.,0,155,27,6,regist sinco paye log icicibankcom enter urn ltgt confirm bewar fraud share disclos urn anyon
ham,"No, I decided that only people who care about stuff vote and caring about stuff is for losers",0,93,18,1,decid peopl care stuff vote care stuff loser
ham,Kaiez... Enjoy ur tuition... Gee... Thk e second option sounds beta... I'll go yan jiu den msg u...,0,99,18,6,kaiez enjoy ur tuition gee thk second option sound beta ill go yan jiu den msg
ham,cool. We will have fun practicing making babies!,0,48,8,3,cool fun practic make babi
ham,Actually getting ready to leave the house.,0,42,7,2,actual get readi leav hous
ham,K..k..any special today?,0,24,3,4,kkani special today
spam,"URGENT, IMPORTANT INFORMATION FOR O2 USER. TODAY IS YOUR LUCKY DAY! 2 FIND OUT WHY LOG ONTO HTTP://WWW.URAWINNER.COM THERE IS A FANTASTIC SURPRISE AWAITING FOR YOU",1,163,26,5,urgent import inform user today lucki day find log onto fantast surpris await
ham,Then we gotta do it after that,0,30,7,1,got ta
ham,"I've got ten bucks, jay is being noncomittal",0,44,8,1,ive got ten buck jay noncomitt
ham,Where at were hungry too,0,24,5,1,hungri
ham,Pls speak to that customer machan.,0,34,6,2,pl speak custom machan
ham,somewhere out there beneath the pale moon light someone think in of u some where out there where dreams come true... goodnite &amp; sweet dreams,0,144,25,2,somewher beneath pale moon light someon think dream come true goodnit amp sweet dream
spam,Dear U've been invited to XCHAT. This is our final attempt to contact u! Txt CHAT to 86688 150p/MsgrcvdHG/Suite342/2Lands/Row/W1J6HL LDN 18 yrs,1,143,22,3,dear uve invit xchat final attempt contact txt chat pmsgrcvdhgsuit landsroww hl ldn yr
ham,So wats ur opinion abt him and how abt is character?,0,52,11,2,wat ur opinion abt abt charact
ham,Jay is snickering and tells me that x is totally fucking up the chords as we speak,0,82,17,1,jay snicker tell total fuck chord speak
ham,No..few hours before.went to hair cut .,0,39,7,4,nofew hour beforew hair cut
ham,No wonder... Cos i dun rem seeing a silver car... But i thk i saw a black one...,0,80,18,4,wonder co dun rem see silver car thk saw black one
ham,Lmao. Take a pic and send it to me.,0,35,9,3,lmao take pic send
ham,Speak only when you feel your words are better than the silence... Gud mrng:-),0,78,14,2,speak feel word better silenc gud mrng
ham,No. She's currently in scotland for that.,0,41,7,3,she current scotland
ham,Do you work all this week ?,0,27,7,2,work week
spam,Congratulations ur awarded either £500 of CD gift vouchers & Free entry 2 our £100 weekly draw txt MUSIC to 87066 TnCs www.Ldew.com 1 win150ppmx3age16,1,150,25,3,congratul ur award either cd gift voucher free entri weekli draw txt music tnc win ppmx age
ham,Lol great now im getting hungry.,0,32,6,2,lol great im get hungri
ham,Yes.. now only saw your message..,0,33,6,3,ye saw messag
ham,I'll be at mu in like  &lt;#&gt;  seconds,0,41,8,1,ill mu like ltgt second
ham,THING R GOOD THANX GOT EXAMS IN MARCH IVE DONE NO REVISION? IS FRAN STILL WITH BOYF? IVE GOTTA INTERVIW 4 EXETER BIT WORRIED!x,0,126,24,4,thing good thanx got exam march ive done revis fran still boyf ive got ta interviw exet bit worriedx
ham,"Tell you what, if you make a little spreadsheet and track whose idea it was to smoke to determine who ""smokes too much"" for the entire month of february, I'll come up",0,166,32,1,tell make littl spreadsheet track whose idea smoke determin smoke much entir month februari ill come
spam,For sale - arsenal dartboard. Good condition but no doubles or trebles!,1,71,12,3,sale arsen dartboard good condit doubl trebl
ham,Don't look back at the building because you have no coat and i don't want you to get more sick. Just hurry home and wear a coat to the gym!!!,0,141,30,3,dont look back build coat dont want get sick hurri home wear coat gym
ham,"My painful personal thought- ""I always try to keep everybody happy all the time. But nobody recognises me when i am alone""",0,122,22,2,pain person thought alway tri keep everybodi happi time nobodi recognis alon
ham,Thanks for ve lovely wisheds. You rock,0,38,7,2,thank love wish rock
ham,You intrepid duo you! Have a great time and see you both soon.,0,62,13,3,intrepid duo great time see soon
ham,I asked sen to come chennai and search for job.,0,47,10,2,ask sen come chennai search job
ham,Dad went out oredi...,0,21,4,2,dad went oredi
ham,"I jus hope its true that  missin me cos i'm really missin him! You haven't done anything to feel guilty about, yet.",0,115,22,3,ju hope true missin co im realli missin havent done anyth feel guilti yet
ham,Wat so late still early mah. Or we juz go 4 dinner lor. Aiya i dunno...,0,71,16,4,wat late still earli mah juz go dinner lor aiya dunno
ham,"Arms fine, how's Cardiff and uni?",0,33,6,2,arm fine how cardiff uni
ham,In fact when do you leave? I think addie goes back to school tues or wed,0,72,16,2,fact leav think addi go back school tue wed
ham,"Cool breeze... Bright sun... Fresh flower... Twittering birds... All these waiting to wish u: ""GOODMORNING &amp; HAVE A NICE DAY"" :)",0,132,21,5,cool breez bright sun fresh flower twitter bird wait wish goodmorn amp nice day
ham,Ya:)going for restaurant..,0,26,3,2,yago restaur
ham,"Its ok., i just askd did u knw tht no?",0,38,10,3,ok askd knw tht
spam,Free 1st week entry 2 TEXTPOD 4 a chance 2 win 40GB iPod or £250 cash every wk. Txt POD to 84128 Ts&Cs www.textpod.net custcare 08712405020.,1,140,26,5,free st week entri textpod chanc win gb ipod cash everi wk txt pod tsc custcar
ham,Those ducking chinchillas,0,25,3,1,duck chinchilla
ham,I am in a marriage function,0,27,6,1,marriag function
ham,Looks like u wil b getting a headstart im leaving here bout 2.30ish but if u r desperate for my company I could head in earlier-we were goin to meet in rummer.,0,159,32,3,look like wil get headstart im leav bout ish desper compani could head earlierw goin meet rummer
ham,Don‘t give a flying monkeys wot they think and I certainly don‘t mind. Any friend of mine and all that!,0,103,20,3,give fli monkey wot think certainli mind friend mine
spam,As a registered optin subscriber ur draw 4 £100 gift voucher will be entered on receipt of a correct ans to 80062 Whats No1 in the BBC charts,1,141,28,1,regist optin subscrib ur draw gift voucher enter receipt correct an what bbc chart
ham,say thanks2.,0,12,2,2,say thank
ham,Msg me when rajini comes.,0,25,5,2,msg rajini come
ham,Ya! when are ü taking ure practical lessons? I start in june..,0,62,12,4,ya take ure practic lesson start june
ham,"That's good, because I need drugs",0,33,6,1,that good need drug
ham,Stupid.its not possible,0,23,3,2,stupidit possibl
ham,Can ü all decide faster cos my sis going home liao..,0,52,11,2,decid faster co si go home liao
spam,Summers finally here! Fancy a chat or flirt with sexy singles in yr area? To get MATCHED up just reply SUMMER now. Free 2 Join. OptOut txt STOP Help08714742804,1,159,29,5,summer final fanci chat flirt sexi singl yr area get match repli summer free join optout txt stop help
ham,U sleeping now.. Or you going to take? Haha.. I got spys wat.. Me online checking n replying mails lor..,0,104,20,6,sleep go take haha got spi wat onlin check repli mail lor
spam,CLAIRE here am havin borin time & am now alone U wanna cum over 2nite? Chat now 09099725823 hope 2 C U Luv CLAIRE xx Calls£1/minmoremobsEMSPOBox45PO139WA,1,153,26,2,clair havin borin time alon wan na cum nite chat hope luv clair xx calls£ minmoremobsemspobox po wa
spam,Bought one ringtone and now getting texts costing 3 pound offering more tones etc,1,81,14,1,bought one rington get text cost pound offer tone etc
ham,"Yalru lyfu astne chikku.. Bt innu mundhe lyf ali halla ke bilo (marriage)program edhae, so lyf is nt yet ovr chikku..ali vargu lyfu meow meow:-D",0,144,25,3,yalru lyfu astn chikku bt innu mundh lyf ali halla ke bilo marriageprogram edha lyf nt yet ovr chikkuali vargu lyfu meow meowd
ham,Kinda. First one gets in at twelve! Aah. Speak tomo,0,51,10,4,kinda first one get twelv aah speak tomo
spam,"09066362231 URGENT! Your mobile No 07xxxxxxxxx won a £2,000 bonus caller prize on 02/06/03! this is the 2nd attempt to reach YOU! call 09066362231 ASAP!",1,152,25,5,urgent mobil xxxxxxxxx bonu caller prize nd attempt reach call asap
ham,Ok good then i later come find ü... C lucky i told ü to go earlier... Later pple take finish ü no more again...,0,111,24,4,ok good later come find lucki told go earlier later pple take finish
ham,Wat makes u thk i'll fall down. But actually i thk i'm quite prone 2 falls. Lucky my dad at home i ask him come n fetch me already.,0,131,29,4,wat make thk ill fall actual thk im quit prone fall lucki dad home ask come fetch alreadi
spam,"YOU 07801543489 are guaranteed the latests Nokia Phone, a 40GB iPod MP3 player or a £500 prize! Txt word:COLLECT to No:83355! TC-LLC NY-USA 150p/Mt msgrcvd18+",1,158,25,3,guarante latest nokia phone gb ipod mp player prize txt wordcollect tcllc nyusa pmt msgrcvd
ham,I wont touch you with out your permission.,0,42,8,2,wont touch permiss
spam,Hi its LUCY Hubby at meetins all day Fri & I will B alone at hotel U fancy cumin over? Pls leave msg 2day 09099726395 Lucy x Calls£1/minMobsmoreLKPOBOX177HP51FL,1,160,28,2,hi luci hubbi meetin day fri alon hotel fanci cumin pl leav msg day luci calls£ minmobsmorelkpobox hp fl
ham,"7 wonders in My WORLD 7th You 6th Ur style 5th Ur smile 4th Ur Personality 3rd Ur Nature 2nd Ur SMS and 1st ""Ur Lovely Friendship""... good morning dear",0,151,30,2,wonder world th th ur style th ur smile th ur person rd ur natur nd ur sm st ur love friendship good morn dear
ham,Take some small dose tablet for fever,0,37,7,1,take small dose tablet fever
ham,Oh. U must have taken your REAL Valentine out shopping first.,0,61,11,3,oh must taken real valentin shop first
ham,"Just sent you an email – to an address with incomm in it, is that right?",0,72,16,2,sent email address incomm right
ham,"Will do, you gonna be at blake's all night? I might be able to get out of here a little early",0,93,21,2,gon na blake night might abl get littl earli
ham,"Friendship is not a game to play, It is not a word to say, It doesn\'t start on March and ends on May, It is tomorrow, yesterday, today and e",0,141,30,1,friendship game play word say doesnt start march end may tomorrow yesterday today
ham,"Nice. Wait...should you be texting right now? I'm not gonna pay your ticket, ya know!",0,85,15,5,nice waitshould text right im gon na pay ticket ya know
ham,I'm watching lotr w my sis dis aft. So u wan 2 meet me 4 dinner at nite a not?,0,78,20,3,im watch lotr si di aft wan meet dinner nite
ham,Why you keeping me away like this,0,33,7,1,keep away like
ham,I think its far more than that but find out. Check google maps for a place from your dorm.,0,90,19,3,think far find check googl map place dorm
ham,My trip was ok but quite tiring lor. Uni starts today but it's ok 4 me cos i'm not taking any modules but jus concentrating on my final yr project.,0,147,30,3,trip ok quit tire lor uni start today ok co im take modul ju concentr final yr project
ham,Have you always been saying welp?,0,33,6,2,alway say welp
ham,"I'm a guy, browsin is compulsory",0,32,6,1,im guy browsin compulsori
ham,Purity of friendship between two is not about smiling after reading the forwarded message..Its about smiling just by seeing the name. Gud evng musthu,0,149,24,3,puriti friendship two smile read forward messageit smile see name gud evng musthu
ham,"(I should add that I don't really care and if you can't I can at least get this dude to fuck off but hey, your money if you want it)",0,132,30,1,add dont realli care cant least get dude fuck hey money want
ham,"Hello lover! How goes that new job? Are you there now? Are you happy? Do you think of me? I wake, my slave and send you a teasing kiss from across the sea",0,154,33,6,hello lover go new job happi think wake slave send teas kiss across sea
ham,I told your number to gautham..,0,31,6,2,told number gautham
ham,Tell them no need to investigate about me anywhere.,0,51,9,2,tell need investig anywher
ham,Ok i juz receive..,0,18,4,2,ok juz receiv
ham,"Cant believe i said so many things to you this morning when all i really wanted to say was good morning, i love you! Have a beautiful morning. See you in the library later.",0,172,34,4,cant believ said mani thing morn realli want say good morn love beauti morn see librari later
spam,"Your account has been credited with 500 FREE Text Messages. To activate, just txt the word: CREDIT to No: 80488 T&Cs www.80488.biz",1,130,22,4,account credit free text messag activ txt word credit tc
ham,In the end she might still vomit but its okay. Not everything will come out.,0,76,15,3,end might still vomit okay everyth come
ham,How are you with moneY...as in to you...money aint a thing....how are you sha!,0,78,14,5,moneya youmoney aint thinghow sha
ham,It has everything to do with the weather. Keep extra warm. Its a cold but nothing serious. Pls lots of vitamin c,0,112,22,4,everyth weather keep extra warm cold noth seriou pl lot vitamin
ham,Hey gals.. Anyone of u going down to e driving centre tmr?,0,58,12,3,hey gal anyon go drive centr tmr
ham,I'm always on yahoo messenger now. Just send the message to me and i.ll get it you may have to send it in the mobile mode sha but i.ll get it. And will reply.,0,158,34,6,im alway yahoo messeng send messag ill get may send mobil mode sha ill get repli
ham,I'm putting it on now. It should be ready for  &lt;TIME&gt;,0,59,11,2,im put readi lttimegt
ham,"Time n Smile r the two crucial things in our life. Sometimes time makes us to forget smile, and sometimes someone's smile makes us to forget time gud noon",0,154,29,2,time smile two crucial thing life sometim time make u forget smile sometim someon smile make u forget time gud noon
spam,"SMS. ac JSco: Energy is high, but u may not know where 2channel it. 2day ur leadership skills r strong. Psychic? Reply ANS w/question. End? Reply END JSCO",1,154,28,7,sm ac jsco energi high may know channel day ur leadership skill strong psychic repli an wquestion end repli end jsco
ham,Host-based IDPS for linux systems.,0,34,5,2,hostbas idp linux system
spam,"HOT LIVE FANTASIES call now 08707509020 Just 20p per min NTT Ltd, PO Box 1327 Croydon CR9 5WB 0870 is a national rate call",1,122,24,1,hot live fantasi call per min ntt ltd po box croydon cr wb nation rate call
ham,Don no da:)whats you plan?,0,26,5,2,dawhat plan
ham,Ill be there on  &lt;#&gt;  ok.,0,31,6,2,ill ltgt ok
ham,Oh my God. I'm almost home,0,26,6,2,oh god im almost home
ham,Total video converter free download type this in google search:),0,64,10,1,total video convert free download type googl search
spam,Thanks for the Vote. Now sing along with the stars with Karaoke on your mobile. For a FREE link just reply with SING now.,1,121,24,4,thank vote sing along star karaok mobil free link repli sing
ham,Sounds like something that someone testing me would sayy,0,56,9,1,sound like someth someon test would sayi
ham,When u love someone Dont make them to love u as much as u do. But Love them so much that they dont want to be loved by anyone except you... Gud nit.,0,148,33,4,love someon dont make love much love much dont want love anyon except gud nit
ham,"Pete,is this your phone still? Its Jenny from college and Leanne.what are you up to now?:)",0,90,16,4,petei phone still jenni colleg leannewhat
ham,Oops sorry. Just to check that you don't mind picking me up tomo at half eight from station. Would that be ok?,0,110,22,4,oop sorri check dont mind pick tomo half eight station would ok
ham,"Hey sweet, I was wondering when you had a moment if you might come to me ? I want to send a file to someone but it won't go over yahoo for them because their connection sucks, remember when you set up that page for me to go to and download the format disc ? Could you tell me how to do that ? Or do you know some other way to download big files ? Because they can download stuff directly from the internet. Any help would be great, my prey ... *teasing kiss*",0,458,95,7,hey sweet wonder moment might come want send file someon wont go yahoo connect suck rememb set page go download format disc could tell know way download big file download stuff directli internet help would great prey teas kiss
ham,Hows the champ just leaving glasgow!,0,36,6,2,how champ leav glasgow
ham,K:)all the best:)congrats...,0,28,3,2,kall bestcongrat
ham,I wonder if you'll get this text?,0,33,7,2,wonder youll get text
ham,I need to come home and give you some good lovin...,0,51,11,2,need come home give good lovin
spam,Our brand new mobile music service is now live. The free music player will arrive shortly. Just install on your phone to browse content from the top artists.,1,157,28,4,brand new mobil music servic live free music player arriv shortli instal phone brows content top artist
ham,Shall i ask one thing if you dont mistake me.,0,45,10,2,shall ask one thing dont mistak
ham,Check wid corect speling i.e. Sarcasm,0,37,6,3,check wid corect spele ie sarcasm
spam,"URGENT! Your Mobile No was awarded a £2,000 Bonus Caller Prize on 1/08/03! This is our 2nd attempt to contact YOU! Call 0871-4719-523 BOX95QU BT National Rate",1,158,27,4,urgent mobil award bonu caller prize nd attempt contact call box qu bt nation rate
ham,Are you angry with me. What happen dear,0,39,8,2,angri happen dear
ham,I thk u dun haf 2 hint in e forum already lor... Cos i told ron n darren is going 2 tell shuhui.,0,96,23,3,thk dun haf hint forum alreadi lor co told ron darren go tell shuhui
ham,Yup ok thanx...,0,15,3,2,yup ok thanx
ham,Hi:)cts employee how are you?,0,29,5,2,hict employe
ham,Pls pls find out from aunt nike.,0,32,7,2,pl pl find aunt nike
ham,"Wow ... I love you sooo much, you know ? I can barely stand it ! I wonder how your day goes and if you are well, my love ... I think of you and miss you",0,152,37,5,wow love sooo much know bare stand wonder day go well love think miss
ham,No screaming means shouting..,0,29,4,2,scream mean shout
ham,Hey what happen de. Are you alright.,0,36,7,3,hey happen de alright
ham,Should I have picked up a receipt or something earlier,0,54,10,1,pick receipt someth earlier
ham,I think chennai well settled?,0,29,5,2,think chennai well settl
ham,Oh dang! I didn't mean o send that to you! Lol!,0,47,11,4,oh dang didnt mean send lol
ham,Unfortunately i've just found out that we have to pick my sister up from the airport that evening so don't think i'll be going out at all. We should try to go out one of th,0,172,36,2,unfortun ive found pick sister airport even dont think ill go tri go one th
ham,Horrible bf... I now v hungry...,0,32,6,3,horribl bf hungri
ham,Remember on that day..,0,22,4,2,rememb day
spam,You have won a Nokia 7250i. This is what you get when you win our FREE auction. To take part send Nokia to 86021 now. HG/Suite342/2Lands Row/W1JHL 16+,1,150,28,4,nokia get win free auction take part send nokia hgsuit land roww jhl
ham,How's it feel? Mr. Your not my real Valentine just my yo Valentine even tho u hardly play!!,0,91,18,4,how feel mr real valentin yo valentin even tho hardli play
ham,All sounds good. Fingers . Makes it difficult to type,0,53,10,3,sound good finger make difficult type
ham,Midnight at the earliest,0,24,4,1,midnight earliest
ham,You're not sure that I'm not trying to make xavier smoke because I don't want to smoke after being told I smoke too much?,0,121,24,2,your sure im tri make xavier smoke dont want smoke told smoke much
ham,K come to nordstrom when you're done,0,36,7,1,come nordstrom your done
ham,Do u konw waht is rael FRIENDSHIP Im gving yuo an exmpel: Jsut ese tihs msg.. Evrey splleing of tihs msg is wrnog.. Bt sitll yuo can raed it wihtuot ayn mitsake.. GOODNIGHT &amp; HAVE A NICE SLEEP..SWEET DREAMS..,0,212,39,6,konw waht rael friendship im gving yuo exmpel jsut ese tih msg evrey splle tih msg wrnog bt sitll yuo ra wihtuot ayn mitsak goodnight amp nice sleepsweet dream
ham,Now press conference da:),0,25,4,1,press confer da
spam,"Hello from Orange. For 1 month's free access to games, news and sport, plus 10 free texts and 20 photo messages, reply YES. Terms apply: www.orange.co.uk/ow",1,156,26,6,hello orang month free access game news sport plu free text photo messag repli ye term appli
ham,After completed degree. There is no use in joining finance.,0,59,10,3,complet degre use join financ
ham,"Good afternoon, my love ! Any job prospects ? Are you missing me ? What do you do ? Are you being lazy and bleak, hmmm ? Or happy and filled with my love ?",0,155,35,7,good afternoon love job prospect miss lazi bleak hmmm happi fill love
ham,Shant disturb u anymore... Jia you...,0,37,6,3,shant disturb anymor jia
ham,Bishan lar nearer... No need buy so early cos if buy now i gotta park my car...,0,79,17,3,bishan lar nearer need buy earli co buy got ta park car
ham,"Me, i dont know again oh",0,24,6,1,dont know oh
ham,Dude sux for snake. He got old and raiden got buff,0,50,11,2,dude sux snake got old raiden got buff
ham,He says hi and to get your ass back to south tampa (preferably at a kegger),0,75,16,1,say hi get as back south tampa prefer kegger
ham,In e msg jus now. U said thanks for gift.,0,41,10,3,msg ju said thank gift
ham,Ok how you dear. Did you call chechi,0,36,8,2,ok dear call chechi
ham,Yeah we do totes. When u wanna?,0,31,7,3,yeah tote wan na
ham,Ok i found dis pierre cardin one which looks normal costs 20 its on sale.,0,73,15,2,ok found di pierr cardin one look normal cost sale
ham,Good sleep is about rhythm. The person has to establish a rhythm that the body will learn and use. If you want to know more :-),0,127,26,3,good sleep rhythm person establish rhythm bodi learn use want know
ham,Wat r u doing?,0,14,4,2,wat
ham,Message from . I am at Truro Hospital on ext. You can phone me here. as I have a phone by my side,0,97,23,4,messag truro hospit ext phone phone side
ham,"Single line with a big meaning::::: ""Miss anything 4 ur ""Best Life"" but, don't miss ur best life for anything... Gud nyt...",0,123,22,3,singl line big mean miss anyth ur best life dont miss ur best life anyth gud nyt
ham,"Just got some gas money, any chance you and the gang want to go on a grand nature adventure?",0,92,19,2,got ga money chanc gang want go grand natur adventur
ham,Dnt worry...use ice pieces in a cloth pack.also take 2 tablets.,0,63,11,4,dnt worryus ice piec cloth packalso take tablet
ham,Dude just saw a parked car with its sunroof popped up. Sux,0,58,12,2,dude saw park car sunroof pop sux
ham,Get ready to put on your excellent sub face :),0,46,10,1,get readi put excel sub face
ham,Tmrw. Im finishing 9 doors,0,26,5,2,tmrw im finish door
ham,"The  &lt;#&gt; g that i saw a few days ago, the guy wants sell wifi only for  &lt;#&gt;  and with 3g for  &lt;#&gt; . That's why i blanked him.",0,143,29,3,ltgt saw day ago guy want sell wifi ltgt ltgt that blank
ham,I am late. I will be there at,0,29,8,2,late
ham,"whatever, im pretty pissed off.",0,31,5,2,whatev im pretti piss
ham,I dont have that much image in class.,0,37,8,2,dont much imag class
ham,No:-)i got rumour that you going to buy apartment in chennai:-),0,63,11,1,noi got rumour go buy apart chennai
ham,Near kalainar tv office.thenampet,0,33,4,2,near kalainar tv officethenampet
spam,Ur cash-balance is currently 500 pounds - to maximize ur cash-in now send GO to 86688 only 150p/msg. CC 08718720201 HG/Suite342/2Lands Row/W1J6HL,1,145,22,2,ur cashbal current pound maxim ur cashin send go pmsg cc hgsuit land roww hl
spam,SMS AUCTION - A BRAND NEW Nokia 7250 is up 4 auction today! Auction is FREE 2 join & take part! Txt NOKIA to 86021 now! HG/Suite342/2Lands Row/W1J6HL,1,149,28,4,sm auction brand new nokia auction today auction free join take part txt nokia hgsuit land roww hl
ham,My sis is catching e show in e afternoon so i'm not watching w her. So c u wan 2 watch today or tmr lor.,0,104,25,3,si catch show afternoon im watch wan watch today tmr lor
ham,"Sounds gd... Haha... Can... Wah, u yan jiu so fast liao...",0,58,11,5,sound gd haha wah yan jiu fast liao
ham,No. To be nosy I guess. Idk am I over reacting if I'm freaked?,0,62,14,4,nosi guess idk react im freak
ham,"Remember all those whom i hurt during days of satanic imposter in me.need to pay a price,so be it.may destiny keep me going and as u said pray that i get the mind to get over the same.",0,184,38,4,rememb hurt day satan impost mene pay priceso itmay destini keep go said pray get mind get
ham,How to Make a girl Happy? It's not at all difficult to make girls happy. U only need to be... 1. A friend 2. Companion 3. Lover 4. Chef . . .  &lt;#&gt; . Good listener  &lt;#&gt; . Organizer  &lt;#&gt; . Good boyfriend  &lt;#&gt; . Very clean  &lt;#&gt; . Sympathetic  &lt;#&gt; . Athletic  &lt;#&gt; . Warm . . .  &lt;#&gt; . Courageous  &lt;#&gt; . Determined  &lt;#&gt; . True  &lt;#&gt; . Dependable  &lt;#&gt; . Intelligent . . .  &lt;#&gt; . Psychologist  &lt;#&gt; . Pest exterminator  &lt;#&gt; . Psychiatrist  &lt;#&gt; . Healer . .  &lt;#&gt; . Stylist  &lt;#&gt; . Driver . . Aaniye pudunga venaam..,0,611,103,40,make girl happi difficult make girl happi need friend companion lover chef ltgt good listen ltgt organ ltgt good boyfriend ltgt clean ltgt sympathet ltgt athlet ltgt warm ltgt courag ltgt determin ltgt true ltgt depend ltgt intellig ltgt psychologist ltgt pest extermin ltgt psychiatrist ltgt healer ltgt stylist ltgt driver aaniy pudunga venaam
ham,"Why is that, princess? I bet the brothas are all chasing you!",0,61,12,3,princess bet brotha chase
ham,"I shall book chez jules for half eight, if that's ok with you?",0,62,13,2,shall book chez jule half eight that ok
ham,Hhahhaahahah rofl wtf nig was leonardo in your room or something,0,64,11,1,hhahhaahahah rofl wtf nig leonardo room someth
ham,"Yep, at derek's house now, see you Sunday &lt;3",0,47,9,1,yep derek hous see sunday lt
ham,"It's cool, let me know before it kicks off around  &lt;#&gt; , I'll be out and about all day",0,92,19,1,cool let know kick around ltgt ill day
ham,I was wondering if it would be okay for you to call uncle john and let him know that things are not the same in nigeria as they r here. That  &lt;#&gt;  dollars is 2years sent and that you know its a strain but i plan to pay back every dime he gives. Every dime so for me to expect anything from you is not practical. Something like that.,0,338,69,5,wonder would okay call uncl john let know thing nigeria ltgt dollar year sent know strain plan pay back everi dime give everi dime expect anyth practic someth like
ham,There are no other charges after transfer charges and you can withdraw anyhow you like,0,86,15,1,charg transfer charg withdraw anyhow like
ham,"Dont search love, let love find U. Thats why its called falling in love, bcoz U dont force yourself, U just fall and U know there is smeone to hold U... BSLVYL",0,159,32,3,dont search love let love find that call fall love bcoz dont forc fall know smeon hold bslvyl
ham,At 4. Let's go to bill millers,0,30,7,2,let go bill miller
ham,I love you. You set my soul on fire. It is not just a spark. But it is a flame. A big rawring flame. XoXo,0,105,25,6,love set soul fire spark flame big rawr flame xoxo
ham,"Somewhr someone is surely made 4 u. And God has decided a perfect time to make u meet dat person. . . . till den, . . . . . Enjoy ur crushes..!!!;-)",0,148,33,12,somewhr someon sure made god decid perfect time make meet dat person till den enjoy ur crush
ham,That's my honeymoon outfit. :),0,30,5,2,that honeymoon outfit
ham,Will it help if we propose going back again tomorrow,0,52,10,1,help propos go back tomorrow
spam,PRIVATE! Your 2003 Account Statement for shows 800 un-redeemed S. I. M. points. Call 08719899230 Identifier Code: 41685 Expires 07/11/04,1,136,20,6,privat account statement show unredeem point call identifi code expir
ham,Never blame a day in ur life. Good days give u happiness. Bad days give u experience. Both are essential in life! All are Gods blessings! good morning.:,0,152,28,7,never blame day ur life good day give happi bad day give experi essenti life god bless good morn
ham,Pls confirm the time to collect the cheque.,0,43,8,2,pl confirm time collect chequ
spam,As a Registered Subscriber yr draw 4 a £100 gift voucher will b entered on receipt of a correct ans. When are the next olympics. Txt ans to 80062,1,145,29,3,regist subscrib yr draw gift voucher enter receipt correct an next olymp txt an
spam,URGENT! Your Mobile number has been awarded with a £2000 prize GUARANTEED. Call 09061790121 from land line. Claim 3030. Valid 12hrs only 150ppm,1,143,23,5,urgent mobil number award prize guarante call land line claim valid hr ppm
ham,Daddy will take good care of you :),0,35,8,1,daddi take good care
ham,"Yeah probably, I still gotta check out with leo",0,47,9,1,yeah probabl still got ta check leo
ham,K.then any other special?,0,25,4,3,kthen special
ham,Carlos is taking his sweet time as usual so let me know when you and patty are done/want to smoke and I'll tell him to haul ass,0,127,27,1,carlo take sweet time usual let know patti donew smoke ill tell haul as
ham,Ok pa. Nothing problem:-),0,25,4,2,ok pa noth problem
ham,Have you heard about that job? I'm going to that wildlife talk again tonight if u want2come. Its that2worzels and a wizzle or whatever it is?!,0,142,26,4,heard job im go wildlif talk tonight want come worzel wizzl whatev
ham,"God picked up a flower and dippeditinaDEW, lovingly touched itwhichturnedinto u, and the he gifted tomeandsaid,THIS FRIEND IS 4U",0,128,19,1,god pick flower dippeditinadew lovingli touch itwhichturnedinto gift tomeandsaidthi friend
ham,When you came to hostel.,0,24,5,2,came hostel
ham,Ok no prob... I'll come after lunch then...,0,43,8,3,ok prob ill come lunch
ham,Jus telling u dat i'll b leaving 4 shanghai on 21st instead so we'll haf more time 2 meet up cya...,0,99,21,2,ju tell dat ill leav shanghai st instead well haf time meet cya
ham,Are your freezing ? Are you home yet ? Will you remember to kiss your mom in the morning? Do you love me ? Do you think of me ? Are you missing me yet ?,0,152,36,7,freez home yet rememb kiss mom morn love think miss yet
ham,You all ready for * big day tomorrow?,0,37,8,2,readi big day tomorrow
ham,I'll probably be around mu a lot,0,32,7,1,ill probabl around mu lot
spam,RT-KIng Pro Video Club>> Need help? info@ringtoneking.co.uk or call 08701237397 You must be 16+ Club credits redeemable at www.ringtoneking.co.uk! Enjoy!,1,153,20,9,rtking pro video club need help call must club credit redeem enjoy
ham,Thnx dude. u guys out 2nite?,0,28,6,3,thnx dude guy nite
ham,Me sef dey laugh you. Meanwhile how's my darling anjie!,0,55,10,3,sef dey laugh meanwhil how darl anji
ham,Mm i had my food da from out,0,28,8,1,mm food da
ham,"K, makes sense, btw carlos is being difficult so you guys are gonna smoke while I go pick up the second batch and get gas",0,121,25,1,make sens btw carlo difficult guy gon na smoke go pick second batch get ga
ham,Did u download the fring app?,0,29,6,2,download fring app
ham,The 2 oz guy is being kinda flaky but one friend is interested in picking up $ &lt;#&gt;  worth tonight if possible,0,115,22,1,oz guy kinda flaki one friend interest pick ltgt worth tonight possibl
ham,Friends that u can stay on fb chat with,0,39,9,1,friend stay fb chat
ham,"Fuck babe, I miss you sooooo much !! I wish you were here to sleep with me ... My bed is so lonely ... I go now, to sleep ... To dream of you, my love ...",0,154,37,6,fuck babe miss sooooo much wish sleep bed lone go sleep dream love
ham,"Living is very simple.. Loving is also simple.. Laughing is too simple.. Winning is tooo simple.. But, being 'SIMPLE' is very difficult.. Gud nte.:-",0,148,24,7,live simpl love also simpl laugh simpl win tooo simpl simpl difficult gud nte
spam,U have a secret admirer who is looking 2 make contact with U-find out who they R*reveal who thinks UR so special-call on 09058094599,1,132,24,1,secret admir look make contact ufind rreveal think ur specialcal
ham,"Ah, well that confuses things, doesn‘t it?",0,42,7,2,ah well confus thing
spam,500 free text msgs. Just text ok to 80488 and we'll credit your account,1,71,14,2,free text msg text ok well credit account
ham,Hi Dear Call me its urgnt. I don't know whats your problem. You don't want to work or if you have any other problem at least tell me. Wating for your reply.,0,156,32,5,hi dear call urgnt dont know what problem dont want work problem least tell wate repli
ham,Dear how you. Are you ok?,0,25,6,3,dear ok
spam,"You have been selected to stay in 1 of 250 top British hotels - FOR NOTHING! Holiday Worth £350! To Claim, Call London 02072069400. Bx 526, SW73SS",1,146,27,4,select stay top british hotel noth holiday worth claim call london bx sw s
ham,Yes princess! I want to make you happy...,0,41,8,3,ye princess want make happi
ham,Sounds like you have many talents! would you like to go on a dinner date next week?,0,83,17,3,sound like mani talent would like go dinner date next week
ham,I am going to film 2day da. At 6pm. Sorry da.,0,45,11,4,go film day da pm sorri da
ham,We not watching movie already. Xy wants 2 shop so i'm shopping w her now.,0,73,15,3,watch movi alreadi xy want shop im shop
ham,Hello my little party animal! I just thought I'd buzz you as you were with your friends ...*grins*... Reminding you were loved and send a naughty adoring kiss,0,158,28,4,hello littl parti anim thought id buzz friend grin remind love send naughti ador kiss
ham,Yesterday its with me only . Now am going home.,0,47,10,3,yesterday go home
spam,"Eerie Nokia tones 4u, rply TONE TITLE to 8007 eg TONE DRACULA to 8007 Titles: GHOST, ADDAMSFA, MUNSTERS, EXORCIST, TWILIGHT www.getzed.co.uk POBox36504W45WQ 150p",1,161,23,4,eeri nokia tone rpli tone titl eg tone dracula titl ghost addamsfa munster exorcist twilight pobox wq
ham,"You have come into my life and brought the sun ..Shiny down on me, warming my heart. Putting a constant smile on my face ... Making me feel loved and cared for",0,159,32,4,come life brought sun shini warm heart put constant smile face make feel love care
ham,"No shit, but I wasn't that surprised, so I went and spent the evening with that french guy I met in town here and we fooled around a bit but I didn't let him fuck me",0,165,36,1,shit wasnt surpris went spent even french guy met town fool around bit didnt let fuck
spam,"0A$NETWORKS allow companies to bill for SMS, so they are responsible for their ""suppliers"", just as a shop has to give a guarantee on what they sell. B. G.",1,155,29,4,anetwork allow compani bill sm respons supplier shop give guarante sell
ham,Great comedy..cant stop laughing da:),0,37,5,2,great comedyc stop laugh da
spam,FreeMsg:Feelin kinda lnly hope u like 2 keep me company! Jst got a cam moby wanna c my pic?Txt or reply DATE to 82242 Msg150p 2rcv Hlp 08712317606 stop to 82242,1,160,31,3,freemsgfeelin kinda lnli hope like keep compani jst got cam mobi wan na pictxt repli date msg rcv hlp stop
ham,"Alright, we're all set here, text the man",0,41,8,1,alright set text man
ham,"Hi , where are you? We're at  and they're not keen to go out i kind of am but feel i shouldn't so can we go out tomo, don't mind do you?",0,136,32,3,hi theyr keen go kind feel shouldnt go tomo dont mind
ham,Sleeping nt feeling well,0,24,4,1,sleep nt feel well
ham,U WILL SWITCH YOUR FONE ON DAMMIT!!,0,35,7,2,switch fone dammit
ham,India have to take lead:),0,25,5,1,india take lead
ham,I.ll post her out l8r. In class,0,31,7,3,ill post class
ham,Thts wat Wright Brother did to fly..,0,36,7,2,tht wat wright brother fli
ham,"Evening * v good if somewhat event laden. Will fill you in, don't you worry … Head * ok but throat * wrecked. See you at six then!",0,130,28,4,even good somewhat event laden fill dont worri head ok throat wreck see six
ham,If u laugh really loud.. If u talk spontaneously.. If u dont care what others feel.. U are probably with your dear &amp; best friends.. GOODEVENING Dear..:),0,156,27,6,laugh realli loud talk spontan dont care other feel probabl dear amp best friend goodeven dear
ham,ITS A LAPTOP TAKE IT WITH YOU.,0,30,7,2,laptop take
ham,I dont have any of your file in my bag..i was in work when you called me.i 'll tell you if i find anything in my room.,0,118,27,4,dont file bagi work call mei tell find anyth room
ham,I wan but too early lei... Me outside now wun b home so early... Neva mind then...,0,82,17,4,wan earli lei outsid wun home earli neva mind
spam,"For ur chance to win a £250 cash every wk TXT: ACTION to 80608. T's&C's www.movietrivia.tv custcare 08712405022, 1x150p/wk",1,122,19,4,ur chanc win cash everi wk txt action tsc custcar pwk
ham,I was at bugis juz now wat... But now i'm walking home oredi... Ü so late then reply... I oso saw a top dat i like but din buy... Where r ü now?,0,144,33,6,bugi juz wat im walk home oredi late repli oso saw top dat like din buy
ham,At 7 we will go ok na.,0,22,7,2,go ok na
ham,Yes I posted a couple of pics on fb. There's still snow outside too. I'm just waking up :),0,90,19,3,ye post coupl pic fb there still snow outsid im wake
ham,S:-)if we have one good partnership going we will take lead:),0,61,11,1,sif one good partnership go take lead
spam,RGENT! This is the 2nd attempt to contact U!U have WON £1250 CALL 09071512433 b4 050703 T&CsBCM4235WC1N3XX. callcost 150ppm mobilesvary. max£7. 50,1,146,22,6,rgent nd attempt contact uu call tcsbcm wc xx callcost ppm mobilesvari max£
ham,"Yeah, where's your class at?",0,28,5,2,yeah where class
ham,No just send to you. Bec you in temple na.,0,42,10,3,send bec templ na
ham,"You aren't coming home between class, right? I need to work out and shower!",0,75,14,3,arent come home class right need work shower
spam,Hi if ur lookin 4 saucy daytime fun wiv busty married woman Am free all next week Chat now 2 sort time 09099726429 JANINExx Calls£1/minMobsmoreLKPOBOX177HP51FL,1,159,25,1,hi ur lookin sauci daytim fun wiv busti marri woman free next week chat sort time janinexx calls£ minmobsmorelkpobox hp fl
ham,S but mostly not like that.,0,27,6,2,mostli like
ham,Ü v ma fan...,0,13,4,2,fan
ham,Dunno cos i was v late n when i reach they inside already... But we ate spageddies lor... It's e gals who r laughing at me lor...,0,129,27,4,dunno co late reach insid alreadi ate spageddi lor gal laugh lor
ham,Guess who spent all last night phasing in and out of the fourth dimension,0,73,14,1,guess spent last night phase fourth dimens
ham,So now my dad is gonna call after he gets out of work and ask all these crazy questions.,0,88,19,2,dad gon na call get work ask crazi question
ham,"Yes..but they said its IT.,",0,27,5,3,yesbut said
ham,"Very hurting n meaningful lines ever: ""I compromised everything for my love, But at d end my love compromised me for everything:-("".. Gud mornin:-)",0,147,24,2,hurt meaning line ever compromis everyth love end love compromis everyth gud mornin
ham,Lmao!nice 1,0,11,2,2,lmaonic
ham,Glad to see your reply.,0,23,5,2,glad see repli
spam,URGENT! We are trying to contact U. Todays draw shows that you have won a £800 prize GUARANTEED. Call 09050001295 from land line. Claim A21. Valid 12hrs only,1,157,28,6,urgent tri contact today draw show prize guarante call land line claim valid hr
spam,Monthly password for wap. mobsi.com is 391784. Use your wap phone not PC.,1,73,13,5,monthli password wap mobsicom use wap phone pc
ham,Nah dub but je still buff,0,25,6,1,nah dub je still buff
ham,"Painful words- ""I thought being Happy was the most toughest thing on Earth... But, the toughest is acting Happy with all unspoken pain inside..""",0,144,24,3,pain word thought happi toughest thing earth toughest act happi unspoken pain insid
ham,"Yeah, that's fine! It's £6 to get in, is that ok?",0,49,11,3,yeah that fine get ok
ham,Lol where do u come up with these ideas?,0,40,9,2,lol come idea
ham,"So many people seems to be special at first sight, But only very few will remain special to you till your last sight.. Maintain them till life ends.. Sh!jas",0,156,29,4,mani peopl seem special first sight remain special till last sight maintain till life end shja
ham,Okay... We wait ah,0,18,4,2,okay wait ah
ham,Y lei?,0,6,2,2,lei
ham,HI BABE U R MOST LIKELY TO BE IN BED BUT IM SO SORRY ABOUT TONIGHT! I REALLY WANNA SEE U TOMORROW SO CALL ME AT 9. LOVE ME XXX,0,126,30,3,hi babe like bed im sorri tonight realli wan na see tomorrow call love xxx
ham,Already am squatting is the new way of walking,0,46,9,1,alreadi squat new way walk
ham,Do you want bold 2 or bb torch,0,30,8,1,want bold bb torch
ham,Cramps stopped. Going back to sleep,0,35,6,2,cramp stop go back sleep
spam,todays vodafone numbers ending with 0089(my last four digits) are selected to received a £350 award. If your number matches please call 09063442151 to claim your £350 award,1,172,28,2,today vodafon number end last four digit select receiv award number match pleas call claim award
spam,Free Top ringtone -sub to weekly ringtone-get 1st week free-send SUBPOLY to 81618-?3 per week-stop sms-08718727870,1,114,16,2,free top rington sub weekli ringtoneget st week freesend subpoli per weekstop sm
ham,Nan sonathaya soladha. Why boss?,0,32,5,3,nan sonathaya soladha bo
ham,Bring tat cd don forget,0,23,5,1,bring tat cd forget
ham,I don't know but I'm raping dudes at poker,0,42,9,1,dont know im rape dude poker
ham,Weightloss! No more girl friends. Make loads of money on ebay or something. And give thanks to God.,0,99,18,5,weightloss girl friend make load money ebay someth give thank god
ham,Was gr8 to see that message. So when r u leaving? Congrats dear. What school and wat r ur plans.,0,96,20,5,gr see messag leav congrat dear school wat ur plan
ham,Ü eatin later but i'm eatin wif my frens now lei... Ü going home first?,0,71,15,3,eatin later im eatin wif fren lei go home first
ham,Finish already... Yar they keep saying i mushy... I so embarrassed ok...,0,72,12,4,finish alreadi yar keep say mushi embarrass ok
ham,"Sorry man, my stash ran dry last night and I can't pick up more until sunday",0,76,16,1,sorri man stash ran dri last night cant pick sunday
ham,Hai priya are you right. What doctor said pa. Where are you.,0,60,12,4,hai priya right doctor said pa
spam,"Free msg. Sorry, a service you ordered from 81303 could not be delivered as you do not have sufficient credit. Please top up to receive the service.",1,148,27,4,free msg sorri servic order could deliv suffici credit pleas top receiv servic
ham,Please ask mummy to call father,0,31,6,1,pleas ask mummi call father
ham,Can come my room but cannot come my house cos my house still messy... Haha...,0,77,15,3,come room come hous co hous still messi haha
ham,I have lost 10 kilos as of today!,0,33,8,2,lost kilo today
ham,Just taste fish curry :-P,0,25,5,1,tast fish curri
ham,What can i do? Might accidant tookplace between somewhere ghodbandar rd. Traffic moves slovely. So plz slip &amp; don't worry.,0,126,20,5,might accid tookplac somewher ghodbandar rd traffic move slove plz slip amp dont worri
ham,Yun ah.now ü wkg where?btw if ü go nus sc. Ü wana specialise in wad?,0,68,15,5,yun ahnow wkg wherebtw go nu sc wana specialis wad
ham,Yes! I am a one woman man! Please tell me your likes and dislikes in bed...,0,75,16,4,ye one woman man pleas tell like dislik bed
ham,Was doing my test earlier. I appreciate you. Will call you tomorrow.,0,68,12,4,test earlier appreci call tomorrow
ham,"How's my loverboy doing ? What does he do that keeps him from coming to his Queen, hmmm ? Doesn't he ache to speak to me ? Miss me desparately ?",0,144,31,5,how loverboy keep come queen hmmm doesnt ach speak miss despar
ham,U meet other fren dun wan meet me ah... Muz b a guy rite...,0,59,14,3,meet fren dun wan meet ah muz guy rite
ham,"(No promises on when though, haven't even gotten dinner yet)",0,60,10,1,promis though havent even gotten dinner yet
ham,I got your back! Do you have any dislikes in bed?,0,49,11,3,got back dislik bed
ham,o turns out i had stereo love on mi phone under the unknown album.,0,66,14,2,turn stereo love mi phone unknown album
spam,Hard LIVE 121 chat just 60p/min. Choose your girl and connect LIVE. Call 09094646899 now! Cheap Chat UK's biggest live service. VU BCM1896WC1N3XX,1,145,23,5,hard live chat pmin choos girl connect live call cheap chat uk biggest live servic vu bcm wc xx
ham,Yeah I don't see why not,0,24,6,1,yeah dont see
ham,Asking do u knw them or nt? May be ur frnds or classmates?,0,58,13,3,ask knw nt may ur frnd classmat
ham,"Sorry about earlier. Putting out fires.Are you around to talk after 9? Or do you actually have a life, lol!",0,107,20,5,sorri earlier put firesar around talk actual life lol
spam,WOW! The Boys R Back. TAKE THAT 2007 UK Tour. Win VIP Tickets & pre-book with VIP Club. Txt CLUB to 81303. Trackmarque Ltd info@vipclub4u.,1,138,25,7,wow boy back take uk tour win vip ticket prebook vip club txt club trackmarqu ltd
ham,"As in missionary hook up, doggy hook up, standing...|",0,53,9,2,missionari hook doggi hook stand
ham,Then u better go sleep.. Dun disturb u liao.. U wake up then msg me lor..,0,73,16,4,better go sleep dun disturb liao wake msg lor
ham,Am watching house – very entertaining – am getting the whole hugh laurie thing – even with the stick – indeed especially with the stick.,0,136,25,2,watch hous entertain get whole hugh lauri thing even stick inde especi stick
ham,Thought praps you meant another one. Goodo! I'll look tomorrow,0,62,10,3,thought prap meant anoth one goodo ill look tomorrow
ham,"Hi Jon, Pete here, Ive bin 2 Spain recently & hav sum dinero left, Bill said u or ur rents mayb interested in it, I hav 12,000pes, so around £48, tb, James.",0,157,32,2,hi jon pete ive bin spain recent hav sum dinero left bill said ur rent mayb interest hav pe around tb jame
ham,There bold 2  &lt;#&gt; . Is that yours,0,39,8,2,bold ltgt
ham,You know there is. I shall speak to you in  &lt;#&gt;  minutes then,0,67,13,2,know shall speak ltgt minut
ham,ALRITE HUNNY!WOT U UP 2 2NITE? DIDNT END UP GOIN DOWN TOWN JUS DA PUB INSTEAD! JUS CHILLIN AT DA MO IN ME BEDROOM!LOVE JEN XXX.,0,127,26,6,alrit hunnywot nite didnt end goin town ju da pub instead ju chillin da mo bedroomlov jen xxx
ham,I went to project centre,0,24,5,1,went project centr
ham,As per your request 'Maangalyam (Alaipayuthe)' has been set as your callertune for all Callers. Press *9 to copy your friends Callertune,0,136,22,2,per request maangalyam alaipayuth set callertun caller press copi friend callertun
ham,Lol yeah at this point I guess not,0,34,8,1,lol yeah point guess
ham,Doing project w frens lor.,0,26,5,2,project fren lor
ham,Lol. Well quality aint bad at all so i aint complaining,0,55,11,2,lol well qualiti aint bad aint complain
ham,"K, can that happen tonight?",0,27,5,2,happen tonight
spam,"Hi, this is Mandy Sullivan calling from HOTMIX FM...you are chosen to receive £5000.00 in our Easter Prize draw.....Please telephone 09041940223 to claim before 29/03/05 or your prize will be transferred to someone else....",1,223,34,5,hi mandi sullivan call hotmix fmyou chosen receiv easter prize drawpleas telephon claim prize transfer someon els
ham,"I think we're going to finn's now, come",0,39,8,1,think go finn come
ham,Why tired what special there you had,0,36,7,1,tire special
ham,I will come tomorrow di,0,23,5,1,come tomorrow di
ham,K go and sleep well. Take rest:-).,0,34,7,3,go sleep well take rest
ham,U guys never invite me anywhere :(,0,34,7,1,guy never invit anywher
spam,UR GOING 2 BAHAMAS! CallFREEFONE 08081560665 and speak to a live operator to claim either Bahamas cruise of£2000 CASH 18+only. To opt out txt X to 07786200117,1,158,27,3,ur go bahama callfreefon speak live oper claim either bahama cruis of£ cash opt txt
ham,I can do that! I want to please you both inside and outside the bedroom...,0,74,15,3,want pleas insid outsid bedroom
ham,EY! CALM DOWNON THEACUSATIONS.. ITXT U COS IWANA KNOW WOTU R DOIN AT THEW/END... HAVENTCN U IN AGES..RING ME IF UR UP4 NETHING SAT.LOVE J XXX.,0,142,26,7,ey calm downon theacus itxt co iwana know wotu doin thewend haventcn agesr ur neth satlov xxx
ham,I love to wine and dine my lady!,0,32,8,2,love wine dine ladi
spam,Someone has conacted our dating service and entered your phone because they fancy you!To find out who it is call from landline 09111030116. PoBox12n146tf15,1,155,24,3,someon conact date servic enter phone fanci youto find call landlin pobox tf
ham,"Im cool ta luv but v.tired 2 cause i have been doin loads of planning all wk, we have got our social services inspection at the nursery! Take care & spk sn x.",0,159,33,4,im cool ta luv vtire caus doin load plan wk got social servic inspect nurseri take care spk sn
ham,I don know account details..i will ask my mom and send you.my mom is out of reach now.,0,86,18,4,know account detailsi ask mom send youmi mom reach
ham,I think u have the wrong number.,0,32,7,2,think wrong number
ham,Feel Yourself That You Are Always Happy.. Slowly It Becomes Your Habit &amp; Finally It Becomes Part Of Your Life.. Follow It.. Happy Morning &amp; Have A Happy Day:),0,166,29,4,feel alway happi slowli becom habit amp final becom part life follow happi morn amp happi day
ham,DO NOT B LATE LOVE MUM,0,22,6,1,late love mum
ham,Got it..mail panren paru..,0,26,4,3,got itmail panren paru
ham,* Was thinking about chuckin ur red green n black trainners 2 save carryin them bac on train,0,92,18,1,think chuckin ur red green black trainner save carryin bac train
ham,Give one miss from that number please,0,37,7,1,give one miss number pleas
ham,Jus came back fr lunch wif my sis only. U leh?,0,46,11,3,ju came back fr lunch wif si leh
ham,How is your schedule next week? I am out of town this weekend.,0,62,13,3,schedul next week town weekend
ham,Really good:)dhanush rocks once again:),0,39,5,1,realli gooddhanush rock
ham,Lmao ok I wont be needing u to do my hair anymore.,0,50,12,2,lmao ok wont need hair anymor
ham,"Miss ya, need ya, want ya, love ya.",0,35,8,2,miss ya need ya want ya love ya
ham,Sorry i'm not free...,0,21,4,2,sorri im free
ham,Do u ever get a song stuck in your head for no reason and it won't go away til u listen to it like 5 times?,0,107,26,2,ever get song stuck head reason wont go away til listen like time
ham,Nt yet chikku..simple habba..hw abt u?,0,38,6,4,nt yet chikkusimpl habbahw abt
ham,"Got ur mail Dileep.thank you so muchand look forward to lots of support...very less contacts here,remember one venugopal you mentioned.tomorrow if not late,i shall try to come up till there.goodnight dear.",0,205,31,6,got ur mail dileepthank muchand look forward lot supportveri less contact hererememb one venugop mentionedtomorrow latei shall tri come till theregoodnight dear
ham,Sometimes Heart Remembrs someone Very much... Forgets someone soon... Bcoz Heart will not like everyone. But liked ones will be Remembered Everytime... BSLVYL,0,158,23,5,sometim heart remembr someon much forget someon soon bcoz heart like everyon like one rememb everytim bslvyl
ham,Joy's father is John. Then John is the NAME of Joy's father. Mandan,0,67,13,3,joy father john john name joy father mandan
spam,Hi 07734396839 IBH Customer Loyalty Offer: The NEW NOKIA6600 Mobile from ONLY £10 at TXTAUCTION!Txt word:START to No:81151 & get Yours Now!4T&,1,142,22,3,hi ibh custom loyalti offer new nokia mobil txtauctiontxt wordstart get
ham,Hi this is yijue... It's regarding the 3230 textbook it's intro to algorithms second edition... I'm selling it for $50...,0,121,20,4,hi yiju regard textbook intro algorithm second edit im sell
spam,SMS AUCTION You have won a Nokia 7250i. This is what you get when you win our FREE auction. To take part send Nokia to 86021 now. HG/Suite342/2Lands Row/W1JHL 16+,1,162,30,4,sm auction nokia get win free auction take part send nokia hgsuit land roww jhl
ham,"K, want us to come by now?",0,26,7,2,want u come
ham,How. Its a little difficult but its a simple way to enter this place,0,68,14,2,littl difficult simpl way enter place
ham,Ha... Both of us doing e same thing. But i got tv 2 watch. U can thk of where 2 go tonight or u already haf smth in mind...,0,123,29,5,ha u thing got tv watch thk go tonight alreadi haf smth mind
ham,Dont show yourself. How far. Put new pictures up on facebook.,0,61,11,4,dont show far put new pictur facebook
ham,Watching tv now. I got new job :),0,33,8,2,watch tv got new job
ham,"Good afternoon sexy buns! How goes the job search ? I wake and you are my first thought as always, my love. I wish your fine and happy and know I adore you!",0,156,33,5,good afternoon sexi bun go job search wake first thought alway love wish fine happi know ador
ham,"I'm not coming over, do whatever you want",0,41,8,1,im come whatev want
ham,"Its ok chikku, and its my 1 of favourite song..:-)",0,50,10,2,ok chikku favourit song
ham,Did u see what I posted on your Facebook?,0,41,9,2,see post facebook
spam,Call FREEPHONE 0800 542 0578 now!,1,33,6,2,call freephon
spam,Buy Space Invaders 4 a chance 2 win orig Arcade Game console. Press 0 for Games Arcade (std WAP charge) See o2.co.uk/games 4 Terms + settings. No purchase,1,154,28,5,buy space invad chanc win orig arcad game consol press game arcad std wap charg see coukgam term set purchas
spam,BIG BROTHER ALERT! The computer has selected u for 10k cash or #150 voucher. Call 09064018838. NTT PO Box CRO1327 18+ BT Landline Cost 150ppm mobiles vary,1,154,27,4,big brother alert comput select cash voucher call ntt po box cro bt landlin cost ppm mobil vari
ham,";-( oh well, c u later",0,22,6,1,oh well later
ham,My uncles in Atlanta. Wish you guys a great semester.,0,53,10,3,uncl atlanta wish guy great semest
ham,No dear i do have free messages without any recharge. Hi hi hi,0,62,13,2,dear free messag without recharg hi hi hi
ham,I dun believe u. I thk u told him.,0,34,9,3,dun believ thk told
ham,"Do you know why god created gap between your fingers..? So that, One who is made for you comes &amp; fills those gaps by holding your hand with LOVE..!",0,151,29,3,know god creat gap finger one made come amp fill gap hold hand love
ham,Yes:)sura in sun tv.:)lol.,0,26,4,3,yessura sun tvlol
ham,Arun can u transfr me d amt,0,27,7,1,arun transfr amt
ham,Takin a shower now but yeah I'll leave when I'm done,0,52,11,1,takin shower yeah ill leav im done
ham,Am not working but am up to eyes in philosophy so will text u later when a bit more free for chat...,0,100,22,2,work eye philosophi text later bit free chat
ham,U havent lost me ill always b here 4u.i didnt intend 2 hurt u but I never knew how u felt about me when Iwas+marine&thats what itried2tell urmom.i careabout u,0,161,30,3,havent lost ill alway ui didnt intend hurt never knew felt iwasmarinethat itri tell urmomi careabout
spam,"WIN: We have a winner! Mr. T. Foley won an iPod! More exciting prizes soon, so keep an eye on ur mobile or visit www.win-82050.co.uk",1,132,25,8,win winner mr foley ipod excit prize soon keep eye ur mobil visit
ham,You bad girl. I can still remember them,0,39,8,2,bad girl still rememb
ham,How much i gave to you. Morning.,0,32,7,3,much gave morn
ham,"I hope your alright babe? I worry that you might have felt a bit desparate when you learned the job was a fake ? I am here waiting when you come back, my love",0,158,34,3,hope alright babe worri might felt bit despar learn job fake wait come back love
ham,"Hey, can you tell me blake's address? Carlos wanted me to meet him there but I got lost and he's not answering his phone",0,120,24,2,hey tell blake address carlo want meet got lost he answer phone
ham,Can i get your opinion on something first?,0,42,8,2,get opinion someth first
ham,That one week leave i put know that time. Why.,0,46,10,3,one week leav put know time
ham,"If we hit it off, you can move in with me :)",0,44,12,1,hit move
ham,excellent. I spent  &lt;#&gt;  years in the Air Force. Iraq and afghanistan. I am stable and honest. do you like traveling?,0,123,21,6,excel spent ltgt year air forc iraq afghanistan stabl honest like travel
ham,I wanna watch that movie,0,24,5,1,wan na watch movi
ham,Ok lor thanx... Ü in school?,0,28,6,3,ok lor thanx school
ham,I'm in class. Did you get my text.,0,34,8,3,im class get text
ham,The bus leaves at  &lt;#&gt;,0,28,5,1,bu leaf ltgt
ham,God bless.get good sleep my dear...i will pray!,0,47,8,4,god blessget good sleep deari pray
spam,Todays Voda numbers ending 1225 are selected to receive a £50award. If you have a match please call 08712300220 quoting claim code 3100 standard rates app,1,154,26,2,today voda number end select receiv award match pleas call quot claim code standard rate app
ham,Do have a nice day today. I love you so dearly.,0,47,11,3,nice day today love dearli
ham,Aiyo a bit pai seh ü noe... Scared he dun rem who i am then die... Hee... But he become better lookin oredi leh...,0,114,24,5,aiyo bit pai seh noe scare dun rem die hee becom better lookin oredi leh
ham,"Aight, I'll ask a few of my roommates",0,37,8,1,aight ill ask roommat
ham,"Now, whats your house # again ? And do you have any beer there ?",0,64,15,3,what hous beer
ham,Do ü all wan 2 meet up n combine all the parts? How's da rest of da project going?,0,82,19,3,wan meet combin part how da rest da project go
ham,Getting tickets 4 walsall tue 6 th march. My mate is getting me them on sat. ill pay my treat. Want 2 go. Txt bak .Terry,0,120,26,6,get ticket walsal tue th march mate get sat ill pay treat want go txt bak terri
ham,Yes we are chatting too.,0,24,5,2,ye chat
ham,HI ITS JESS I DONT KNOW IF YOU ARE AT WORK BUT CALL ME WHEN U CAN IM AT HOME ALL EVE. XXX,0,89,23,2,hi jess dont know work call im home eve xxx
ham,Sian... Aft meeting supervisor got work 2 do liao... U working now?,0,67,12,4,sian aft meet supervisor got work liao work
ham,Are you going to write ccna exam this week??,0,44,9,2,go write ccna exam week
ham,Well i will watch shrek in 3D!!B),0,33,7,2,well watch shrek db
ham,Am i that much dirty fellow?,0,28,6,2,much dirti fellow
ham,Dunno dat's wat he told me. Ok lor...,0,37,8,3,dunno dat wat told ok lor
ham,I'll probably be by tomorrow (or even later tonight if something's going on),0,76,13,1,ill probabl tomorrow even later tonight someth go
ham,I couldn't say no as he is a dying man and I feel sad for him so I will go and I just wanted you to know I would probably be gone late into your night,0,150,36,1,couldnt say die man feel sad go want know would probabl gone late night
ham,If you're thinking of lifting me one then no.,0,45,9,2,your think lift one
ham,Same as u... Dun wan... Y u dun like me already ah... Wat u doing now? Still eating?,0,84,18,6,dun wan dun like alreadi ah wat still eat
ham,Sent me ur email id soon,0,24,6,1,sent ur email id soon
ham,"Dude. What's up. How Teresa. Hope you have been okay. When i didnt hear from these people, i called them and they had received the package since dec  &lt;#&gt; . Just thot you'ld like to know. Do have a fantastic year and all the best with your reading. Plus if you can really really Bam first aid for Usmle, then your work is done.",0,332,64,9,dude what teresa hope okay didnt hear peopl call receiv packag sinc dec ltgt thot yould like know fantast year best read plu realli realli bam first aid usml work done
ham,Hey gorgeous man. My work mobile number is. Have a good one babe. Squishy Mwahs.,0,80,15,5,hey gorgeou man work mobil number good one babe squishi mwah
spam,"Hottest pics straight to your phone!! See me getting Wet and Wanting, just for you xx Text PICS to 89555 now! txt costs 150p textoperator g696ga 18 XxX",1,151,28,3,hottest pic straight phone see get wet want xx text pic txt cost textoper ga xxx
ham,That's the way you should stay oh.,0,34,7,2,that way stay oh
ham,Hello- thanx for taking that call. I got a job! Starts on monday!,0,65,13,4,hello thanx take call got job start monday
ham,What time is ur flight tmr?,0,27,6,2,time ur flight tmr
ham,When should I come over?,0,24,5,2,come
ham,I have a rather prominent bite mark on my right cheek,0,53,11,1,rather promin bite mark right cheek
ham,* Will be september by then!,0,28,6,2,septemb
ham,Are you wet right now?,0,22,5,2,wet right
ham,And how's your husband.,0,23,4,2,how husband
spam,"Hack Chat. Get backdoor entry into 121 chat rooms at a fraction of the cost. Reply NEO69 or call 09050280520, to subscribe 25p pm. DPS, Bcm box 8027 Ldn, wc1n3xx",1,161,30,4,hack chat get backdoor entri chat room fraction cost repli neo call subscrib pm dp bcm box ldn wc xx
ham,Are we doing the norm tomorrow? I finish just a 4.15 cos of st tests. Need to sort library stuff out at some point tomo - got letter from today - access til end march so i better get move on!,0,191,41,5,norm tomorrow finish co st test need sort librari stuff point tomo got letter today access til end march better get move
ham,Yeah. I got a list with only u and Joanna if I'm feeling really anti social,0,75,16,2,yeah got list joanna im feel realli anti social
ham,I am in your office na.,0,23,6,2,offic na
ham,Are you comingdown later?,0,25,4,2,comingdown later
ham,Super da:)good replacement for murali,0,37,5,1,super dagood replac murali
ham,Da is good good player.why he is unsold.,0,40,8,3,da good good playerwhi unsold
ham,Hi. || Do u want | to join me with sts later? || Meeting them at five. || Call u after class.,0,93,22,5,hi want join st later meet five call class
ham,Its on in engalnd! But telly has decided it won't let me watch it and mia and elliot were kissing! Damn it!,0,107,22,4,engalnd telli decid wont let watch mia elliot kiss damn
spam,"FREE NOKIA Or Motorola with upto 12mths 1/2price linerental, 500 FREE x-net mins&100txt/mth FREE B'tooth*. Call Mobileupd8 on 08001950382 or call 2optout/D3WV",1,158,22,2,free nokia motorola upto mth price linerent free xnet min txtmth free btooth call mobileupd call optoutd wv
ham,I dont want to hear philosophy. Just say what happen,0,52,10,2,dont want hear philosophi say happen
ham,You got job in wipro:)you will get every thing in life in 2 or 3 years.,0,71,16,2,got job wiproy get everi thing life year
ham,Then cant get da laptop? My matric card wif ü lei...,0,52,11,3,cant get da laptop matric card wif lei
ham,Dunno da next show aft 6 is 850. Toa payoh got 650.,0,51,12,3,dunno da next show aft toa payoh got
spam,"This is the 2nd time we have tried 2 contact u. U have won the 750 Pound prize. 2 claim is easy, call 08718726970 NOW! Only 10p per min. BT-national-rate",1,153,30,5,nd time tri contact pound prize claim easi call per min btnationalr
ham,I just made some payments so dont have that much. Sorry. Would you want it fedex or the other way.,0,98,20,4,made payment dont much sorri would want fedex way
ham,They did't play one day last year know even though they have very good team.. Like india.,0,89,17,3,didt play one day last year know even though good team like india
ham,K.:)you are the only girl waiting in reception ah?,0,50,9,3,kyou girl wait recept ah
ham,"Say this slowly.? GOD,I LOVE YOU &amp; I NEED YOU,CLEAN MY HEART WITH YOUR BLOOD.Send this to Ten special people &amp; u c miracle tomorrow, do it,pls,pls do it...",0,163,29,4,say slowli godi love amp need youclean heart bloodsend ten special peopl amp miracl tomorrow itplspl
ham,I hate when she does this. She turns what should be a fun shopping trip into an annoying day of how everything would look in her house.,0,135,27,3,hate turn fun shop trip annoy day everyth would look hous
ham,"Sir, i am waiting for your call.",0,32,7,2,sir wait call
ham,What's up. Do you want me to come online?,0,41,9,3,what want come onlin
ham,"It could work, we'll reach a consensus at the next meeting",0,58,11,1,could work well reach consensu next meet
ham,Aiyah then i wait lor. Then u entertain me. Hee...,0,50,10,4,aiyah wait lor entertain hee
ham,"The last thing i ever wanted to do was hurt you. And i didn't think it would have. You'd laugh, be embarassed, delete the tag and keep going. But as far as i knew, it wasn't even up. The fact that you even felt like i would do it to hurt you shows you really don't know me at all. It was messy wednesday, but it wasn't bad. The problem i have with it is you HAVE the time to clean it, but you choose not to. You skype, you take pictures, you sleep, you want to go out. I don't mind a few things here and there, but when you don't make the bed, when you throw laundry on top of it, when i can't have a friend in the house because i'm embarassed that there's underwear and bras strewn on the bed, pillows on the floor, that's something else. You used to be good about at least making the bed.",0,790,162,11,last thing ever want hurt didnt think would youd laugh embarass delet tag keep go far knew wasnt even fact even felt like would hurt show realli dont know messi wednesday wasnt bad problem time clean choos skype take pictur sleep want go dont mind thing dont make bed throw laundri top cant friend hous im embarass there underwear bra strewn bed pillow floor that someth els use good least make bed
ham,I'll let you know when it kicks in,0,34,8,1,ill let know kick
ham,You call him now ok i said call him,0,35,9,1,call ok said call
ham,Call to the number which is available in appointment. And ask to connect the call to waheed fathima.,0,100,18,3,call number avail appoint ask connect call wahe fathima
ham,Or ü go buy wif him then i meet ü later can?,0,44,12,2,go buy wif meet later
ham,Mmmm ... Fuck ... Not fair ! You know my weaknesses ! *grins* *pushes you to your knee's* *exposes my belly and pulls your head to it* Don't forget ... I know yours too *wicked smile*,0,183,36,6,mmmm fuck fair know weak grin push knee expos belli pull head dont forget know wick smile
ham,Today my system sh get ready.all is well and i am also in the deep well,0,71,16,2,today system sh get readyal well also deep well
ham,Mom wants to know where you at,0,30,7,1,mom want know
ham,"Aight, I'll text you when I'm back",0,34,7,1,aight ill text im back
ham,Dont know supports ass and srt i thnk. I think ps3 can play through usb too,0,75,16,2,dont know support as srt thnk think p play usb
ham,Oh ok i didnt know what you meant. Yep i am baby jontin,0,55,13,2,oh ok didnt know meant yep babi jontin
spam,You have WON a guaranteed £1000 cash or a £2000 prize.To claim yr prize call our customer service representative on,1,115,20,2,guarante cash prizeto claim yr prize call custom servic repres
spam,Would you like to see my XXX pics they are so hot they were nearly banned in the uk!,1,84,19,2,would like see xxx pic hot nearli ban uk
ham,This pen thing is beyond a joke. Wont a Biro do? Don't do a masters as can't do this ever again!,0,96,21,4,pen thing beyond joke wont biro dont master cant ever
ham,I AM AT A PARTY WITH ALEX NICHOLS,0,33,8,1,parti alex nichol
spam,U have a secret admirer who is looking 2 make contact with U-find out who they R*reveal who thinks UR so special-call on 09058094594,1,132,24,1,secret admir look make contact ufind rreveal think ur specialcal
ham,Just seeing your missed call my dear brother. Do have a gr8 day.,0,64,13,3,see miss call dear brother gr day
ham,Ok.. Ü finishing soon?,0,22,4,3,ok finish soon
ham,"Sorry, I can't help you on this.",0,32,7,2,sorri cant help
ham,"Come to me, slave. Your doing it again ... Going into your shell and unconsciously avoiding me ... You are making me unhappy :-(",0,128,24,4,come slave go shell unconsci avoid make unhappi
ham,I love your ass! Do you enjoy doggy style? :),0,45,10,3,love as enjoy doggi style
ham,I think asking for a gym is the excuse for lazy people. I jog.,0,62,14,3,think ask gym excus lazi peopl jog
spam,Dear 0776xxxxxxx U've been invited to XCHAT. This is our final attempt to contact u! Txt CHAT to 86688 150p/MsgrcvdHG/Suite342/2Lands/Row/W1J6HL LDN 18yrs,1,154,22,3,dear xxxxxxx uve invit xchat final attempt contact txt chat pmsgrcvdhgsuit landsroww hl ldn yr
spam,Urgent! Please call 09061743811 from landline. Your ABTA complimentary 4* Tenerife Holiday or £5000 cash await collection SAE T&Cs Box 326 CW25WX 150ppm,1,152,23,3,urgent pleas call landlin abta complimentari tenerif holiday cash await collect sae tc box cw wx ppm
ham,No. On the way home. So if not for the long dry spell the season would have been over,0,85,19,3,way home long dri spell season would
ham,I gotta collect da car at 6 lei.,0,32,8,2,got ta collect da car lei
ham,Ok but knackered. Just came home and went to sleep! Not good at this full time work lark.,0,89,18,4,ok knacker came home went sleep good full time work lark
ham,Probably earlier than that if the station's where I think it is,0,63,12,1,probabl earlier station think
spam,CALL 09090900040 & LISTEN TO EXTREME DIRTY LIVE CHAT GOING ON IN THE OFFICE RIGHT NOW TOTAL PRIVACY NO ONE KNOWS YOUR [sic] LISTENING 60P MIN 24/7MP 0870753331018+,1,163,28,1,call listen extrem dirti live chat go offic right total privaci one know sic listen min mp
spam,"FreeMsg Hey U, i just got 1 of these video/pic fones, reply WILD to this txt & ill send U my pics, hurry up Im so bored at work xxx (18 150p/rcvd STOP2stop)",1,156,33,1,freemsg hey got videop fone repli wild txt ill send pic hurri im bore work xxx prcvd stop stop
ham,"Uh, heads up we don't have THAT much left",0,41,9,1,uh head dont much left
ham,I tot u outside cos darren say u come shopping. Of course we nice wat. We jus went sim lim look at mp3 player.,0,110,24,4,tot outsid co darren say come shop cours nice wat ju went sim lim look mp player
ham,"Aight, sounds good. When do you want me to come down?",0,53,11,3,aight sound good want come
ham,Wat would u like 4 ur birthday?,0,31,7,2,wat would like ur birthday
ham,I love working from home :),0,27,6,1,love work home
ham,And miss vday the parachute and double coins??? U must not know me very well...,0,79,15,3,miss vday parachut doubl coin must know well
ham,My sister got placed in birla soft da:-),0,40,8,1,sister got place birla soft da
spam,Free entry in 2 a weekly comp for a chance to win an ipod. Txt POD to 80182 to get entry (std txt rate) T&C's apply 08452810073 for details 18+,1,143,30,2,free entri weekli comp chanc win ipod txt pod get entri std txt rate tc appli detail
ham,Wah... Okie okie... Muz make use of e unlimited... Haha...,0,58,10,5,wah oki oki muz make use unlimit haha
ham,"There're some people by mu, I'm at the table by lambda",0,54,11,1,therer peopl mu im tabl lambda
ham,And stop being an old man. You get to build snowman snow angels and snowball fights.,0,84,16,3,stop old man get build snowman snow angel snowbal fight
ham,ELLO BABE U OK?,0,15,4,2,ello babe ok
ham,Hello beautiful r u ok? I've kinda ad a row wiv and he walked out the pub?? I wanted a night wiv u Miss u,0,105,25,3,hello beauti ok ive kinda ad row wiv walk pub want night wiv miss
ham,Then u going ikea str aft dat?,0,30,7,2,go ikea str aft dat
ham,Becoz its  &lt;#&gt;  jan whn al the post ofice is in holiday so she cn go fr the post ofice...got it duffer,0,108,22,2,becoz ltgt jan whn al post ofic holiday cn go fr post oficegot duffer
ham,Lol grr my mom is taking forever with my prescription. Pharmacy is like 2 minutes away. Ugh.,0,92,17,4,lol grr mom take forev prescript pharmaci like minut away ugh
ham,For real tho this sucks. I can't even cook my whole electricity is out. And I'm hungry.,0,87,17,4,real tho suck cant even cook whole electr im hungri
ham,You want to go?,0,15,4,2,want go
spam,New TEXTBUDDY Chat 2 horny guys in ur area 4 just 25p Free 2 receive Search postcode or at gaytextbuddy.com. TXT ONE name to 89693. 08715500022 rpl Stop 2 cnl,1,158,30,4,new textbuddi chat horni guy ur area free receiv search postcod gaytextbuddycom txt one name rpl stop cnl
ham,Its not that time of the month nor mid of the time?,0,51,12,2,time month mid time
ham,Fffff. Can you text kadeem or are you too far gone,0,50,11,2,fffff text kadeem far gone
ham,We not leaving yet. Ok lor then we go elsewhere n eat. U thk...,0,63,14,4,leav yet ok lor go elsewher eat thk
ham,Is fujitsu s series lifebook good?,0,34,6,2,fujitsu seri lifebook good
ham,Yar i wanted 2 scold u yest but late already... I where got zhong se qing you? If u ask me b4 he ask me then i'll go out w u all lor. N u still can act so real.,0,160,40,5,yar want scold yest late alreadi got zhong se qing ask ask ill go lor still act real
ham,Dont know you bring some food,0,29,6,1,dont know bring food
ham,No current and food here. I am alone also,0,41,9,2,current food alon also
ham,I'll be in sch fr 4-6... I dun haf da book in sch... It's at home...,0,68,16,4,ill sch fr dun haf da book sch home
ham,Hello. They are going to the village pub at 8 so either come here or there accordingly. Ok?,0,91,18,4,hello go villag pub either come accordingli ok
ham,Ok,0,2,1,1,ok
ham,We don call like  &lt;#&gt;  times oh. No give us hypertension oh.,0,66,12,3,call like ltgt time oh give u hypertens oh
ham,"Dont give a monkeys wot they think and i certainly don't mind. Any friend of mine&all that! Just don't sleep wiv , that wud be annoyin!",0,135,26,4,dont give monkey wot think certainli dont mind friend mineal dont sleep wiv wud annoyin
ham,Omg it could snow here tonite!,0,30,6,2,omg could snow tonit
spam,Call from 08702490080 - tells u 2 call 09066358152 to claim £5000 prize. U have 2 enter all ur mobile & personal details @ the prompts. Careful!,1,144,27,4,call tell call claim prize enter ur mobil person detail prompt care
spam,Free 1st week entry 2 TEXTPOD 4 a chance 2 win 40GB iPod or £250 cash every wk. Txt VPOD to 81303 Ts&Cs www.textpod.net custcare 08712405020.,1,141,26,5,free st week entri textpod chanc win gb ipod cash everi wk txt vpod tsc custcar
ham,Carry on not disturbing both of you,0,35,7,1,carri disturb
ham,What pa tell me.. I went to bath:-),0,35,8,2,pa tell went bath
ham,Jus finished avatar nigro,0,25,4,1,ju finish avatar nigro
ham,R u over scratching it?,0,23,5,2,scratch
ham,Hope you are having a great day.,0,32,7,2,hope great day
ham,Did either of you have any idea's? Do you know of anyplaces doing something?,0,76,14,3,either idea know anyplac someth
ham,"My planning usually stops at ""find hella weed, smoke hella weed""",0,64,11,1,plan usual stop find hella weed smoke hella weed
ham,"The fact that you're cleaning shows you know why i'm upset. Your priority is constantly ""what i want to do,"" not ""what i need to do.""",0,133,26,3,fact your clean show know im upset prioriti constantli want need
ham,Excellent! Are you ready to moan and scream in ecstasy?,0,55,10,3,excel readi moan scream ecstasi
spam,More people are dogging in your area now. Call 09090204448 and join like minded guys. Why not arrange 1 yourself. There's 1 this evening. A£1.50 minAPN LS278BB,1,159,27,6,peopl dog area call join like mind guy arrang there even a£ minapn l bb
ham,Dude avatar 3d was imp. At one point i thought there were actually flies in the room and almost tried hittng one as a reflex,0,124,25,2,dude avatar imp one point thought actual fli room almost tri hittng one reflex
spam,"WELL DONE! Your 4* Costa Del Sol Holiday or £5000 await collection. Call 09050090044 Now toClaim. SAE, TCs, POBox334, Stockport, SK38xh, Cost£1.50/pm, Max10mins",1,160,23,5,well done costa del sol holiday await collect call toclaim sae tc pobox stockport sk xh cost£ pm max min
ham,K...k:)why cant you come here and search job:),0,46,8,2,kkwhi cant come search job
ham,I got lousy sleep. I kept waking up every 2 hours to see if my cat wanted to come in. I worry about him when its cold :(,0,120,28,3,got lousi sleep kept wake everi hour see cat want come worri cold
ham,"Yeah, I'll leave in a couple minutes &amp; let you know when I get to mu",0,72,16,1,yeah ill leav coupl minut amp let know get mu
ham,Can ü call me at 10:10 to make sure dat i've woken up...,0,56,13,2,call make sure dat ive woken
ham,Hey we can go jazz power yoga hip hop kb and yogasana,0,53,12,1,hey go jazz power yoga hip hop kb yogasana
ham,The battery is for mr adewale my uncle. Aka Egbon,0,49,10,2,batteri mr adewal uncl aka egbon
ham,Wait 2 min..stand at bus stop,0,29,6,2,wait minstand bu stop
ham,Oh ic. I thought you meant mary jane.,0,37,8,3,oh ic thought meant mari jane
ham,Haha... Really oh no... How? Then will they deduct your lesson tmr?,0,67,12,5,haha realli oh deduct lesson tmr
ham,Nah im goin 2 the wrks with j wot bout u?,0,41,11,2,nah im goin wrk wot bout
ham,Then just eat a shit and wait for ur monkey face bitch.......... U asshole..................,0,92,14,3,eat shit wait ur monkey face bitch asshol
ham,Good night. Am going to sleep.,0,30,6,3,good night go sleep
ham,"Aight I'll grab something to eat too, text me when you're back at mu",0,68,14,1,aight ill grab someth eat text your back mu
ham,Take something for pain. If it moves however to any side in the next 6hrs see a doctor.,0,87,18,3,take someth pain move howev side next hr see doctor
ham,"Lol ... Oh no babe, I wont be sliding into your place after midnight, but thanks for the invite",0,95,19,2,lol oh babe wont slide place midnight thank invit
ham,Howz that persons story,0,23,4,1,howz person stori
spam,Guess what! Somebody you know secretly fancies you! Wanna find out who it is? Give us a call on 09065394973 from Landline DATEBox1282EssexCM61XN 150p/min 18,1,156,25,4,guess somebodi know secretli fanci wan na find give u call landlin datebox essexcm xn pmin
ham,LOL that would be awesome payback.,0,34,6,2,lol would awesom payback
spam,it to 80488. Your 500 free text messages are valid until 31 December 2005.,1,74,14,3,free text messag valid decemb
ham,"Honeybee Said: *I'm d Sweetest in d World* God Laughed &amp; Said: *Wait,U Havnt Met d Person Reading This Msg* MORAL: Even GOD Can Crack Jokes! GM+GN+GE+GN:)",0,158,27,2,honeybe said im sweetest world god laugh amp said waitu havnt met person read msg moral even god crack joke gmgngegn
ham,Thanks. It was only from tescos but quite nice. All gone now. Speak soon,0,72,14,4,thank tesco quit nice gone speak soon
ham,What's a feathery bowa? Is that something guys have that I don't know about?,0,76,14,3,what featheri bowa someth guy dont know
ham,Even i cant close my eyes you are in me our vava playing umma :-D,0,65,15,1,even cant close eye vava play umma
ham,2 laptop... I noe infra but too slow lar... I wan fast one,0,58,13,3,laptop noe infra slow lar wan fast one
spam,You have won a guaranteed £200 award or even £1000 cashto claim UR award call free on 08000407165 (18+) 2 stop getstop on 88222 PHP,1,131,25,1,guarante award even cashto claim ur award call free stop getstop php
ham,Nvm it's ok...,0,14,3,2,nvm ok
ham,Enjoy ur life. . Good night,0,27,6,3,enjoy ur life good night
ham,Yes but can we meet in town cos will go to gep and then home. You could text at bus stop. And don't worry we'll have finished by march … ish!,0,141,31,4,ye meet town co go gep home could text bu stop dont worri well finish march ish
ham,Thats cool. Where should i cum? On you or in you? :),0,52,12,4,that cool cum
ham,Delhi and chennai still silent.,0,31,5,2,delhi chennai still silent
ham,Lol alright i was thinkin that too haha,0,39,8,1,lol alright thinkin haha
spam,Reply to win £100 weekly! Where will the 2006 FIFA World Cup be held? Send STOP to 87239 to end service,1,103,21,3,repli win weekli fifa world cup held send stop end servic
ham,No I'm in the same boat. Still here at my moms. Check me out on yo. I'm half naked.,0,83,19,5,im boat still mom check yo im half nake
ham,Shhhhh nobody is supposed to know!,0,34,6,2,shhhhh nobodi suppos know
ham,"Sorry, I'll call later in meeting any thing related to trade please call Arul. &lt;#&gt;",0,88,15,2,sorri ill call later meet thing relat trade pleas call arul ltgt
ham,Hey i will be late... i'm at amk. Need to drink tea or coffee,0,61,14,3,hey late im amk need drink tea coffe
spam,Urgent! Please call 09061743810 from landline. Your ABTA complimentary 4* Tenerife Holiday or #5000 cash await collection SAE T&Cs Box 326 CW25WX 150 ppm,1,153,24,3,urgent pleas call landlin abta complimentari tenerif holiday cash await collect sae tc box cw wx ppm
ham,The length is e same but e top shorter n i got a fringe now. I thk i'm not going liao. Too lazy. Dun wan 2 distract u also.,0,123,29,5,length top shorter got fring thk im go liao lazi dun wan distract also
ham,S..antha num corrct dane,0,24,4,2,santha num corrct dane
ham,The basket's gettin full so I might be by tonight,0,49,10,1,basket gettin full might tonight
ham,HI DARLIN IVE JUST GOT BACK AND I HAD A REALLY NICE NIGHT AND THANKS SO MUCH FOR THE LIFT SEE U TOMORROW XXX,0,108,24,1,hi darlin ive got back realli nice night thank much lift see tomorrow xxx
ham,No other Valentines huh? The proof is on your fb page. Ugh I'm so glad I really DIDN'T watch your rupaul show you TOOL!,0,119,24,4,valentin huh proof fb page ugh im glad realli didnt watch rupaul show tool
spam,Free tones Hope you enjoyed your new content. text stop to 61610 to unsubscribe. help:08712400602450p Provided by tones2you.co.uk,1,129,18,5,free tone hope enjoy new content text stop unsubscrib help provid tone youcouk
ham,Eh den sat u book e kb liao huh...,0,34,9,2,eh den sat book kb liao huh
ham,Have you been practising your curtsey?,0,38,6,2,practis curtsey
ham,Lol boo I was hoping for a laugh,0,32,8,1,lol boo hope laugh
ham,"YEH I AM DEF UP4 SOMETHING SAT,JUST GOT PAYED2DAY & I HAVBEEN GIVEN A£50 PAY RISE 4MY WORK & HAVEBEEN MADE PRESCHOOLCO-ORDINATOR 2I AM FEELINGOOD LUV",0,149,26,1,yeh def someth satjust got pay day havbeen given a£ pay rise work havebeen made preschoolcoordin feelingood luv
ham,"Well, I have to leave for my class babe ... You never came back to me ... :-( ... Hope you have a nice sleep, my love",0,117,27,4,well leav class babe never came back hope nice sleep love
ham,LMAO where's your fish memory when I need it?,0,45,9,2,lmao where fish memori need
ham,But i'll b going 2 sch on mon. My sis need 2 take smth.,0,55,14,3,ill go sch mon si need take smth
ham,Idea will soon get converted to live:),0,38,7,1,idea soon get convert live
spam,TheMob>Yo yo yo-Here comes a new selection of hot downloads for our members to get for FREE! Just click & open the next link sent to ur fone...,1,143,28,3,themobyo yo yoher come new select hot download member get free click open next link sent ur fone
ham,S....s...india going to draw the series after many years in south african soil..,0,80,13,4,ssindia go draw seri mani year south african soil
ham,"Goodmorning, today i am late for  &lt;DECIMAL&gt; min.",0,54,8,2,goodmorn today late ltdecimalgt min
ham,Can't take any major roles in community outreach. You rock mel,0,62,11,2,cant take major role commun outreach rock mel
ham,Shopping lor. Them raining mah hard 2 leave orchard.,0,52,9,3,shop lor rain mah hard leav orchard
ham,Hi here. have birth at on the  to  at 8lb 7oz. Mother and baby doing brilliantly.,0,81,16,4,hi birth lb oz mother babi brilliantli
ham,See the forwarding message for proof,0,36,6,1,see forward messag proof
ham,"I can't keep going through this. It was never my intention to run you out, but if you choose to do that rather than keep the room clean so *I* don't have to say no to visitors, then maybe that's the best choice. Yes, I wanted you to be embarassed, so maybe you'd feel for once how I feel when i have a friend who wants to drop buy and i have to say no, as happened this morning. I've tried everything. I don't know what else to do.",0,431,89,6,cant keep go never intent run choos rather keep room clean dont say visitor mayb that best choic ye want embarass mayb youd feel feel friend want drop buy say happen morn ive tri everyth dont know els
ham,Dunno lei... I thk mum lazy to go out... I neva ask her yet...,0,62,14,4,dunno lei thk mum lazi go neva ask yet
ham,"Do whatever you want. You know what the rules are. We had a talk earlier this week about what had to start happening, you showing responsibility. Yet, every week it's can i bend the rule this way? What about that way? Do whatever. I'm tired of having thia same argument with you every week. And a  &lt;#&gt;  movie DOESNT inlude the previews. You're still getting in after 1.",0,375,68,10,whatev want know rule talk earlier week start happen show respons yet everi week bend rule way way whatev im tire thia argument everi week ltgt movi doesnt inlud preview your still get
ham,"Beautiful Truth against Gravity.. Read carefully: ""Our heart feels light when someone is in it.. But it feels very heavy when someone leaves it.."" GOODMORNING",0,158,25,4,beauti truth graviti read care heart feel light someon feel heavi someon leaf goodmorn
spam,Great News! Call FREEFONE 08006344447 to claim your guaranteed £1000 CASH or £2000 gift. Speak to a live operator NOW!,1,118,20,4,great news call freefon claim guarante cash gift speak live oper
ham,Ambrith..madurai..met u in arun dha marrge..remembr?,0,52,6,5,ambrithmaduraimet arun dha marrgeremembr
ham,Just re read it and I have no shame but tell me how he takes it and if he runs I will blame u 4 ever!! Not really 4 ever just a long time,0,137,34,2,read shame tell take run blame ever realli ever long time
ham,"Princess, is your kitty shaved or natural?",0,42,7,2,princess kitti shave natur
ham,"Better than bb. If he wont use it, his wife will or them doctor",0,63,14,2,better bb wont use wife doctor
ham,Ya it came a while ago,0,22,6,1,ya came ago
ham,From tomorrow onwards eve 6 to 3 work.,0,38,8,2,tomorrow onward eve work
ham,Anything lor but toa payoh got place 2 walk meh...,0,50,10,2,anyth lor toa payoh got place walk meh
ham,"I don't have anybody's number, I still haven't thought up a tactful way to ask alex",0,83,16,1,dont anybodi number still havent thought tact way ask alex
spam,"U can WIN £100 of Music Gift Vouchers every week starting NOW Txt the word DRAW to 87066 TsCs www.ldew.com SkillGame,1Winaweek, age16.150ppermessSubscription",1,157,22,4,win music gift voucher everi week start txt word draw tsc skillgam winaweek age ppermesssubscript
ham,Is there any movie theatre i can go to and watch unlimited movies and just pay once?,0,84,17,2,movi theatr go watch unlimit movi pay
ham,U having lunch alone? I now so bored...,0,39,8,3,lunch alon bore
ham,"Yes obviously, but you are the eggs-pert and the potato head… Speak soon!",0,73,13,2,ye obvious eggspert potato head… speak soon
ham,"Nah man, my car is meant to be crammed full of people",0,53,12,1,nah man car meant cram full peopl
ham,No got new job at bar in airport on satsgettin 4.47per hour but means no lie in! keep in touch,0,94,20,3,got new job bar airport satsgettin per hour mean lie keep touch
ham,Kallis is ready for bat in 2nd innings,0,38,8,1,kalli readi bat nd inning
ham,Thanx but my birthday is over already.,0,38,7,2,thanx birthday alreadi
ham,"Ugh y can't u just apologize, admit u were wrong and ask me to take u back?",0,75,17,2,ugh cant apolog admit wrong ask take back
ham,"I noe la... U wana pei bf oso rite... K lor, other days den...",0,62,14,4,noe la wana pei bf oso rite lor day den
ham,"Yes, i'm small kid.. And boost is the secret of my energy..",0,59,12,3,ye im small kid boost secret energi
ham,IM GONNA MISS U SO MUCH,0,23,6,1,im gon na miss much
ham,Is avatar supposed to have subtoitles,0,37,6,1,avatar suppos subtoitl
ham,Simply sitting and watching match in office..,0,45,7,2,simpli sit watch match offic
ham,You can jot down things you want to remember later.,0,51,10,2,jot thing want rememb later
ham,Oh sorry please its over,0,24,5,1,oh sorri pleas
ham,Hey are we going for the lo lesson or gym?,0,42,10,2,hey go lo lesson gym
ham,"Dont pack what you can buy at any store.like cereals. If you must pack food, pack gari or something 9ja that you will miss.",0,123,24,4,dont pack buy storelik cereal must pack food pack gari someth ja miss
ham,You always make things bigger than they are,0,43,8,1,alway make thing bigger
ham,Ü dun wan to watch infernal affair?,0,35,7,2,dun wan watch infern affair
ham,"Me not waking up until 4 in the afternoon, sup",0,46,10,1,wake afternoon sup
ham,I can send you a pic if you like :),0,35,10,1,send pic like
ham,Okay... I booked all already... Including the one at bugis.,0,59,10,4,okay book alreadi includ one bugi
ham,"Aight fuck it, I'll get it later",0,32,7,1,aight fuck ill get later
ham,No de. But call me after some time. Ill tell you k,0,50,12,3,de call time ill tell
ham,So dont use hook up any how,0,27,7,1,dont use hook
ham,How much is blackberry bold2 in nigeria.,0,40,7,2,much blackberri bold nigeria
ham,Hi where you. You in home or calicut?,0,37,8,3,hi home calicut
ham,Hey darlin.. i can pick u up at college if u tell me wen & where 2 mt.. love Pete xx,0,84,21,3,hey darlin pick colleg tell wen mt love pete xx
spam,"Call 09094100151 to use ur mins! Calls cast 10p/min (mob vary). Service provided by AOM, just GBP5/month. AOM Box61,M60 1ER until u stop. Ages 18+ only!",1,152,26,6,call use ur min call cast pmin mob vari servic provid aom gbp month aom box er stop age
ham,"Oh... I was thkin of goin yogasana at 10 den no nd to go at 3 den can rush to parco 4 nb... Okie lor, u call me when ready...",0,125,30,4,oh thkin goin yogasana den nd go den rush parco nb oki lor call readi
ham,Y so late but i need to go n get da laptop...,0,45,12,2,late need go get da laptop
ham,"Sir, I am waiting for your mail.",0,32,7,2,sir wait mail
ham,.Please charge my mobile when you get up in morning.,0,52,10,3,pleas charg mobil get morn
ham,"Nothing, i got msg frm tht unknown no..",0,39,8,2,noth got msg frm tht unknown
ham,Ugh fuck it I'm resubbing to eve,0,32,7,1,ugh fuck im resub eve
ham,He didn't see his shadow. We get an early spring yay,0,52,11,2,didnt see shadow get earli spring yay
ham,I did. One slice and one breadstick. Lol,0,40,8,3,one slice one breadstick lol
ham,"Hey ! I want you ! I crave you ! I miss you ! I need you ! I love you, Ahmad Saeed al Hallaq ...",0,96,26,7,hey want crave miss need love ahmad saeed al hallaq
ham,Is there any training tomorrow?,0,31,5,2,train tomorrow
spam,"URGENT! Your mobile No *********** WON a £2,000 Bonus Caller Prize on 02/06/03! This is the 2nd attempt to reach YOU! Call 09066362220 ASAP! BOX97N7QP, 150ppm",1,158,26,5,urgent mobil bonu caller prize nd attempt reach call asap box qp ppm
ham,Pass dis to all ur contacts n see wat u get! Red;i'm in luv wid u. Blue;u put a smile on my face. Purple;u r realy hot. Pink;u r so swt. Orange;i thnk i lyk u. Green;i realy wana go out wid u. Yelow;i wnt u bck. Black;i'm jealous of u. Brown;i miss you Nw plz giv me one color,0,276,60,10,pa di ur contact see wat get redim luv wid blueu put smile face purpleu reali hot pinku swt orangei thnk lyk greeni reali wana go wid yelowi wnt bck blackim jealou browni miss nw plz giv one color
ham,Cos daddy arranging time c wat time fetch ü mah...,0,50,10,2,co daddi arrang time wat time fetch mah
ham,Then. You are eldest know.,0,26,5,3,eldest know
ham,Who's there say hi to our drugdealer,0,36,7,1,who say hi drugdeal
ham,Its hard to believe things like this. All can say lie but think twice before saying anything to me.,0,99,19,3,hard believ thing like say lie think twice say anyth
spam,Sexy Singles are waiting for you! Text your AGE followed by your GENDER as wither M or F E.G.23F. For gay men text your AGE followed by a G. e.g.23G.,1,149,30,9,sexi singl wait text age follow gender wither eg gay men text age follow eg
ham,Good night my dear.. Sleepwell&amp;Take care,0,44,6,2,good night dear sleepwellamptak care
ham,That is wondarfull song,0,23,4,1,wondarful song
spam,"FreeMsg: Claim ur 250 SMS messages-Text OK to 84025 now!Use web2mobile 2 ur mates etc. Join Txt250.com for 1.50p/wk. T&C BOX139, LA32WU. 16 . Remove txtX or stop",1,161,28,8,freemsg claim ur sm messagestext ok nowus web mobil ur mate etc join txt com pwk tc box la wu remov txtx stop
ham,Yar lor actually we quite fast... Cos da ge slow wat... Haha...,0,63,12,4,yar lor actual quit fast co da ge slow wat haha
ham,Must come later.. I normally bathe him in da afternoon mah..,0,60,11,3,must come later normal bath da afternoon mah
ham,"Trust me. Even if isn't there, its there.",0,41,8,3,trust even isnt
ham,Hey hun-onbus goin 2 meet him. He wants 2go out 4a meal but I donyt feel like it cuz have 2 get last bus home!But hes sweet latelyxxx,0,133,28,3,hey hunonbu goin meet want go meal donyt feel like cuz get last bu homebut he sweet latelyxxx
spam,85233 FREE>Ringtone!Reply REAL,1,30,3,2,freeringtonerepli real
ham,I can take you at like noon,0,27,7,1,take like noon
ham,Where is it. Is there any opening for mca.,0,42,9,3,open mca
ham,I'm aight. Wat's happening on your side.,0,40,7,3,im aight wat happen side
ham,I'm done oredi...,0,17,3,2,im done oredi
ham,"you are sweet as well, princess. Please tell me your likes and dislikes in bed...",0,81,15,3,sweet well princess pleas tell like dislik bed
ham,How are you. Wish you a great semester,0,38,8,2,wish great semest
ham,Moji i love you more than words. Have a rich day,0,48,11,2,moji love word rich day
ham,Dude how do you like the buff wind.,0,35,8,2,dude like buff wind
ham,"alright babe, justthought id sayhey! how u doin?nearly the endof me wk offdam nevamind!We will have 2Hook up sn if uwant m8? loveJen x.",0,136,24,6,alright babe justthought id sayhey doinnearli endof wk offdam nevamindw hook sn uwant lovejen
spam,Well done ENGLAND! Get the official poly ringtone or colour flag on yer mobile! text TONE or FLAG to 84199 NOW! Opt-out txt ENG STOP. Box39822 W111WX £1.50,1,155,28,6,well done england get offici poli rington colour flag yer mobil text tone flag optout txt eng stop box wx
ham,"No i'm not. I can't give you everything you want and need. You actually could do better for yourself on yor own--you've got more money than i do. I can't get work, i can't get a man, i can't pay the rent, i can't even fill my fucking gas tank. yes, i'm stressed and depressed. I didn't even call home for thanksgiving cuz i'll have to tell them i,m up to nothing.",0,363,72,7,im cant give everyth want need actual could better yor ownyouv got money cant get work cant get man cant pay rent cant even fill fuck ga tank ye im stress depress didnt even call home thanksgiv cuz ill tell im noth
ham,S:-)kallis wont play in first two odi:-),0,40,7,1,skalli wont play first two odi
ham,Then get some cash together and I'll text jason,0,47,9,1,get cash togeth ill text jason
ham,"Oh, my love, it's soooo good to hear from you. Omg I missed you so much today. I'm sorry your having problems with the provider but thank you for tming me",0,154,31,3,oh love soooo good hear omg miss much today im sorri problem provid thank tming
spam,"Final Chance! Claim ur £150 worth of discount vouchers today! Text YES to 85023 now! SavaMob, member offers mobile! T Cs SavaMob POBOX84, M263UZ. £3.00 Subs 16",1,159,27,7,final chanc claim ur worth discount voucher today text ye savamob member offer mobil c savamob pobox uz sub
ham,"Probably, want to pick up more?",0,31,6,2,probabl want pick
ham,I'm done...,0,11,2,2,im done
ham,Are you the cutest girl in the world or what,0,44,10,1,cutest girl world
ham,"No dice, art class 6 thru 9 :( thanks though. Any idea what time I should come tomorrow?",0,88,18,3,dice art class thru thank though idea time come tomorrow
spam,"SMS SERVICES. for your inclusive text credits, pls goto www.comuk.net login= ***** unsubscribe with STOP. no extra charge. help:08700469649. PO BOX420. IP4 5WE",1,159,23,8,sm servic inclus text credit pl goto login unsubscrib stop extra charg help po box ip
ham,Oh Howda gud gud.. Mathe en samachara chikku:-),0,47,8,2,oh howda gud gud math en samachara chikku
ham,I thk 530 lor. But dunno can get tickets a not. Wat u doing now?,0,64,15,4,thk lor dunno get ticket wat
ham,Audrie lousy autocorrect,0,24,3,1,audri lousi autocorrect
ham,Its a site to simulate the test. It just gives you very tough questions to test your readiness.,0,95,18,3,site simul test give tough question test readi
ham,Anyway seriously hit me up when you're back because otherwise I have to light up with armand and he always has shit and/or is vomiting,0,134,25,1,anyway serious hit your back otherwis light armand alway shit andor vomit
ham,I fetch yun or u fetch?,0,23,6,2,fetch yun fetch
ham,Thank you. I like you as well...,0,32,7,3,thank like well
ham,"Hmmm ... And imagine after you've come home from that having to rub my feet, make me dinner and help me get ready for my date ! Are you sure your ready for that kind of life ?",0,175,38,4,hmmm imagin youv come home rub foot make dinner help get readi date sure readi kind life
ham,Lara said she can loan me  &lt;#&gt; .,0,38,8,2,lara said loan ltgt
ham,Do we have any spare power supplies,0,35,7,1,spare power suppli
ham,Yar he quite clever but aft many guesses lor. He got ask me 2 bring but i thk darren not so willing 2 go. Aiya they thk leona still not attach wat.,0,147,32,4,yar quit clever aft mani guess lor got ask bring thk darren will go aiya thk leona still attach wat
spam,You are a winner you have been specially selected to receive £1000 cash or a £2000 award. Speak to a live operator to claim call 087123002209am-7pm. Cost 10p,1,157,28,3,winner special select receiv cash award speak live oper claim call pm cost
ham,"Yeah, don't go to bed, I'll be back before midnight",0,51,10,1,yeah dont go bed ill back midnight
spam,"Sunshine Hols. To claim ur med holiday send a stamped self address envelope to Drinks on Us UK, PO Box 113, Bray, Wicklow, Eire. Quiz Starts Saturday! Unsub Stop",1,161,29,4,sunshin hol claim ur med holiday send stamp self address envelop drink u uk po box bray wicklow eir quiz start saturday unsub stop
ham,Well I wasn't available as I washob nobbing with last night so they had to ask Nickey Platt instead of me!;,0,107,21,2,well wasnt avail washob nob last night ask nickey platt instead
ham,"It's that time of the week again, ryan",0,38,8,1,time week ryan
ham,Wish u many many returns of the day.. Happy birthday vikky..,0,60,11,3,wish mani mani return day happi birthday vikki
spam,"U can WIN £100 of Music Gift Vouchers every week starting NOW Txt the word DRAW to 87066 TsCs www.Idew.com SkillGame, 1Winaweek, age16. 150ppermessSubscription",1,159,24,4,win music gift voucher everi week start txt word draw tsc skillgam winaweek age ppermesssubscript
ham,I hope you know I'm still mad at you.,0,37,9,2,hope know im still mad
ham,"Argh my 3g is spotty, anyway the only thing I remember from the research we did was that province and sterling were the only problem-free places we looked at",0,157,29,1,argh spotti anyway thing rememb research provinc sterl problemfre place look
ham,In xam hall boy asked girl Tell me the starting term for dis answer I can den manage on my own After lot of hesitation n lookin around silently she said THE! intha ponnungale ipaditan;),0,185,35,2,xam hall boy ask girl tell start term di answer den manag lot hesit lookin around silent said intha ponnungal ipaditan
ham,Do you know when the result.,0,28,6,2,know result
ham,"Sorry im getting up now, feel really bad- totally rejected that kinda me thing.",0,79,14,2,sorri im get feel realli bad total reject kinda thing
ham,You do got a shitload of diamonds though,0,40,8,1,got shitload diamond though
ham,Tessy..pls do me a favor. Pls convey my birthday wishes to Nimya..pls dnt forget it. Today is her birthday Shijas,0,113,20,5,tessypl favor pl convey birthday wish nimyapl dnt forget today birthday shija
ham,Well I'm going to be an aunty!,0,30,7,2,well im go aunti
ham,Mine here like all fr china then so noisy.,0,42,9,2,mine like fr china noisi
ham,Later i guess. I needa do mcat study too.,0,41,9,3,later guess needa mcat studi
ham,S...from the training manual it show there is no tech process:)its all about password reset and troubleshooting:),0,113,17,2,sfrom train manual show tech processit password reset troubleshoot
spam,Your B4U voucher w/c 27/03 is MARSMS. Log onto www.B4Utele.com for discount credit. To opt out reply stop. Customer care call 08717168528,1,137,22,6,voucher wc marsm log onto discount credit opt repli stop custom care call
ham,"Spoke with uncle john today. He strongly feels that you need to sacrifice to keep me here. He's going to call you. When he does, i beg you to just listen. Dont make any promises or make it clear things are not easy. And i need you to please let us work things out. As long as i keep expecting help, my creativity will be stifled so pls just keep him happy, no promises on your part.",0,382,77,8,spoke uncl john today strongli feel need sacrific keep he go call beg listen dont make promis make clear thing easi need pleas let u work thing long keep expect help creativ stifl pl keep happi promis part
ham,"Carlos took a while (again), we leave in a minute",0,49,10,1,carlo took leav minut
ham,Well done and ! luv ya all,0,26,7,2,well done luv ya
ham,Then why you came to hostel.,0,28,6,2,came hostel
ham,K still are you loving me.,0,26,6,2,still love
ham,But i juz remembered i gotta bathe my dog today..,0,49,10,2,juz rememb got ta bath dog today
ham,After the drug she will be able to eat.,0,39,9,2,drug abl eat
ham,Alright took the morphine. Back in yo.,0,38,7,3,alright took morphin back yo
ham,You see the requirements please,0,31,5,1,see requir pleas
ham,You stayin out of trouble stranger!!saw Dave the other day hes sorted now!still with me bloke when u gona get a girl MR!ur mum still Thinks we will get 2GETHA!,0,160,30,5,stayin troubl strangersaw dave day he sort nowstil bloke gona get girl mrur mum still think get getha
spam,FreeMsg: Hey - I'm Buffy. 25 and love to satisfy men. Home alone feeling randy. Reply 2 C my PIX! QlynnBV Help08700621170150p a msg Send stop to stop txts,1,154,29,5,freemsg hey im buffi love satisfi men home alon feel randi repli pix qlynnbv help msg send stop stop txt
ham,So can collect ur laptop?,0,25,5,2,collect ur laptop
ham,"Ok. Can be later showing around 8-8:30 if you want + cld have drink before. Wld prefer not to spend money on nosh if you don't mind, as doing that nxt wk.",0,154,32,4,ok later show around want cld drink wld prefer spend money nosh dont mind nxt wk
ham,I will once i get home,0,22,6,1,get home
ham,Waaaat?? Lololo ok next time then!,0,34,6,3,waaaat lololo ok next time
ham,"The table's occupied, I'm waiting by the tree",0,45,8,1,tabl occupi im wait tree
ham,I surely dont forgot to come:)i will always be in touch in with you:-),0,70,14,1,sure dont forgot comei alway touch
ham,Hi kindly give us back our documents which we submitted for loan from STAPATI,0,77,14,1,hi kindli give u back document submit loan stapati
ham,I dont have i shall buy one dear,0,32,8,1,dont shall buy one dear
ham,Oh god i am happy to see your message after 3 days,0,50,12,1,oh god happi see messag day
ham,What year. And how many miles.,0,30,6,3,year mani mile
ham,Hey cutie. How goes it? Here in WALES its kinda ok. There is like hills and shit but i still avent killed myself.,0,113,23,5,hey cuti go wale kinda ok like hill shit still avent kill
ham,"Sad story of a Man - Last week was my b'day. My Wife did'nt wish me. My Parents forgot n so did my Kids . I went to work. Even my Colleagues did not wish. As I entered my cabin my PA said, '' Happy B'day Boss !!''. I felt special. She askd me 4 lunch. After lunch she invited me to her apartment. We went there. She said,'' do u mind if I go into the bedroom for a minute ? '' ''OK'', I sed in a sexy mood. She came out 5 minuts latr wid a cake...n My Wife, My Parents, My Kidz, My Friends n My Colleagues. All screaming.. SURPRISE !! and I was waiting on the sofa.. ... ..... ' NAKED...!",0,588,125,22,sad stori man last week bday wife didnt wish parent forgot kid went work even colleagu wish enter cabin pa said happi bday bo felt special askd lunch lunch invit apart went said mind go bedroom minut ok sed sexi mood came minut latr wid caken wife parent kidz friend colleagu scream surpris wait sofa nake
ham,I think you should go the honesty road. Call the bank tomorrow. Its the tough decisions that make us great people.,0,114,21,4,think go honesti road call bank tomorrow tough decis make u great peopl
spam,FREE for 1st week! No1 Nokia tone 4 ur mob every week just txt NOKIA to 87077 Get txting and tell ur mates. zed POBox 36504 W45WQ norm150p/tone 16+,1,147,29,3,free st week nokia tone ur mob everi week txt nokia get txting tell ur mate zed pobox wq norm ptone
ham,No. Its not specialisation. Can work but its slave labor. Will look for it this month sha cos no shakara 4 beggar.,0,114,22,5,specialis work slave labor look month sha co shakara beggar
ham,Is she replying. Has boye changed his phone number,0,50,9,2,repli boy chang phone number
ham,hi my darlin im on my way to London and we have just been smashed into by another driver! and have a big dent! im really missing u what have u been up to? xxx,0,158,35,4,hi darlin im way london smash anoth driver big dent im realli miss xxx
ham,"Nothing really, just making sure everybody's up to speed",0,56,9,1,noth realli make sure everybodi speed
ham,I'm not coming home 4 dinner.,0,29,6,2,im come home dinner
ham,"Thank you. And by the way, I just lost.",0,39,9,3,thank way lost
ham,Yes.he have good crickiting mind,0,32,5,2,yesh good crickit mind
ham,Thx. All will be well in a few months,0,37,9,2,thx well month
ham,"CAN I PLEASE COME UP NOW IMIN TOWN.DONTMATTER IF URGOIN OUTL8R,JUST REALLYNEED 2DOCD.PLEASE DONTPLEASE DONTIGNORE MYCALLS,U NO THECD ISV.IMPORTANT TOME 4 2MORO",0,159,22,4,pleas come imin towndontmatt urgoin outl rjust reallyne docdpleas dontpleas dontignor mycallsu thecd isvimport tome moro
ham,I wont. So wat's wit the guys,0,29,7,2,wont wat wit guy
ham,Yavnt tried yet and never played original either,0,48,8,1,yavnt tri yet never play origin either
ham,"Hiya, had a good day? Have you spoken to since the weekend?",0,59,12,3,hiya good day spoken sinc weekend
ham,See? I thought it all through,0,29,6,2,see thought
ham,get ready to moan and scream :),0,31,7,1,get readi moan scream
ham,Oh k :)why you got job then whats up?,0,37,9,2,oh got job what
ham,"I don,t think so. You don't need to be going out that late on a school night. ESPECIALLY when the one class you have is the one you missed last wednesday and probably failed a test in on friday",0,193,39,3,dont think dont need go late school night especi one class one miss last wednesday probabl fail test friday
ham,And popping &lt;#&gt; ibuprofens was no help.,0,45,7,2,pop ltgt ibuprofen help
ham,"Babe ! How goes that day ? What are you doing ? Where are you ? I sip my cappuccino and think of you, my love ... I send a kiss to you from across the sea",0,154,37,6,babe go day sip cappuccino think love send kiss across sea
ham,Ok.,0,3,1,2,ok
ham,PS U no ur a grown up now right?,0,32,9,2,p ur grown right
ham,"Chinatown got porridge, claypot rice, yam cake, fishhead beehoon... Either we eat cheap den go cafe n tok or go nydc or somethin...",0,131,23,3,chinatown got porridg claypot rice yam cake fishhead beehoon either eat cheap den go cafe tok go nydc somethin
ham,I know a few people I can hit up and fuck to the yes,0,52,14,1,know peopl hit fuck ye
ham,Purity of friendship between two is not about smiling after reading the forwarded message..Its about smiling just by seeing the name. Gud evng,0,142,23,3,puriti friendship two smile read forward messageit smile see name gud evng
ham,So is there anything specific I should be doing with regards to jaklin or what because idk what the fuck,0,104,20,1,anyth specif regard jaklin idk fuck
ham,Oh god. I'm gonna Google nearby cliffs now.,0,43,8,3,oh god im gon na googl nearbi cliff
spam,FREE camera phones with linerental from 4.49/month with 750 cross ntwk mins. 1/2 price txt bundle deals also avble. Call 08001950382 or call2optout/J MF,1,152,24,4,free camera phone linerent month cross ntwk min price txt bundl deal also avbl call call optoutj mf
ham,Yup i shd haf ard 10 pages if i add figures... Ü all got how many pages?,0,72,17,3,yup shd haf ard page add figur got mani page
ham,"Ooh, 4got, i'm gonna start belly dancing in moseley weds 6.30 if u want 2 join me, they have a cafe too.",0,104,22,3,ooh got im gon na start belli danc moseley wed want join cafe
ham,Thankyou so much for the call. I appreciate your care.,0,54,10,3,thankyou much call appreci care
ham,Congrats ! Treat pending.i am not on mail for 2 days.will mail once thru.Respect mother at home.check mails.,0,108,18,7,congrat treat pendingi mail dayswil mail thrurespect mother homecheck mail
ham,I called but no one pick up e phone. I ask both of them already they said ok.,0,77,18,3,call one pick phone ask alreadi said ok
ham,Hi my email address has changed now it is,0,41,9,1,hi email address chang
ham,"V-aluable. A-ffectionate. L-oveable. E-ternal. N-oble. T-ruthful. I-ntimate. N-atural. E-namous. Happy ""VALENTINES DAY"" in advance",0,130,14,10,valuabl affection loveabl etern nobl truth intim natur enam happi valentin day advanc
ham,"Not much, just some textin'. How bout you?",0,42,8,3,much textin bout
ham,Bring it if you got it,0,22,6,1,bring got
ham,I'm in a movie. Call me 4 wat?,0,30,8,3,im movi call wat
ham,Not sure I have the stomach for it ...,0,38,9,2,sure stomach
ham,Haha... can... But i'm having dinner with my cousin...,0,54,9,4,haha im dinner cousin
ham,"A boy was late 2 home. His father: ""POWER OF FRNDSHIP""",0,54,11,2,boy late home father power frndship
ham,"(And my man carlos is definitely coming by mu tonight, no excuses)",0,66,12,1,man carlo definit come mu tonight excus
ham,soon you will have the real thing princess! Do i make you wet? :),0,65,14,3,soon real thing princess make wet
ham,Raji..pls do me a favour. Pls convey my Birthday wishes to Nimya. Pls. Today is her birthday.,0,93,17,6,rajipl favour pl convey birthday wish nimya pl today birthday
ham,"Haha, my legs and neck are killing me and my amigos are hoping to end the night with a burn, think I could swing by in like an hour?",0,132,29,2,haha leg neck kill amigo hope end night burn think could swing like hour
spam,"URGENT! Your mobile No 07xxxxxxxxx won a £2,000 bonus caller prize on 02/06/03! this is the 2nd attempt to reach YOU! call 09066362231 ASAP! BOX97N7QP, 150PPM",1,158,26,5,urgent mobil xxxxxxxxx bonu caller prize nd attempt reach call asap box qp ppm
ham,Usually the body takes care of it buy making sure it doesnt progress. Can we pls continue this talk on saturday.,0,112,21,3,usual bodi take care buy make sure doesnt progress pl continu talk saturday
spam,"URGENT!! Your 4* Costa Del Sol Holiday or £5000 await collection. Call 09050090044 Now toClaim. SAE, TC s, POBox334, Stockport, SK38xh, Cost£1.50/pm, Max10mins",1,159,23,5,urgent costa del sol holiday await collect call toclaim sae tc pobox stockport sk xh cost£ pm max min
ham,"Hmm well, night night",0,21,4,1,hmm well night night
ham,Just wanted to say holy shit you guys weren't kidding about this bud,0,68,13,1,want say holi shit guy werent kid bud
ham,"Just gettin a bit arty with my collages at the mo, well tryin 2 ne way! Got a roast in a min lovely i shall enjoy that!",0,119,27,3,gettin bit arti collag mo well tryin ne way got roast min love shall enjoy
ham,"This is one of the days you have a billion classes, right?",0,58,12,2,one day billion class right
ham,"Goodmorning, today i am late for 2hrs. Because of back pain.",0,60,11,3,goodmorn today late hr back pain
ham,Ok then i'll let him noe later n ask him call u tmr...,0,54,13,2,ok ill let noe later ask call tmr
ham,OK i'm waliking ard now... Do u wan me 2 buy anything go ur house?,0,66,15,3,ok im walik ard wan buy anyth go ur hous
ham,* Will have two more cartons off u and is very pleased with shelves,0,67,14,1,two carton pleas shelf
ham,Nice talking to you! please dont forget my pix :) i want to see all of you...,0,77,17,3,nice talk pleas dont forget pix want see
spam,You have WON a guaranteed £1000 cash or a £2000 prize. To claim yr prize call our customer service representative on 08714712379 between 10am-7pm Cost 10p,1,154,26,2,guarante cash prize claim yr prize call custom servic repres pm cost
ham,But really quite funny lor wat... Then u shd haf run shorter distance wat...,0,76,14,3,realli quit funni lor wat shd haf run shorter distanc wat
ham,I notice you like looking in the shit mirror youre turning into a right freak,0,77,15,1,notic like look shit mirror your turn right freak
ham,Great. I was getting worried about you. Just know that a wonderful and caring person like you will have only the best in life. Know that u r wonderful and God's love is yours.,0,175,34,5,great get worri know wonder care person like best life know wonder god love
spam,"Thanks for your ringtone order, ref number K718. Your mobile will be charged £4.50. Should your tone not arrive please call customer services on 09065069120",1,156,25,4,thank rington order ref number mobil charg tone arriv pleas call custom servic
ham,"I prefer my free days... Tues, wed, fri oso can... Ü ask those workin lor...",0,76,15,4,prefer free day tue wed fri oso ask workin lor
ham,Alrite jod hows the revision goin? Keris bin doin a smidgin. N e way u wanna cum over after college?xx,0,102,20,4,alrit jod how revis goin keri bin doin smidgin way wan na cum collegexx
ham,If you have belive me. Come to my home.,0,39,9,3,beliv come home
ham,Oh k.k..where did you take test?,0,32,6,4,oh kkwhere take test
ham,Those were my exact intentions,0,30,5,1,exact intent
ham,haha but no money leh... Later got to go for tuition... Haha and looking for empty slots for driving lessons,0,108,20,3,haha money leh later got go tuition haha look empti slot drive lesson
ham,"Hey... Thk we juz go accordin to wat we discussed yest lor, except no kb on sun... Cos there's nt much lesson to go if we attend kb on sat...",0,141,30,4,hey thk juz go accordin wat discuss yest lor except kb sun co there nt much lesson go attend kb sat
ham,"K, wen ur free come to my home and also tel vikky i hav sent mail to him also.. Better come evening il be free today aftr 6pm..:-)",0,130,28,3,wen ur free come home also tel vikki hav sent mail also better come even il free today aftr pm
ham,Nothing just getting msgs by dis name wit different no's..,0,58,10,2,noth get msg di name wit differ no
ham,What's your room number again? Wanna make sure I'm knocking on the right door,0,77,14,2,what room number wan na make sure im knock right door
ham,"Si.como no?!listened2the plaid album-quite gd&the new air1 which is hilarious-also boughtbraindancea comp.ofstuff on aphexs ;abel,u hav2hear it!c u sn xxxx",0,158,20,5,sicomo nolisten plaid albumquit gdthe new air hilariousalso boughtbraindancea compofstuff aphex abelu hav hear itc sn xxxx
ham,Pls tell nelson that the bb's are no longer comin. The money i was expecting aint coming,0,88,17,2,pl tell nelson bb longer comin money expect aint come
ham,"Give her something to drink, if she takes it and doesn't vomit then you her temp might drop. If she unmits however let me know.",0,127,25,3,give someth drink take doesnt vomit temp might drop unmit howev let know
ham,Think you sent the text to the home phone. That cant display texts. If you still want to send it his number is,0,110,23,3,think sent text home phone cant display text still want send number
ham,Every day i use to sleep after  &lt;#&gt;  so only.,0,51,10,2,everi day use sleep ltgt
ham,K I'll call you when I'm close,0,30,7,1,ill call im close
ham,U buy newspapers already?,0,25,4,2,buy newspap alreadi
ham,Nope wif my sis lor... Aft bathing my dog then i can bathe... Looks like it's going 2 rain soon.,0,96,20,4,nope wif si lor aft bath dog bath look like go rain soon
ham,Boo I'm on my way to my moms. She's making tortilla soup. Yummmm,0,64,13,3,boo im way mom she make tortilla soup yummmm
ham,No management puzzeles.,0,23,3,2,manag puzzel
ham,How did you find out in a way that didn't include all of these details,0,70,15,1,find way didnt includ detail
spam,"Hi ya babe x u 4goten bout me?' scammers getting smart..Though this is a regular vodafone no, if you respond you get further prem rate msg/subscription. Other nos used also. Beware!",1,181,31,6,hi ya babe goten bout scammer get smartthough regular vodafon respond get prem rate msgsubscript no use also bewar
spam,Back 2 work 2morro half term over! Can U C me 2nite 4 some sexy passion B4 I have 2 go back? Chat NOW 09099726481 Luv DENA Calls £1/minMobsmoreLKPOBOX177HP51FL,1,159,29,3,back work morro half term nite sexi passion go back chat luv dena call minmobsmorelkpobox hp fl
ham,will you like to be spoiled? :),0,31,7,2,like spoil
spam,"Thanks for your ringtone order, ref number R836. Your mobile will be charged £4.50. Should your tone not arrive please call customer services on 09065069154",1,156,25,4,thank rington order ref number mobil charg tone arriv pleas call custom servic
ham,I am getting threats from your sales executive Shifad as i raised complaint against him. Its an official message.,0,113,19,3,get threat sale execut shifad rais complaint offici messag
ham,hope things went well at 'doctors' ;) reminds me i still need 2go.did u c d little thing i left in the lounge?,0,110,23,3,hope thing went well doctor remind still need godid littl thing left loung
ham,Den wat will e schedule b lk on sun?,0,36,9,2,den wat schedul lk sun
ham,Lol enjoy role playing much?,0,28,5,2,lol enjoy role play much
ham,Ok. Me watching tv too.,0,23,5,3,ok watch tv
ham,"I just lov this line: ""Hurt me with the truth, I don't mind,i wil tolerat.bcs ur my someone..... But, Never comfort me with a lie"" gud ni8 and sweet dreams",0,155,30,3,lov line hurt truth dont mindi wil toleratbc ur someon never comfort lie gud ni sweet dream
ham,"Just checked out, heading out to drop off my stuff now",0,54,11,1,check head drop stuff
ham,Here got lots of hair dresser fr china.,0,39,8,2,got lot hair dresser fr china
ham,Sad story of a Man - Last week was my b'day. My Wife did'nt wish me. My Parents forgot n so did my Kids . I went to work. Even my Colleagues did not wish.,0,154,35,6,sad stori man last week bday wife didnt wish parent forgot kid went work even colleagu wish
ham,Ill call you evening ill some ideas.,0,36,7,2,ill call even ill idea
spam,SplashMobile: Choose from 1000s of gr8 tones each wk! This is a subscrition service with weekly tones costing 300p. U have one credit - kick back and ENJOY,1,155,28,3,splashmobil choos gr tone wk subscrit servic weekli tone cost one credit kick back enjoy
ham,Did you show him and wot did he say or could u not c him 4 dust?,0,64,17,2,show wot say could dust
ham,It should take about  &lt;#&gt;  min,0,36,6,1,take ltgt min
spam,Not heard from U4 a while. Call 4 rude chat private line 01223585334 to cum. Wan 2C pics of me gettin shagged then text PIX to 8552. 2End send STOP 8552 SAM xxx,1,160,33,4,heard call rude chat privat line cum wan pic gettin shag text pix end send stop sam xxx
spam,<Forwarded from 88877>FREE entry into our £250 weekly comp just send the word ENTER to 88877 NOW. 18 T&C www.textcomp.com,1,121,20,4,free entri weekli comp send word enter tc
ham,Finish liao... U?,0,17,3,3,finish liao
spam,88066 FROM 88066 LOST 3POUND HELP,1,33,6,1,lost pound help
ham,Haha i think i did too,0,22,6,1,haha think
ham,U know we watchin at lido?,0,26,6,2,know watchin lido
ham,Life spend with someone for a lifetime may be meaningless but a few moments spent with someone who really love you means more than life itself..,0,144,26,2,life spend someon lifetim may meaningless moment spent someon realli love mean life
ham,"Haha awesome, I've been to 4u a couple times. Who all's coming?",0,63,12,3,haha awesom ive coupl time all come
ham,Cold. Dont be sad dear,0,22,5,2,cold dont sad dear
ham,Think I could stop by in like an hour or so? My roommate's looking to stock up for a trip,0,89,20,2,think could stop like hour roommat look stock trip
ham,Is that on the telly? No its Brdget Jones!,0,42,9,3,telli brdget jone
ham,Hello! How r u? Im bored. Inever thought id get bored with the tv but I am. Tell me something exciting has happened there? Anything! =/,0,135,26,7,hello im bore inev thought id get bore tv tell someth excit happen anyth
ham,Hmm...Bad news...Hype park plaza $700 studio taken...Only left 2 bedrm-$900...,0,78,10,5,hmmbad newshyp park plaza studio takenonli left bedrm
ham,"Sorry, I'll call later in meeting",0,33,6,1,sorri ill call later meet
ham,R ü comin back for dinner?,0,26,6,2,comin back dinner
ham,"I hav almost reached. Call, i m unable to connect u.",0,52,11,3,hav almost reach call unabl connect
ham,Whom you waited for yesterday,0,29,5,1,wait yesterday
ham,I reach home safe n sound liao...,0,33,7,2,reach home safe sound liao
ham,"Velly good, yes please!",0,23,4,2,velli good ye pleas
ham,"Hi, wkend ok but journey terrible. Wk not good as have huge back log of marking to do",0,85,18,2,hi wkend ok journey terribl wk good huge back log mark
ham,I have had two more letters from . I will copy them for you cos one has a message for you. Speak soon,0,101,23,3,two letter copi co one messag speak soon
ham,Alex knows a guy who sells mids but he's down in south tampa and I don't think I could set it up before like 8,0,110,25,1,alex know guy sell mid he south tampa dont think could set like
ham,Dont you have message offer,0,27,5,1,dont messag offer
spam,Had your mobile 11mths ? Update for FREE to Oranges latest colour camera mobiles & unlimited weekend calls. Call Mobile Upd8 on freefone 08000839402 or 2StopTx,1,159,26,3,mobil mth updat free orang latest colour camera mobil unlimit weekend call call mobil upd freefon stoptx
ham,"HEY THERE BABE, HOW U DOIN? WOT U UP 2 2NITE LOVE ANNIE X.",0,58,14,3,hey babe doin wot nite love anni
ham,Remind me how to get there and I shall do so,0,44,11,1,remind get shall
ham,:-( that's not v romantic!,0,26,5,2,that romant
ham,Hello. Damn this christmas thing. I think i have decided to keep this mp3 that doesnt work.,0,91,17,4,hello damn christma thing think decid keep mp doesnt work
spam,You have 1 new message. Please call 08718738034.,1,48,8,3,new messag pleas call
ham,HI DARLIN IM MISSIN U HOPE YOU ARE HAVING A GOOD TIME. WHEN ARE U BACK AND WHAT TIME IF U CAN GIVE ME A CALL AT HOME. JESS XX,0,125,30,3,hi darlin im missin hope good time back time give call home jess xx
spam,<Forwarded from 21870000>Hi - this is your Mailbox Messaging SMS alert. You have 4 messages. You have 21 matches. Please call back on 09056242159 to retrieve your messages and matches,1,183,30,4,hi mailbox messag sm alert messag match pleas call back retriev messag match
ham,Draw va?i dont think so:),0,25,5,2,draw vai dont think
ham,Dont pick up d call when something important is There to tell. Hrishi,0,69,13,2,dont pick call someth import tell hrishi
ham,Nothin comes to my mind. Ü help me buy hanger lor. Ur laptop not heavy?,0,71,15,4,nothin come mind help buy hanger lor ur laptop heavi
ham,"&lt;#&gt; , that's all? Guess that's easy enough",0,48,8,2,ltgt that guess that easi enough
ham,We can make a baby in yo tho,0,28,8,1,make babi yo tho
ham,Should I tell my friend not to come round til like  &lt;#&gt; ish?,0,66,13,2,tell friend come round til like ltgt ish
ham,Friendship poem: Dear O Dear U R Not Near But I Can Hear Dont Get Fear Live With Cheer No More Tear U R Always my Dear. Gud ni8,0,127,29,2,friendship poem dear dear near hear dont get fear live cheer tear alway dear gud ni
ham,Still in the area of the restaurant. Ill try to come back soon,0,62,13,2,still area restaur ill tri come back soon
ham,"Aight that'll work, thanks",0,26,4,1,aight thatll work thank
spam,Moby Pub Quiz.Win a £100 High Street prize if u know who the new Duchess of Cornwall will be? Txt her first name to 82277.unsub STOP £1.50 008704050406 SP Arrow,1,160,30,5,mobi pub quizwin high street prize know new duchess cornwal txt first name unsub stop sp arrow
ham,"I have 2 sleeping bags, 1 blanket and paper and  phone details. Anything else?",0,78,14,3,sleep bag blanket paper phone detail anyth els
spam,"Congratulations! Thanks to a good friend U have WON the £2,000 Xmas prize. 2 claim is easy, just call 08718726971 NOW! Only 10p per minute. BT-national-rate.",1,157,26,6,congratul thank good friend xma prize claim easi call per minut btnationalr
spam,"tddnewsletter@emc1.co.uk (More games from TheDailyDraw) Dear Helen, Dozens of Free Games - with great prizesWith..",1,114,15,4,game thedailydraw dear helen dozen free game great prizeswith
ham,So what do you guys do.,0,23,6,2,guy
ham,Also that chat was awesome but don't make it regular unless you can see her in person,0,85,17,1,also chat awesom dont make regular unless see person
ham,That's significant but dont worry.,0,34,5,2,that signific dont worri
ham,That's cause your old. I live to be high.,0,41,9,3,that caus old live high
ham,"Waqt se pehle or naseeb se zyada kisi ko kuch nahi milta,Zindgi wo nahi he jo hum sochte hai Zindgi wo hai jo ham jeetey hai..........",0,134,26,2,waqt se pehl naseeb se zyada kisi ko kuch nahi miltazindgi wo nahi jo hum socht hai zindgi wo hai jo ham jeetey hai
ham,On the way to office da..,0,25,6,2,way offic da
ham,In which place do you want da.,0,30,7,2,place want da
ham,This pain couldn't have come at a worse time.,0,45,9,2,pain couldnt come wors time
ham,Should I be stalking u?,0,23,5,2,stalk
ham,Sorry dude. Dont know how i forgot. Even after Dan reminded me. Sorry. Hope you guys had fun.,0,93,18,6,sorri dude dont know forgot even dan remind sorri hope guy fun
ham,Ok lor.,0,7,2,2,ok lor
ham,Apps class varaya elaya.,0,24,4,2,app class varaya elaya
spam,"URGENT! Your mobile number *************** WON a £2000 Bonus Caller prize on 10/06/03! This is the 2nd attempt to reach you! Call 09066368753 ASAP! Box 97N7QP, 150ppm",1,166,27,5,urgent mobil number bonu caller prize nd attempt reach call asap box qp ppm
ham,That day you asked about anand number. Why:-),0,45,8,2,day ask anand number
ham,Am surfing online store. For offers do you want to buy any thing.,0,65,13,3,surf onlin store offer want buy thing
ham,Long beach lor. Expected... U having dinner now?,0,48,8,4,long beach lor expect dinner
ham,At home by the way,0,18,5,1,home way
ham,We are both fine. Thanks,0,24,5,2,fine thank
ham,What happen to her tell the truth,0,33,7,1,happen tell truth
ham,Do you like Italian food?,0,25,5,2,like italian food
ham,Which is weird because I know I had it at one point,0,51,12,1,weird know one point
ham,Aww you must be nearly dead!Well Jez isComing over toDo some workAnd that whillTake forever!,0,92,15,3,aww must nearli deadwel jez iscom todo workand whilltak forev
ham,Tell your friends what you plan to do on Valentines day @ &lt;URL&gt;,0,69,13,1,tell friend plan valentin day lturlgt
ham,"Alright, see you in a bit",0,25,6,1,alright see bit
ham,Cheers for the message Zogtorius. Ive been staring at my phone for an age deciding whether to text or not.,0,107,20,3,cheer messag zogtoriu iv stare phone age decid whether text
ham,I will take care of financial problem.i will help:),0,51,9,2,take care financi problemi help
ham,Tell dear what happen to you. Why you talking to me like an alian,0,65,14,2,tell dear happen talk like alian
spam,Double your mins & txts on Orange or 1/2 price linerental - Motorola and SonyEricsson with B/Tooth FREE-Nokia FREE Call MobileUpd8 on 08000839402 or2optout/HV9D,1,160,24,1,doubl min txt orang price linerent motorola sonyericsson btooth freenokia free call mobileupd optouthv
ham,"Hi this is yijue, can i meet u at 11 tmr?",0,41,11,2,hi yiju meet tmr
ham,Its posible dnt live in  &lt;#&gt; century cm frwd n thnk different,0,67,12,1,posibl dnt live ltgt centuri cm frwd thnk differ
ham,But i dint slept in afternoon.,0,30,6,2,dint slept afternoon
ham,That seems unnecessarily affectionate,0,37,4,1,seem unnecessarili affection
ham,Yar else i'll thk of all sorts of funny things.,0,47,10,2,yar els ill thk sort funni thing
spam,"Download as many ringtones as u like no restrictions, 1000s 2 choose. U can even send 2 yr buddys. Txt Sir to 80082 £3",1,118,24,3,download mani rington like restrict choos even send yr buddi txt sir
ham,Thats cool. How was your day?,0,29,6,3,that cool day
spam,Please CALL 08712402902 immediately as there is an urgent message waiting for you.,1,82,13,2,pleas call immedi urgent messag wait
ham,R we going with the  &lt;#&gt;  bus?,0,36,7,2,go ltgt bu
ham,"Hello, my love ! How went your day ? Are you alright ? I think of you, my sweet and send a jolt to your heart to remind you ... I LOVE YOU! Can you hear it ? I screamed it across the sea for all the world to hear. Ahmad al Hallaq is loved ! and owned ! *possessive passionate kiss*",0,281,62,10,hello love went day alright think sweet send jolt heart remind love hear scream across sea world hear ahmad al hallaq love own possess passion kiss
ham,No..he joined today itself.,0,27,4,3,nohe join today
ham,Okay same with me. Well thanks for the clarification,0,52,9,2,okay well thank clarif
ham,I'll talk to the others and probably just come early tomorrow then,0,66,12,1,ill talk other probabl come earli tomorrow
spam,"Spook up your mob with a Halloween collection of a logo & pic message plus a free eerie tone, txt CARD SPOOK to 8007 zed 08701417012150p per logo/pic",1,149,28,1,spook mob halloween collect logo pic messag plu free eeri tone txt card spook zed per logop
ham,"Had the money issue weigh me down but thanks to you, I can breathe easier now. I.ll make sure you dont regret it. Thanks.",0,121,24,5,money issu weigh thank breath easier ill make sure dont regret thank
ham,Hi. I'm sorry i missed your call. Can you pls call back.,0,56,12,4,hi im sorri miss call pl call back
spam,"Fantasy Football is back on your TV. Go to Sky Gamestar on Sky Active and play £250k Dream Team. Scoring starts on Saturday, so register now!SKY OPT OUT to 88088",1,161,30,4,fantasi footbal back tv go sky gamestar sky activ play dream team score start saturday regist nowski opt
ham,Ok then no need to tell me anything i am going to sleep good night,0,66,15,1,ok need tell anyth go sleep good night
ham,Ok try to do week end course in coimbatore.,0,43,9,2,ok tri week end cours coimbator
spam,Tone Club: Your subs has now expired 2 re-sub reply MONOC 4 monos or POLYC 4 polys 1 weekly @ 150p per week Txt STOP 2 stop This msg free Stream 0871212025016,1,158,32,1,tone club sub expir resub repli monoc mono polyc poli weekli per week txt stop stop msg free stream
ham,V nice! Off 2 sheffield tom 2 air my opinions on categories 2 b used 2 measure ethnicity in next census. Busy transcribing. :-),0,127,24,4,nice sheffield tom air opinion categori use measur ethnic next censu busi transcrib
ham,If you r @ home then come down within 5 min,0,43,11,1,home come within min
ham,"A Boy loved a gal. He propsd bt she didnt mind. He gv lv lttrs, Bt her frnds threw thm. Again d boy decided 2 aproach d gal , dt time a truck was speeding towards d gal. Wn it was about 2 hit d girl,d boy ran like hell n saved her. She asked 'hw cn u run so fast?' D boy replied ""Boost is d secret of my energy"" n instantly d girl shouted ""our energy"" n Thy lived happily 2gthr drinking boost evrydy Moral of d story:- I hv free msgs:D;): gud ni8",0,446,96,7,boy love gal propsd bt didnt mind gv lv lttr bt frnd threw thm boy decid aproach gal dt time truck speed toward gal wn hit girld boy ran like hell save ask hw cn run fast boy repli boost secret energi instantli girl shout energi thi live happili gthr drink boost evrydi moral stori hv free msgsd gud ni
ham,"That day ü say ü cut ur hair at paragon, is it called hair sense? Do ü noe how much is a hair cut?",0,98,24,3,day say cut ur hair paragon call hair sens noe much hair cut
ham,"Hmm, too many of them unfortunately... Pics obviously arent hot cakes. Its kinda fun tho",0,88,15,3,hmm mani unfortun pic obvious arent hot cake kinda fun tho
ham,Watching tv lor... Y she so funny we bluff her 4 wat. Izzit because she thk it's impossible between us?,0,103,20,4,watch tv lor funni bluff wat izzit thk imposs u
spam,XMAS Prize draws! We are trying to contact U. Todays draw shows that you have won a £2000 prize GUARANTEED. Call 09058094565 from land line. Valid 12hrs only,1,157,28,5,xma prize draw tri contact today draw show prize guarante call land line valid hr
ham,Dunno lei he neva say...,0,24,5,2,dunno lei neva say
ham,Thanx 4 2day! U r a goodmate I THINK UR RITE SARY! ASUSUAL!1 U CHEERED ME UP! LOVE U FRANYxxxxx,0,95,20,5,thanx day goodmat think ur rite sari asusu cheer love franyxxxxx
ham,I'm on my way home. Went to change batt 4 my watch then go shop a bit lor.,0,74,18,3,im way home went chang batt watch go shop bit lor
spam,YES! The only place in town to meet exciting adult singles is now in the UK. Txt CHAT to 86688 now! 150p/Msg.,1,109,22,5,ye place town meet excit adult singl uk txt chat pmsg
ham,"Hi, Mobile no.  &lt;#&gt;  has added you in their contact list on www.fullonsms.com It s a great place to send free sms to people For more visit fullonsms.com",0,158,28,5,hi mobil ltgt ad contact list great place send free sm peopl visit fullonsmscom
ham,"Good evening Sir, hope you are having a nice day. I wanted to bring it to your notice that I have been late in paying rent for the past few months and have had to pay a $ &lt;#&gt;  charge. I felt it would be inconsiderate of me to nag about something you give at great cost to yourself and that's why i didnt speak up. I however am in a recession and wont be able to pay the charge this month hence my askin well ahead of month's end. Can you please help. Thank you for everything.",0,482,98,7,good even sir hope nice day want bring notic late pay rent past month pay ltgt charg felt would inconsider nag someth give great cost that didnt speak howev recess wont abl pay charg month henc askin well ahead month end pleas help thank everyth
ham,"If i let you do this, i want you in the house by 8am.",0,53,14,2,let want hous
ham,"Best line said in Love: . ""I will wait till the day I can forget u Or The day u realize that u cannot forget me.""... Gn",0,119,27,4,best line said love wait till day forget day realiz forget gn
ham,I will reach before ten morning,0,31,6,1,reach ten morn
ham,Your pussy is perfect!,0,22,4,2,pussi perfect
spam,"Someone has contacted our dating service and entered your phone becausethey fancy you! To find out who it is call from a landline 09058098002. PoBox1, W14RG 150p",1,161,27,3,someon contact date servic enter phone becausethey fanci find call landlin pobox rg
ham,No message..no responce..what happend?,0,38,4,4,messageno responcewhat happend
ham,Also where's the piece,0,22,4,1,also where piec
ham,"wiskey Brandy Rum Gin Beer Vodka Scotch Shampain Wine ""KUDI""yarasu dhina vaazhthukkal. ..",0,89,13,3,wiskey brandi rum gin beer vodka scotch shampain wine kudiyarasu dhina vaazhthukk
ham,Boo. How's things? I'm back at home and a little bored already :-(,0,66,13,3,boo how thing im back home littl bore alreadi
ham,First has she gained more than  &lt;#&gt; kg since she took in. Second has she done the blood sugar tests. If she has and its ok and her blood pressure is within normal limits then no worries,0,191,37,3,first gain ltgt kg sinc took second done blood sugar test ok blood pressur within normal limit worri
ham,PICK UR FONE UP NOW U DUMB?,0,27,7,2,pick ur fone dumb
ham,"Thanks da thangam, i feel very very happy dear. I also miss you da.",0,67,14,3,thank da thangam feel happi dear also miss da
ham,"Okey doke. I'm at home, but not dressed cos laying around ill! Speak to you later bout times and stuff.",0,103,20,4,okey doke im home dress co lay around ill speak later bout time stuff
ham,I don't run away frm u... I walk slowly &amp; it kills me that u don't care enough to stop me...,0,96,21,3,dont run away frm walk slowli amp kill dont care enough stop
ham,"Babe, I'm back ... Come back to me ...",0,38,9,3,babe im back come back
ham,Well you told others you'd marry them...,0,40,7,2,well told other youd marri
ham,Neshanth..tel me who r u?,0,25,5,3,neshanthtel
ham,YO YO YO BYATCH WHASSUP?,0,24,5,2,yo yo yo byatch whassup
ham,Oh... Kay... On sat right?,0,26,5,4,oh kay sat right
ham,Hi! This is Roger from CL. How are you?,0,39,9,4,hi roger cl
spam,Babe: U want me dont u baby! Im nasty and have a thing 4 filthyguys. Fancy a rude time with a sexy bitch. How about we go slo n hard! Txt XXX SLO(4msgs),1,152,33,5,babe want dont babi im nasti thing filthyguy fanci rude time sexi bitch go slo hard txt xxx slo msg
ham,Oh oh... Wasted... Den muz chiong on sat n sun liao...,0,54,11,4,oh oh wast den muz chiong sat sun liao
ham,Jesus christ bitch I'm trying to give you drugs answer your fucking phone,0,73,13,1,jesu christ bitch im tri give drug answer fuck phone
ham,Please give it 2  or i will pick it up on Tuesday evening about 8 if that is ok.,0,80,19,2,pleas give pick tuesday even ok
ham,I'm meeting Darren...,0,21,3,2,im meet darren
ham,"One of best dialogue in cute reltnship..!! ""Wen i Die, Dont Come Near My Body..!! Bcoz My Hands May Not Come 2 Wipe Ur Tears Off That Time..!Gud ni8",0,148,29,4,one best dialogu cute reltnship wen die dont come near bodi bcoz hand may come wipe ur tear timegud ni
ham,"Solve d Case : A Man Was Found Murdered On  &lt;DECIMAL&gt; . &lt;#&gt;  AfterNoon. 1,His wife called Police. 2,Police questioned everyone. 3,Wife: Sir,I was sleeping, when the murder took place. 4.Cook: I was cooking. 5.Gardener: I was picking vegetables. 6.House-Maid: I went 2 d post office. 7.Children: We went 2 play. 8.Neighbour: We went 2 a marriage. Police arrested d murderer Immediately. Who's It? Reply With Reason, If U r Brilliant.",0,444,71,19,solv case man found murder ltdecimalgt ltgt afternoon wife call polic polic question everyon wife siri sleep murder took place cook cook garden pick veget housemaid went post offic child went play neighbour went marriag polic arrest murder immedi who repli reason brilliant
ham,Dear where you will be when i reach there,0,41,9,1,dear reach
ham,Aww that's the first time u said u missed me without asking if I missed u first. You DO love me! :),0,99,22,3,aww that first time said miss without ask miss first love
ham,Ok... Thanx... Gd nite 2 ü too...,0,33,7,4,ok thanx gd nite
ham,"Come to me right now, Ahmad",0,27,6,1,come right ahmad
ham,Lol please do. Actually send a pic of yourself right now. I wanna see. Pose with a comb and hair dryer or something.,0,116,23,5,lol pleas actual send pic right wan na see pose comb hair dryer someth
ham,O was not into fps then.,0,24,6,2,fp
ham,Huh means computational science... Y they like dat one push here n there...,0,75,13,3,huh mean comput scienc like dat one push
ham,"Could you not read me, my Love ? I answered you",0,47,11,2,could read love answer
ham,Oh... Lk tt den we take e one tt ends at cine lor... Dun wan yogasana oso can...,0,80,18,4,oh lk tt den take one tt end cine lor dun wan yogasana oso
ham,"Madam,regret disturbance.might receive a reference check from DLF Premarica.kindly be informed.Rgds,Rakhesh,Kerala.",0,115,11,5,madamregret disturbancemight receiv refer check dlf premaricakindli informedrgdsrakheshkerala
spam,SMS SERVICES For your inclusive text credits pls gotto www.comuk.net login 3qxj9 unsubscribe with STOP no extra charge help 08702840625 comuk.220cm2 9AE,1,152,22,4,sm servic inclus text credit pl gotto login qxj unsubscrib stop extra charg help comuk cm ae
ham,Oic... Then better quickly go bathe n settle down...,0,52,9,3,oic better quickli go bath settl
ham,Err... Cud do. I'm going to  at 8pm. I haven't got a way to contact him until then.,0,83,18,5,err cud im go pm havent got way contact
ham,A bloo bloo bloo I'll miss the first bowl,0,41,9,1,bloo bloo bloo ill miss first bowl
ham,Lmao but its so fun...,0,22,5,2,lmao fun
ham,Oh k k:)but he is not a big hitter.anyway good,0,46,10,2,oh kbut big hitteranyway good
ham,Hey!!! I almost forgot ... Happy B-day babe ! I love ya!!,0,57,12,5,hey almost forgot happi bday babe love ya
spam,Valentines Day Special! Win over £1000 in our quiz and take your partner on the trip of a lifetime! Send GO to 83600 now. 150p/msg rcvd. CustCare:08718720201,1,157,27,5,valentin day special win quiz take partner trip lifetim send go pmsg rcvd custcar
ham,Do you think i can move  &lt;#&gt;  in a week,0,45,10,1,think move ltgt week
ham,She.s find. I sent you an offline message to know how anjola's now.,0,67,13,4,she find sent offlin messag know anjola
spam,Guess who am I?This is the first time I created a web page WWW.ASJESUS.COM read all I wrote. I'm waiting for your opinions. I want to be your friend 1/1,1,152,30,6,guess ithi first time creat web page read wrote im wait opinion want friend
ham,How was txting and driving,0,26,5,1,txting drive
ham,That's good. Lets thank God. Please complete the drug. Have lots of water. And have a beautiful day.,0,100,18,6,that good let thank god pleas complet drug lot water beauti day
ham,Really dun bluff me leh... U sleep early too. Nite...,0,53,10,4,realli dun bluff leh sleep earli nite
ham,"Indians r poor but India is not a poor country. Says one of the swiss bank directors. He says that "" &lt;#&gt;  lac crore"" of Indian money is deposited in swiss banks which can be used for 'taxless' budget for  &lt;#&gt;  yrs. Can give  &lt;#&gt;  crore jobs to all Indians. From any village to Delhi 4 lane roads. Forever free power suply to more than  &lt;#&gt;  social projects. Every citizen can get monthly  &lt;#&gt; /- for  &lt;#&gt;  yrs. No need of World Bank &amp; IMF loan. Think how our money is blocked by rich politicians. We have full rights against corrupt politicians. Itna forward karo ki pura INDIA padhe.g.m.""",0,629,109,14,indian poor india poor countri say one swiss bank director say ltgt lac crore indian money deposit swiss bank use taxless budget ltgt yr give ltgt crore job indian villag delhi lane road forev free power supli ltgt social project everi citizen get monthli ltgt ltgt yr need world bank amp imf loan think money block rich politician full right corrupt politician itna forward karo ki pura india padhegm
ham,Uncle boye. I need movies oh. Guide me. Plus you know torrents are not particularly legal here. And the system is slowing down. What should i do. Have a gr8 day. Plus have you started cos i dont meet you online. How was the honey moon.,0,235,46,10,uncl boy need movi oh guid plu know torrent particularli legal system slow gr day plu start co dont meet onlin honey moon
ham,Oh ya ya. I remember da. .,0,26,7,4,oh ya ya rememb da
ham,Btw regarding that we should really try to see if anyone else can be our 4th guy before we commit to a random dude,0,114,24,1,btw regard realli tri see anyon els th guy commit random dude
spam,"For ur chance to win £250 cash every wk TXT: PLAY to 83370. T's&C's www.music-trivia.net custcare 08715705022, 1x150p/wk.",1,121,18,5,ur chanc win cash everi wk txt play tsc custcar pwk
ham,I not busy juz dun wan 2 go so early.. Hee..,0,44,11,3,busi juz dun wan go earli hee
ham,Rightio. 11.48 it is then. Well arent we all up bright and early this morning.,0,78,15,5,rightio well arent bright earli morn
ham,"Great. I'm in church now, will holla when i get out",0,51,11,2,great im church holla get
ham,Back in brum! Thanks for putting us up and keeping us all and happy. See you soon,0,81,17,3,back brum thank put u keep u happi see soon
ham,I donno if they are scorable,0,28,6,1,donno scorabl
ham,&lt;#&gt;  great loxahatchee xmas tree burning update: you can totally see stars here,0,85,13,1,ltgt great loxahatche xma tree burn updat total see star
ham,"Yes but i dont care! I need you bad, princess!",0,46,10,3,ye dont care need bad princess
ham,"The guy (kadeem) hasn't been selling since the break, I know one other guy but he's paranoid as fuck and doesn't like selling without me there and I can't be up there til late tonight",0,183,35,1,guy kadeem hasnt sell sinc break know one guy he paranoid fuck doesnt like sell without cant til late tonight
ham,Tmr then ü brin lar... Aiya later i come n c lar... Mayb ü neva set properly ü got da help sheet wif ü...,0,105,24,4,tmr brin lar aiya later come lar mayb neva set properli got da help sheet wif
ham,Do u knw dis no. &lt;#&gt; ?,0,28,7,3,knw di ltgt
ham,Then she dun believe wat?,0,25,5,2,dun believ wat
ham,K..give back my thanks.,0,23,4,3,kgive back thank
ham,I know complain num only..bettr directly go to bsnl offc nd apply for it..,0,74,14,3,know complain num onlybettr directli go bsnl offc nd appli
ham,Okay. I've seen it. So i should pick it on friday?,0,50,11,4,okay ive seen pick friday
ham,How much she payed. Suganya.,0,28,5,3,much pay suganya
ham,Left dessert. U wan me 2 go suntec look 4 u?,0,44,11,3,left dessert wan go suntec look
ham,"Abeg, make profit. But its a start. Are you using it to get sponsors for the next event?",0,88,18,4,abeg make profit start use get sponsor next event
ham,Onum ela pa. Normal than.,0,25,5,3,onum ela pa normal
ham,K.k..how is your sister kids?,0,29,5,4,kkhow sister kid
ham,"Cool, I'll text you when I'm on the way",0,39,9,1,cool ill text im way
ham,Nope. Meanwhile she talk say make i greet you.,0,46,9,3,nope meanwhil talk say make greet
ham,i cant talk to you now.i will call when i can.dont keep calling.,0,64,13,4,cant talk nowi call candont keep call
ham,Anything lar...,0,15,2,2,anyth lar
ham,"Rose needs water, season needs change, poet needs imagination..My phone needs ur sms and i need ur lovely frndship forever....",0,126,20,3,rose need water season need chang poet need imaginationmi phone need ur sm need ur love frndship forev
ham,"Good afternoon, babe. How goes that day ? Any job prospects yet ? I miss you, my love ... *sighs* ... :-(",0,105,22,6,good afternoon babe go day job prospect yet miss love sigh
ham,They will pick up and drop in car.so no problem..,0,49,10,3,pick drop carso problem
ham,S.i think he is waste for rr..,0,30,7,3,si think wast rr
ham,He is world famamus....,0,23,4,2,world famamu
ham,Is there coming friday is leave for pongal?do you get any news from your work place.,0,84,16,3,come friday leav pongaldo get news work place
ham,Lol well don't do it without me. We could have a big sale together.,0,67,14,3,lol well dont without could big sale togeth
ham,* Am on my way,0,14,5,1,way
ham,Eat at old airport road... But now 630 oredi... Got a lot of pple...,0,68,14,4,eat old airport road oredi got lot pple
ham,"sry can't talk on phone, with parents",0,37,7,1,sri cant talk phone parent
ham,Ok lor wat time ü finish?,0,25,6,2,ok lor wat time finish
ham,"Princess, i like to make love  &lt;#&gt;  times per night. Hope thats not a problem!",0,84,15,3,princess like make love ltgt time per night hope that problem
ham,Mm i am on the way to railway,0,29,8,1,mm way railway
ham,"I'm done. I'm sorry. I hope your next space gives you everything you want. Remember all the furniture is yours. If i'm not around when you move it, just lock all the locks and leave the key with jenne.",0,201,39,6,im done im sorri hope next space give everyth want rememb furnitur im around move lock lock leav key jenn
ham,Not yet. Just i'd like to keep in touch and it will be the easiest way to do that from barcelona. By the way how ru and how is the house?,0,137,31,4,yet id like keep touch easiest way barcelona way ru hous
spam,"Sppok up ur mob with a Halloween collection of nokia logo&pic message plus a FREE eerie tone, txt CARD SPOOK to 8007",1,116,22,1,sppok ur mob halloween collect nokia logop messag plu free eeri tone txt card spook
spam,"Urgent! call 09066612661 from landline. Your complementary 4* Tenerife Holiday or £10,000 cash await collection SAE T&Cs PO Box 3 WA14 2PX 150ppm 18+ Sender: Hol Offer",1,167,27,3,urgent call landlin complementari tenerif holiday cash await collect sae tc po box wa px ppm sender hol offer
ham,K.:)do it at evening da:)urgent:),0,33,5,2,kdo even daurgent
ham,Pansy! You've been living in a jungle for two years! Its my driving you should be more worried about!,0,101,19,4,pansi youv live jungl two year drive worri
ham,Mm have some kanji dont eat anything heavy ok,0,45,9,1,mm kanji dont eat anyth heavi ok
ham,Only if you promise your getting out as SOON as you can. And you'll text me in the morning to let me know you made it in ok.,0,124,28,3,promis get soon youll text morn let know made ok
ham,Lol that's different. I don't go trying to find every real life photo you ever took.,0,84,16,3,lol that differ dont go tri find everi real life photo ever took
ham,I dont thnk its a wrong calling between us,0,42,9,1,dont thnk wrong call u
ham,K ill drink.pa then what doing. I need srs model pls send it to my mail id pa.,0,78,18,4,ill drinkpa need sr model pl send mail id pa
ham,Aiyah e rain like quite big leh. If drizzling i can at least run home.,0,70,15,3,aiyah rain like quit big leh drizzl least run home
ham,I have 2 docs appointments next week.:/ I'm tired of them shoving stuff up me. Ugh why couldn't I have had a normal body?,0,121,24,4,doc appoint next week im tire shove stuff ugh couldnt normal bodi
ham,Dun b sad.. It's over.. Dun thk abt it already. Concentrate on ur other papers k.,0,81,16,5,dun sad dun thk abt alreadi concentr ur paper
ham,"Greetings me, ! Consider yourself excused.",0,42,6,3,greet consid excus
ham,No drama Pls.i have had enough from you and family while i am struggling in the hot sun in a strange place.No reason why there should be an ego of not going 'IF NOT INVITED' when actually its necessity to go.wait for very serious reppurcussions.,0,245,45,5,drama plsi enough famili struggl hot sun strang placeno reason ego go invit actual necess gowait seriou reppurcuss
ham,they released another Italian one today and it has a cosign option,0,66,12,1,releas anoth italian one today cosign option
ham,"You at mu? You should try to figure out how much money everyone has for gas and alcohol, jay and I are trying to figure out our weed budget",0,139,29,2,mu tri figur much money everyon ga alcohol jay tri figur weed budget
spam,WINNER! As a valued network customer you hvae been selected to receive a £900 reward! To collect call 09061701444. Valid 24 hours only. ACL03530150PM,1,149,24,5,winner valu network custom hvae select receiv reward collect call valid hour acl pm
ham,HCL chennai requires FRESHERS for voice process.Excellent english needed.Salary upto  &lt;#&gt; .Call Ms.Suman  &lt;#&gt;  for Telephonic interview -via Indyarocks.com,0,167,19,6,hcl chennai requir fresher voic processexcel english neededsalari upto ltgt call mssuman ltgt telephon interview via indyarockscom
ham,Dai what this da.. Can i send my resume to this id.,0,51,12,3,dai da send resum id
ham,"I know where the  &lt;#&gt;  is, I'll be there around 5",0,55,11,1,know ltgt ill around
ham,Yup i've finished c ü there...,0,30,6,2,yup ive finish
ham,Remember to ask alex about his pizza,0,36,7,1,rememb ask alex pizza
ham,No da..today also i forgot..,0,28,5,3,datoday also forgot
ham,"Ola would get back to you maybe not today but I ve told him you can be his direct link in the US in getting cars he bids for online, you arrange shipping and you get a cut. Or U????? For a partnership where U????? Invest money for shipping and he takes care of the rest!U??Wud b self reliant soon dnt worry",0,306,62,6,ola would get back mayb today told direct link u get car bid onlin arrang ship get cut partnership invest money ship take care restuwud self reliant soon dnt worri
ham,Fwiw the reason I'm only around when it's time to smoke is that because of gas I can only afford to be around when someone tells me to be and that apparently only happens when somebody wants to light up,0,202,40,1,fwiw reason im around time smoke ga afford around someon tell appar happen somebodi want light
ham,"Hello, my boytoy! I made it home and my constant thought is of you, my love. I hope your having a nice visit but I can't wait till you come home to me ...*kiss*",0,160,34,4,hello boytoy made home constant thought love hope nice visit cant wait till come home kiss
ham,Congrats kano..whr s the treat maga?,0,36,6,3,congrat kanowhr treat maga
ham,Who u talking about?,0,20,4,2,talk
ham,Yup...,0,6,1,2,yup
ham,"U wake up already? Wat u doing? U picking us up later rite? I'm taking sq825, reaching ard 7 smth 8 like dat. U can check e arrival time. C ya soon...",0,150,32,7,wake alreadi wat pick u later rite im take sq reach ard smth like dat check arriv time ya soon
ham,Yunny i'm walking in citylink now ü faster come down... Me very hungry...,0,73,13,3,yunni im walk citylink faster come hungri
ham,Er yep sure. Props?,0,19,4,3,er yep sure prop
ham,"Hiya , have u been paying money into my account? If so, thanks. Got a pleasant surprise when i checked my balance -u c, i don't get statements 4 that acc",0,153,31,3,hiya pay money account thank got pleasant surpris check balanc dont get statement acc
spam,U have won a nokia 6230 plus a free digital camera. This is what u get when u win our FREE auction. To take part send NOKIA to 83383 now. POBOX114/14TCR/W1 16,1,158,32,4,nokia plu free digit camera get win free auction take part send nokia pobox tcrw
ham,Ok ill send you with in  &lt;DECIMAL&gt;  ok.,0,45,8,2,ok ill send ltdecimalgt ok
ham,Bognor it is! Should be splendid at this time of year.,0,54,11,3,bognor splendid time year
ham,Yes.i'm in office da:),0,22,4,2,yesim offic da
ham,Ok. I only ask abt e movie. U wan ktv oso?,0,42,11,4,ok ask abt movi wan ktv oso
ham,Misplaced your number and was sending texts to your old number. Wondering why i've not heard from you this year. All the best in your mcat. Got this number from my atlanta friends,0,179,33,4,misplac number send text old number wonder ive heard year best mcat got number atlanta friend
ham,Dunno lei... I might b eatin wif my frens... If ü wan to eat then i wait 4 ü lar,0,80,20,3,dunno lei might eatin wif fren wan eat wait lar
spam,FREE entry into our £250 weekly comp just send the word WIN to 80086 NOW. 18 T&C www.txttowin.co.uk,1,99,18,5,free entri weekli comp send word win tc
ham,Do u noe how 2 send files between 2 computers?,0,46,10,2,noe send file comput
ham,"Mmmmm ... I loved waking to your words this morning ! I miss you too, my Love. I hope your day goes well and you are happy. I wait for us to be together again",0,158,35,5,mmmmm love wake word morn miss love hope day go well happi wait u togeth
ham,jay says he'll put in  &lt;#&gt;,0,32,6,1,jay say hell put ltgt
ham,Can you just come in for a sec? There's somebody here I want you to see,0,71,16,2,come sec there somebodi want see
ham,So the sun is anti sleep medicine.,0,34,7,2,sun anti sleep medicin
ham,What's happening with you. Have you gotten a job and have you begun registration for permanent residency,0,104,17,2,what happen gotten job begun registr perman resid
ham,Yup ok...,0,9,2,2,yup ok
ham,Glad it went well :) come over at 11 then we'll have plenty of time before claire goes to work.,0,95,20,2,glad went well come well plenti time clair go work
ham,Ok enjoy . R u there in home.,0,29,8,3,ok enjoy home
ham,"Can you pls pls send me a mail on all you know about relatives coming to deliver here? All you know about costs, risks, benefits and anything else. Thanks.",0,155,29,4,pl pl send mail know rel come deliv know cost risk benefit anyth els thank
ham,You do what all you like,0,24,6,1,like
ham,That's y we haf to combine n c how lor...,0,41,10,2,that haf combin lor
ham,The monthly amount is not that terrible and you will not pay anything till 6months after finishing school.,0,106,18,2,monthli amount terribl pay anyth till month finish school
ham,Hmmm:)how many players selected?,0,32,4,2,hmmmhow mani player select
ham,"They said if its gonna snow, it will start around 8 or 9 pm tonite! They are predicting an inch of accumulation.",0,112,22,3,said gon na snow start around pm tonit predict inch accumul
ham,I dont. Can you send it to me. Plus how's mode.,0,47,11,4,dont send plu how mode
ham,Aiyo please ü got time meh.,0,27,6,2,aiyo pleas got time meh
ham,Package all your programs well,0,30,5,1,packag program well
ham,"She is our sister.. She belongs 2 our family.. She is d hope of tomorrow.. Pray 4 her,who was fated 4 d Shoranur train incident. Lets hold our hands together &amp; fuelled by love &amp; concern prior 2 her grief &amp; pain. Pls join in dis chain &amp; pass it. STOP VIOLENCE AGAINST WOMEN.",0,289,54,8,sister belong famili hope tomorrow pray herwho fate shoranur train incid let hold hand togeth amp fuell love amp concern prior grief amp pain pl join di chain amp pa stop violenc woman
ham,So are you guys asking that i get that slippers again or its gone with last year,0,80,17,1,guy ask get slipper gone last year
ham,Company is very good.environment is terrific and food is really nice:),0,70,11,2,compani goodenviron terrif food realli nice
spam,"Text82228>> Get more ringtones, logos and games from www.txt82228.com. Questions: info@txt82228.co.uk",1,101,11,6,text get rington logo game question
ham,Honestly i've just made a lovely cup of tea and promptly dropped my keys in it and then burnt my fingers getting them out!,0,122,24,2,honestli ive made love cup tea promptli drop key burnt finger get
ham,Yup but not studying surfing lor. I'm in e lazy mode today.,0,59,12,3,yup studi surf lor im lazi mode today
ham,Please sen :)my kind advice :-)please come here and try:-),0,58,10,1,pleas sen kind advic pleas come tri
ham,I'm done. C ü there.,0,20,5,3,im done
ham,"Oh fine, I'll be by tonight",0,27,6,1,oh fine ill tonight
ham,Ü give me some time to walk there.,0,34,8,2,give time walk
ham,I'll reach in ard 20 mins ok...,0,31,7,2,ill reach ard min ok
spam,"FreeMSG You have been awarded a FREE mini DIGITAL CAMERA, just reply SNAP to collect your prize! (quizclub Opt out? Stop 80122300p/wk SP:RWM Ph:08704050406)",1,156,24,3,freemsg award free mini digit camera repli snap collect prize quizclub opt stop pwk sprwm ph
ham,Fuck babe ... What happened to you ? How come you never came back?,0,66,14,4,fuck babe happen come never came back
spam,This message is brought to you by GMW Ltd. and is not connected to the,1,70,15,2,messag brought gmw ltd connect
ham,"Some friends want me to drive em someplace, probably take a while",0,65,12,1,friend want drive em someplac probabl take
ham,I also thk too fast... Xy suggest one not me. U dun wan it's ok. Going 2 rain leh where got gd.,0,95,22,5,also thk fast xy suggest one dun wan ok go rain leh got gd
ham,Are you still getting the goods.,0,32,6,2,still get good
ham,And maybe some pressies,0,23,4,1,mayb pressi
ham,"Yeah I am, so I'll leave maybe 7ish?",0,36,8,2,yeah ill leav mayb ish
ham,I told her I had a Dr appt next week. She thinks I'm gonna die. I told her its just a check. Nothing to be worried about. But she didn't listen.,0,144,31,6,told dr appt next week think im gon na die told check noth worri didnt listen
ham,You in your room? I need a few,0,30,8,2,room need
ham,I dont want to hear anything,0,28,6,1,dont want hear anyth
ham,Hey. For me there is no leave on friday. Wait i will ask my superior and tell you..,0,83,18,4,hey leav friday wait ask superior tell
ham,Ultimately tor motive tui achieve korli.,0,40,6,2,ultim tor motiv tui achiev korli
ham,From 5 to 2 only my work timing.,0,32,8,2,work time
ham,… and don‘t worry we‘ll have finished by march … ish!,0,53,11,2,worri finish march ish
ham,"The house is on the water with a dock, a boat rolled up with a newscaster who dabbles in jazz flute behind the wheel",0,116,24,1,hous water dock boat roll newscast dabbl jazz flute behind wheel
spam,"Congrats 2 mobile 3G Videophones R yours. call 09063458130 now! videochat wid ur mates, play java games, Dload polypH music, noline rentl. bx420. ip4. 5we. 150p",1,160,26,7,congrat mobil videophon call videochat wid ur mate play java game dload polyph music nolin rentl bx ip
spam,Your next amazing xxx PICSFREE1 video will be sent to you enjoy! If one vid is not enough for 2day text back the keyword PICSFREE1 to get the next video.,1,153,30,3,next amaz xxx picsfre video sent enjoy one vid enough day text back keyword picsfre get next video
ham,Now thats going to ruin your thesis!,0,36,7,2,that go ruin thesi
ham,In sch but neva mind u eat 1st lor..,0,36,9,2,sch neva mind eat st lor
ham,Hey whats up? U sleeping all morning?,0,37,7,3,hey what sleep morn
ham,Erm. I thought the contract ran out the4th of october.,0,54,10,3,erm thought contract ran th octob
ham,I dunno until when... Lets go learn pilates...,0,46,8,3,dunno let go learn pilat
spam,U are subscribed to the best Mobile Content Service in the UK for £3 per ten days until you send STOP to 83435. Helpline 08706091795.,1,133,25,3,subscrib best mobil content servic uk per ten day send stop helplin
ham,Yup i'm elaborating on the safety aspects and some other issues..,0,65,11,2,yup im elabor safeti aspect issu
spam,"3 FREE TAROT TEXTS! Find out about your love life now! TRY 3 FOR FREE! Text CHANCE to 85555 16 only! After 3 Free, Msgs £1.50 each",1,130,27,6,free tarot text find love life tri free text chanc free msg
ham,"Goodmorning, today i am late for 1hr.",0,37,7,2,goodmorn today late hr
ham,Hi happy birthday. Hi hi hi hi hi hi hi,0,39,10,2,hi happi birthday hi hi hi hi hi hi hi
ham,I will be outside office take all from there,0,44,9,1,outsid offic take
ham,If you don't respond imma assume you're still asleep and imma start calling n shit,0,82,15,1,dont respond imma assum your still asleep imma start call shit
ham,"Aight, see you in a bit",0,23,6,1,aight see bit
ham,My superior telling that friday is leave for all other department except ours:)so it will be leave for you:)any way call waheed fathima hr and conform it:),0,155,27,1,superior tell friday leav depart except oursso leav youani way call wahe fathima hr conform
spam,Join the UK's horniest Dogging service and u can have sex 2nite!. Just sign up and follow the instructions. Txt ENTRY to 69888 now! Nyt.EC2A.3LP.msg@150p,1,153,25,7,join uk horniest dog servic sex nite sign follow instruct txt entri
ham,Lol I have to take it. member how I said my aunt flow didn't visit for 6 months? It's cause I developed ovarian cysts. Bc is the only way to shrink them.,0,153,32,5,lol take member said aunt flow didnt visit month caus develop ovarian cyst bc way shrink
ham,Still work going on:)it is very small house.,0,44,8,2,still work go onit small hous
ham,"My friend just got here and says he's upping his order by a few grams (he's got $ &lt;#&gt; ), when can you get here?",0,117,25,2,friend got say he up order gram he got ltgt get
ham,Tmr timin still da same wat cos i got lesson until 6...,0,55,12,2,tmr timin still da wat co got lesson
ham,"That‘s the thing with apes, u can fight to the death to keep something, but the minute they have it when u let go, thats it!",0,124,26,2,thing ape fight death keep someth minut let go that
ham,No i'm not gonna be able to. || too late notice. || i'll be home in a few weeks anyway. || what are the plans,0,109,25,4,im gon na abl late notic ill home week anyway plan
ham,"Got fujitsu, ibm, hp, toshiba... Got a lot of model how to say...",0,65,13,3,got fujitsu ibm hp toshiba got lot model say
ham,Okie... Thanx...,0,16,2,3,oki thanx
ham,"Gosh that , what a pain. Spose I better come then.",0,50,11,3,gosh pain spose better come
ham,"As usual..iam fine, happy &amp; doing well..:)",0,46,7,3,usualiam fine happi amp well
ham,Okie,0,4,1,1,oki
ham,So when you gonna get rimac access,0,34,7,1,gon na get rimac access
ham,Im at arestaurant eating squid! i will be out about 10:30 wanna dosomething or is that to late?,0,95,18,3,im arestaur eat squid wan na dosometh late
ham,You call times job today ok umma and ask them to speed up,0,57,13,1,call time job today ok umma ask speed
ham,HELLO U.CALL WEN U FINISH WRK.I FANCY MEETIN UP WIV U ALL TONITE AS I NEED A BREAK FROM DABOOKS. DID 4 HRS LAST NITE+2 TODAY OF WRK!,0,132,28,5,hello ucal wen finish wrki fanci meetin wiv tonit need break dabook hr last nite today wrk
ham,R U &SAM P IN EACHOTHER. IF WE MEET WE CAN GO 2 MY HOUSE,0,56,15,2,sam eachoth meet go hous
ham,:-) yeah! Lol. Luckily i didn't have a starring role like you!,0,62,12,4,yeah lol luckili didnt star role like
ham,Hello madam how are you ?,0,25,6,2,hello madam
ham,"Awesome, text me when you're restocked",0,38,6,1,awesom text your restock
spam,Knock Knock Txt whose there to 80082 to enter r weekly draw 4 a £250 gift voucher 4 a store of yr choice. T&Cs www.tkls.com age16 to stoptxtstop£1.50/week,1,154,28,5,knock knock txt whose enter weekli draw gift voucher store yr choic tc age stoptxtstop£ week
ham,Yes. It's all innocent fun. O:-),0,32,6,3,ye innoc fun
ham,Thanks for sending this mental ability question..,0,49,7,2,thank send mental abil question
ham,"Sir, hope your day is going smoothly. i really hoped i wont have to bother you about this. I have some bills that i can't settle this month. I am out of all extra cash. I know this is a challenging time for you also but i have to let you know.",0,243,52,6,sir hope day go smoothli realli hope wont bother bill cant settl month extra cash know challeng time also let know
ham,2marrow only. Wed at  &lt;#&gt;  to 2 aha.,0,42,8,3,marrow wed ltgt aha
ham,I went to ur hon lab but no one is there.,0,41,11,2,went ur hon lab one
ham,Hey pple...$700 or $900 for 5 nights...Excellent location wif breakfast hamper!!!,0,81,11,4,hey pple nightsexcel locat wif breakfast hamper
spam,<Forwarded from 21870000>Hi - this is your Mailbox Messaging SMS alert. You have 40 matches. Please call back on 09056242159 to retrieve your messages and matches cc100p/min,1,173,27,3,hi mailbox messag sm alert match pleas call back retriev messag match cc pmin
ham,How come?,0,9,2,2,come
ham,Lol! Nah wasn't too bad thanks. Its good to b home but its been quite a reality check. Hows ur day been? Did u do anything with website?,0,136,28,6,lol nah wasnt bad thank good home quit realiti check how ur day anyth websit
ham,Ok lor...,0,9,2,2,ok lor
ham,I'm coming home 4 dinner.,0,25,5,2,im come home dinner
ham,S da..al r above  &lt;#&gt;,0,27,5,2,daal ltgt
spam,"FREE RING TONE just text ""POLYS"" to 87131. Then every week get a new tone. 0870737910216yrs only £1.50/wk.",1,106,18,5,free ring tone text poli everi week get new tone yr wk
ham,Unni thank you dear for the recharge..Rakhesh,0,45,7,2,unni thank dear rechargerakhesh
ham,I know I'm lacking on most of this particular dramastorm's details but for the most part I'm not worried about that,0,115,21,1,know im lack particular dramastorm detail part im worri
ham,Haha... They cant what... At the most tmr forfeit... haha so how?,0,65,12,5,haha cant tmr forfeit haha
ham,"Hey there! Glad u r better now. I hear u treated urself to a digi cam, is it good? We r off at 9pm. Have a fab new year, c u in coupla wks!",0,139,34,6,hey glad better hear treat urself digi cam good pm fab new year coupla wk
ham,No way I'm going back there!,0,28,6,2,way im go back
spam,"URGENT! Your mobile No 077xxx WON a £2,000 Bonus Caller Prize on 02/06/03! This is the 2nd attempt to reach YOU! Call 09066362206 ASAP! BOX97N7QP, 150ppm",1,153,26,5,urgent mobil xxx bonu caller prize nd attempt reach call asap box qp ppm
ham,I WILL CAL YOU SIR. In meeting,0,30,7,2,cal sir meet
ham,"That's what I love to hear :V see you sundayish, then",0,53,11,1,that love hear see sundayish
ham,"Sorry da thangam, very very sorry i am held up with prasad.",0,59,12,2,sorri da thangam sorri held prasad
ham,Tiwary to rcb.battle between bang and kochi.,0,44,7,3,tiwari rcbbattl bang kochi
ham,Thank god they are in bed!,0,26,6,2,thank god bed
ham,No I don't have cancer. Moms making a big deal out of a regular checkup aka pap smear,0,85,18,2,dont cancer mom make big deal regular checkup aka pap smear
ham,Am in gobi arts college,0,23,5,1,gobi art colleg
ham,Why she wants to talk to me,0,27,7,1,want talk
ham,Pandy joined 4w technologies today.he got job..,0,47,7,3,pandi join technolog todayh got job
spam,"You are guaranteed the latest Nokia Phone, a 40GB iPod MP3 player or a £500 prize! Txt word: COLLECT to No: 83355! IBHltd LdnW15H 150p/Mtmsgrcvd18",1,146,25,3,guarante latest nokia phone gb ipod mp player prize txt word collect ibhltd ldnw pmtmsgrcvd
ham,"They can try! They can get lost, in fact. Tee hee",0,49,11,3,tri get lost fact tee hee
ham,My friends use to call the same.,0,32,7,2,friend use call
ham,"Em, its olowoyey@ usc.edu have a great time in argentina. Not sad about secretary, everything is a blessing",0,107,18,3,em olowoyey uscedu great time argentina sad secretari everyth bless
ham,"It,,s a taxt massage....tie-pos argh ok! Lool!",0,46,7,4,taxt massagetiepo argh ok lool
ham,"Hi, can i please get a  &lt;#&gt;  dollar loan from you. I.ll pay you back by mid february. Pls.",0,96,19,5,hi pleas get ltgt dollar loan ill pay back mid februari pl
ham,"You might want to pull out more just in case and just plan on not spending it if you can, I don't have much confidence in derek and taylor's money management",0,157,31,1,might want pull case plan spend dont much confid derek taylor money manag
ham,Do you like shaking your booty on the dance floor?,0,50,10,2,like shake booti danc floor
ham,"Text me when you get off, don't call, my phones having problems",0,63,12,1,text get dont call phone problem
ham,No need for the drug anymore.,0,29,6,2,need drug anymor
ham,Sorry da:)i was thought of calling you lot of times:)lil busy.i will call you at noon..,0,87,16,3,sorri dai thought call lot timeslil busyi call noon
ham,Its sarcasm.. .nt scarcasim,0,27,4,3,sarcasm nt scarcasim
ham,Great! I have to run now so ttyl!,0,33,8,3,great run ttyl
ham,Feel like trying kadeem again? :V,0,33,6,2,feel like tri kadeem
ham,Dai  &lt;#&gt;  naal eruku.,0,27,4,2,dai ltgt naal eruku
ham,Not yet chikku..wat abt u?,0,26,5,3,yet chikkuwat abt
ham,Want to finally have lunch today?,0,33,6,2,want final lunch today
ham,Do you know when dad will be back?,0,34,8,2,know dad back
spam,"Hello darling how are you today? I would love to have a chat, why dont you tell me what you look like and what you are in to sexy?",1,130,29,3,hello darl today would love chat dont tell look like sexi
spam,8007 FREE for 1st week! No1 Nokia tone 4 ur mob every week just txt NOKIA to 8007 Get txting and tell ur mates www.getzed.co.uk POBox 36504 W4 5WQ norm 150p/tone 16+,1,165,32,5,free st week nokia tone ur mob everi week txt nokia get txting tell ur mate pobox wq norm ptone
ham,He remains a bro amongst bros,0,29,6,1,remain bro amongst bro
ham,R u meeting da ge at nite tmr?,0,30,8,2,meet da ge nite tmr
ham,"* Was a nice day and, impressively, i was sensible, went home early and now feel fine. Or am i just boring?! When's yours, i can't remember.",0,140,27,4,nice day impress sensibl went home earli feel fine bore when cant rememb
ham,Why de. You looking good only:-)..,0,34,6,3,de look good
spam,Wanna get laid 2nite? Want real Dogging locations sent direct to ur mobile? Join the UK's largest Dogging Network. Txt PARK to 69696 now! Nyt. ec2a. 3lp £1.50/msg,1,162,28,8,wan na get laid nite want real dog locat sent direct ur mobil join uk largest dog network txt park nyt ec lp msg
spam,we tried to contact you re your response to our offer of a new nokia fone and camcorder hit reply or call 08000930705 for delivery,1,130,25,1,tri contact respons offer new nokia fone camcord hit repli call deliveri
ham,Yes. They replied my mail. I'm going to the management office later. Plus will in to bank later also.or on wednesday.,0,117,21,6,ye repli mail im go manag offic later plu bank later alsoor wednesday
ham,"That's cool, I'll come by like  &lt;#&gt; ish",0,45,8,1,that cool ill come like ltgt ish
ham,Super msg da:)nalla timing.,0,27,4,2,super msg danalla time
ham,"Good afternoon, my boytoy ... How are you feeling today ? Better I hope? Are you being my good boy? Are you my obedient, slave? Do you please your Queen?",0,153,30,7,good afternoon boytoy feel today better hope good boy obedi slave pleas queen
ham,I am 6 ft. We will be a good combination!,0,41,10,3,ft good combin
ham,I'm sick !! I'm needy !! I want you !! *pouts* *stomps feet* Where are you ?! *pouts* *stomps feet* I want my slave !! I want him now !!,0,136,30,7,im sick im needi want pout stomp foot pout stomp foot want slave want
ham,* Am on a train back from northampton so i'm afraid not!,0,56,12,2,train back northampton im afraid
ham,Where in abj are you serving. Are you staying with dad or alone.,0,64,13,3,abj serv stay dad alon
ham,Was playng 9 doors game and gt racing on phone lol,0,50,11,1,playng door game gt race phone lol
spam,"New Tones This week include: 1)McFly-All Ab.., 2) Sara Jorge-Shock.. 3) Will Smith-Switch.. To order follow instructions on next message",1,136,20,4,new tone week includ mcflyall ab sara jorgeshock smithswitch order follow instruct next messag
ham,I'm on da bus going home...,0,27,6,2,im da bu go home
ham,I got a call from a landline number. . . I am asked to come to anna nagar . . . I will go in the afternoon,0,106,27,7,got call landlin number ask come anna nagar go afternoon
ham,I'm okay. Chasing the dream. What's good. What are you doing next.,0,66,12,5,im okay chase dream what good next
ham,Yupz... I've oredi booked slots 4 my weekends liao...,0,53,9,3,yupz ive oredi book slot weekend liao
spam,URGENT! We are trying to contact U. Todays draw shows that you have won a £800 prize GUARANTEED. Call 09050003091 from land line. Claim C52. Valid 12hrs only,1,157,28,6,urgent tri contact today draw show prize guarante call land line claim valid hr
ham,There r many model..sony ericson also der.. &lt;#&gt; ..it luks good bt i forgot modl no,0,88,16,4,mani modelsoni ericson also der ltgt luk good bt forgot modl
ham,Yes I know the cheesy songs from frosty the snowman :),0,54,11,1,ye know cheesi song frosti snowman
ham,"Ya ok, vikky vl c witin  &lt;#&gt; mins and il reply u..",0,56,12,2,ya ok vikki vl witin ltgt min il repli
spam,sports fans - get the latest sports news str* 2 ur mobile 1 wk FREE PLUS a FREE TONE Txt SPORT ON to 8007 www.getzed.co.uk 0870141701216+ norm 4txt/120p,1,152,28,4,sport fan get latest sport news str ur mobil wk free plu free tone txt sport norm txt
ham,Hey tmr meet at bugis 930 ?,0,27,7,2,hey tmr meet bugi
spam,"Urgent Urgent! We have 800 FREE flights to Europe to give away, call B4 10th Sept & take a friend 4 FREE. Call now to claim on 09050000555. BA128NNFWFLY150ppm",1,158,29,4,urgent urgent free flight europ give away call th sept take friend free call claim ba nnfwfli ppm
ham,All these nice new shirts and the only thing I can wear them to is nudist themed ;_; you in mu?,0,95,21,2,nice new shirt thing wear nudist theme mu
ham,Hey sexy buns! What of that day? No word from you this morning on YM ... :-( ... I think of you,0,95,22,5,hey sexi bun day word morn ym think
ham,And whenever you and i see we can still hook up too.,0,52,12,2,whenev see still hook
ham,Nope but i'm going home now then go pump petrol lor... Like going 2 rain soon...,0,80,16,3,nope im go home go pump petrol lor like go rain soon
ham,Can you use foreign stamps for whatever you send them off for?,0,62,12,2,use foreign stamp whatev send
spam,FROM 88066 LOST £12 HELP,1,24,5,1,lost help
ham,Oh baby of the house. How come you dont have any new pictures on facebook,0,73,15,2,oh babi hous come dont new pictur facebook
ham,"Feb  &lt;#&gt;  is ""I LOVE U"" day. Send dis to all ur ""VALUED FRNDS"" evn me. If 3 comes back u'll gt married d person u luv! If u ignore dis u will lose ur luv 4 Evr",0,165,38,4,feb ltgt love day send di ur valu frnd evn come back ull gt marri person luv ignor di lose ur luv evr
ham,"Hiya, sorry didn't hav signal. I haven't seen or heard from and neither has, which is unusual in itself! I'll put on the case and get him to sort it out! Hugs and snogs.",0,169,34,5,hiya sorri didnt hav signal havent seen heard neither unusu ill put case get sort hug snog
ham,"Omw back to tampa from west palm, you hear what happened?",0,57,11,2,omw back tampa west palm hear happen
ham,Yup no more already... Thanx 4 printing n handing it up.,0,56,11,3,yup alreadi thanx print hand
spam,FreeMsg: Fancy a flirt? Reply DATE now & join the UKs fastest growing mobile dating service. Msgs rcvd just 25p to optout txt stop to 83021. Reply DATE now!,1,156,29,5,freemsg fanci flirt repli date join uk fastest grow mobil date servic msg rcvd optout txt stop repli date
ham,What i mean is do they come chase you out when its over or is it stated you can watch as many movies as you want.,0,113,26,2,mean come chase state watch mani movi want
ham,S now only i took tablets . Reaction morning only.,0,50,10,3,took tablet reaction morn
spam,Great NEW Offer - DOUBLE Mins & DOUBLE Txt on best Orange tariffs AND get latest camera phones 4 FREE! Call MobileUpd8 free on 08000839402 NOW! or 2stoptxt T&Cs,1,160,29,3,great new offer doubl min doubl txt best orang tariff get latest camera phone free call mobileupd free stoptxt tc
ham,"Nah, I'm a perpetual DD",0,23,5,1,nah im perpetu dd
ham,Sorry de i went to shop.,0,24,6,2,sorri de went shop
spam,Hope you enjoyed your new content. text stop to 61610 to unsubscribe. help:08712400602450p Provided by tones2you.co.uk,1,118,16,5,hope enjoy new content text stop unsubscrib help provid tone youcouk
ham,Hey you still want to go for yogasana? Coz if we end at cine then can go bathe and hav the steam bath,0,101,23,2,hey still want go yogasana coz end cine go bath hav steam bath
ham,Nope i'm not drivin... I neva develop da photos lei...,0,54,10,3,nope im drivin neva develop da photo lei
ham,I am thinking of going down to reg for pract lessons.. Flung my advance.. Haha wat time u going?,0,96,19,4,think go reg pract lesson flung advanc haha wat time go
ham,Cool. I am  &lt;#&gt;  inches long. hope you like them big!,0,59,11,4,cool ltgt inch long hope like big
ham,"House-Maid is the murderer, coz the man was murdered on  &lt;#&gt; th January.. As public holiday all govt.instituitions are closed,including post office..understand?",0,166,22,5,housemaid murder coz man murder ltgt th januari public holiday govtinstituit closedinclud post officeunderstand
ham,Okie.. Thanx..,0,14,2,3,oki thanx
ham,Go where n buy? Juz buy when we get there lar.,0,46,11,3,go buy juz buy get lar
ham,I'm working technical support :)voice process.,0,46,6,2,im work technic support voic process
ham,It's justbeen overa week since we broke up and already our brains are going to mush!,0,84,16,2,justbeen overa week sinc broke alreadi brain go mush
ham,"Tunde, how are you doing. This is just wishing you a great day. Abiola.",0,71,14,4,tund wish great day abiola
ham,Nope... C ü then...,0,19,4,3,nope
ham,No. But we'll do medical missions to nigeria,0,44,8,2,well medic mission nigeria
ham,No i am not having not any movies in my laptop,0,46,11,1,movi laptop
spam,Urgent Please call 09066612661 from landline. £5000 cash or a luxury 4* Canary Islands Holiday await collection. T&Cs SAE award. 20M12AQ. 150ppm. 16+ “,1,151,24,6,urgent pleas call landlin cash luxuri canari island holiday await collect tc sae award aq ppm
spam,"Urgent! Please call 09066612661 from your landline, your complimentary 4* Lux Costa Del Sol holiday or £1000 CASH await collection. ppm 150 SAE T&Cs James 28, EH74RR",1,165,27,3,urgent pleas call landlin complimentari lux costa del sol holiday cash await collect ppm sae tc jame eh rr
ham,I havent lei.. Next mon can?,0,28,6,3,havent lei next mon
ham,Mm feeling sleepy. today itself i shall get that dear,0,53,10,2,mm feel sleepi today shall get dear
ham,How dare you stupid. I wont tell anything to you. Hear after i wont talk to you:-.,0,82,17,4,dare stupid wont tell anyth hear wont talk
ham,Do ü noe if ben is going?,0,25,7,2,noe ben go
ham,Can you do a mag meeting this avo at some point?,0,48,11,2,mag meet avo point
ham,I meant middle left or right?,0,29,6,2,meant middl left right
ham,Really? I crashed out cuddled on my sofa.,0,41,8,3,realli crash cuddl sofa
ham,Hi Chachi tried calling u now unable to reach u .. Pl give me a missed cal once u c tiz msg  Kanagu,0,99,23,2,hi chachi tri call unabl reach pl give miss cal tiz msg kanagu
ham,"I sent you the prices and do you mean the  &lt;#&gt; g,",0,55,12,1,sent price mean ltgt
ham,Nothing. Can...,0,15,2,3,noth
ham,No * am working on the ringing u thing but have whole houseful of screaming brats so * am pulling my hair out! Loving u,0,119,25,2,work ring thing whole hous scream brat pull hair love
ham,But my family not responding for anything. Now am in room not went to home for diwali but no one called me and why not coming. It makes me feel like died.,0,154,32,4,famili respond anyth room went home diwali one call come make feel like die
ham,"Tick, tick, tick ... Babe",0,25,5,2,tick tick tick babe
ham,R ü going 4 today's meeting?,0,28,6,2,go today meet
ham,K da:)how many page you want?,0,29,6,2,dahow mani page want
ham,Ya had just now.onion roast.,0,28,5,3,ya nowonion roast
ham,Send his number and give reply tomorrow morning for why you said that to him like that ok,0,89,18,1,send number give repli tomorrow morn said like ok
ham,You said not now. No problem. When you can. Let me know.,0,56,12,5,said problem let know
ham,Ok but tell me half an hr b4 u come i need 2 prepare.,0,53,14,2,ok tell half hr come need prepar
ham,Play w computer? Aiyah i tok 2 u lor?,0,37,9,3,play comput aiyah tok lor
ham,Sat right? Okay thanks...,0,25,4,3,sat right okay thank
ham,"Derp. Which is worse, a dude who always wants to party or a dude who files a complaint about the three drug abusers he lives with",0,129,26,2,derp wors dude alway want parti dude file complaint three drug abus life
ham,Ok Chinese food on its way. When I get fat you're paying for my lipo.,0,69,15,3,ok chines food way get fat your pay lipo
ham,We r outside already.,0,21,4,2,outsid alreadi
ham,Have a good trip. Watch out for . Remember when you get back we must decide about easter.,0,89,18,4,good trip watch rememb get back must decid easter
ham,Yo we are watching a movie on netflix,0,37,8,1,yo watch movi netflix
ham,What time. I‘m out until prob 3 or so,0,37,9,2,time prob
ham,"Can meh? Thgt some will clash... Really ah, i dun mind... I dun seen to have lost any weight... Gee...",0,102,20,6,meh thgt clash realli ah dun mind dun seen lost weight gee
ham,ARR birthday today:) i wish him to get more oscar.,0,50,10,2,arr birthday today wish get oscar
ham,"Open rebtel with firefox. When it loads just put plus sign in the user name place, and it will show you two numbers. The lower number is my number. Once you pick that number the pin will display okay!",0,200,39,5,open rebtel firefox load put plu sign user name place show two number lower number number pick number pin display okay
ham,and  picking them up from various points,0,40,7,1,pick variou point
spam,Married local women looking for discreet action now! 5 real matches instantly to your phone. Text MATCH to 69969 Msg cost 150p 2 stop txt stop BCMSFWC1N3XX,1,155,27,3,marri local woman look discreet action real match instantli phone text match msg cost stop txt stop bcmsfwc xx
ham,Wow v v impressed. Have funs shopping!,0,38,7,3,wow impress fun shop
ham,I am on the way to ur home,0,26,8,1,way ur home
spam,Burger King - Wanna play footy at a top stadium? Get 2 Burger King before 1st Sept and go Large or Super with Coca-Cola and walk out a winner,1,141,29,2,burger king wan na play footi top stadium get burger king st sept go larg super cocacola walk winner
ham,No problem. Talk to you later,0,29,6,2,problem talk later
ham,Then ur sis how?,0,16,4,2,ur si
ham,Still in customer place,0,23,4,1,still custom place
spam,How come it takes so little time for a child who is afraid of the dark to become a teenager who wants to stay out all night?,1,124,27,2,come take littl time child afraid dark becom teenag want stay night
ham,"Dude u knw also telugu..thts gud..k, gud nyt..",0,46,8,4,dude knw also telugutht gudk gud nyt
ham,We confirm eating at esplanade?,0,31,5,2,confirm eat esplanad
ham,Send me your id and password,0,28,6,1,send id password
ham,Kind of. Took it to garage. Centre part of exhaust needs replacing. Part ordered n taking it to be fixed tomo morning.,0,118,22,5,kind took garag centr part exhaust need replac part order take fix tomo morn
spam,"For ur chance to win a £250 cash every wk TXT: ACTION to 80608. T's&C's www.movietrivia.tv custcare 08712405022, 1x150p/wk.",1,123,19,5,ur chanc win cash everi wk txt action tsc custcar pwk
ham,Well I might not come then...,0,29,6,2,well might come
ham,Long after I quit. I get on only like 5 minutes a day as it is.,0,63,16,3,long quit get like minut day
ham,Then its most likely called Mittelschmertz. Google it. If you dont have paracetamol dont worry it will go.,0,106,18,4,like call mittelschmertz googl dont paracetamol dont worri go
ham,Well at this right I'm gonna have to get up and check today's steam sales/pee so text me when you want me to come get you,0,121,26,1,well right im gon na get check today steam salespe text want come get
ham,"Just arrived, see you in a couple days &lt;3",0,44,9,1,arriv see coupl day lt
ham,"K, wat s tht incident?",0,22,5,2,wat tht incid
ham,Yeah get the unlimited,0,22,4,1,yeah get unlimit
ham,cThen i thk shd b enuff.. Still got conclusion n contents pg n references.. I'll b doing da contents pg n cover pg..,0,116,23,4,cthen thk shd enuff still got conclus content pg refer ill da content pg cover pg
ham,"Forgot it takes me 3 years to shower, sorry. Where you at/your phone dead yet?",0,78,15,3,forgot take year shower sorri atyour phone dead yet
ham,Ü got wat to buy tell us then ü no need to come in again.,0,57,15,2,got wat buy tell u need come
ham,When you are big..| God will bring success.,0,43,8,3,big god bring success
spam,U’ve Bin Awarded £50 to Play 4 Instant Cash. Call 08715203028 To Claim. EVERY 9th Player Wins Min £50-£500. OptOut 08718727870,1,126,21,4,bin award play instant cash call claim everi th player win min optout
ham,"… we r stayin here an extra week, back next wed. How did we do in the rugby this weekend? Hi to and and , c u soon """,0,116,29,3,stayin extra week back next wed rugbi weekend hi soon
ham,Well there's still a bit left if you guys want to tonight,0,57,12,1,well there still bit left guy want tonight
ham,Not from this campus. Are you in the library?,0,45,9,3,campu librari
ham,"The affidavit says  &lt;#&gt;  E Twiggs St, division g, courtroom  &lt;#&gt; , &lt;TIME&gt;  AM. I'll double check and text you again tomorrow",0,142,22,2,affidavit say ltgt twigg st divis courtroom ltgt lttimegt ill doubl check text tomorrow
ham,How will I creep on you now? ;_;,0,32,8,2,creep
ham,If I get there before you after your ten billion calls and texts so help me god,0,79,17,1,get ten billion call text help god
ham,I've told him that i've returned it. That should i re order it.,0,63,13,3,ive told ive return order
ham,"House-Maid is the murderer, coz the man was murdered on  &lt;#&gt; th January.. As public holiday all govt.instituitions are closed,including post office..",0,155,22,4,housemaid murder coz man murder ltgt th januari public holiday govtinstituit closedinclud post offic
ham,Depends on where u going lor.,0,29,6,2,depend go lor
ham,And smile for me right now as you go and the world will wonder what you are smiling about and think your crazy and keep away from you ... *grins*,0,145,30,2,smile right go world wonder smile think crazi keep away grin
spam,FreeMsg>FAV XMAS TONES!Reply REAL,1,33,4,2,freemsgfav xma tonesrepli real
ham,Lil fever:) now fine:),0,22,4,1,lil fever fine
ham,I think it's all still in my car,0,32,8,1,think still car
ham,Yes princess! I want to catch you with my big strong hands...,0,61,12,3,ye princess want catch big strong hand
ham,Oh yeah I forgot. U can only take 2 out shopping at once.,0,57,13,3,oh yeah forgot take shop
ham,Mm so you asked me not to call radio,0,36,9,1,mm ask call radio
ham,Thinkin about someone is all good. No drugs for that,0,52,10,2,thinkin someon good drug
ham,"Enjoy the showers of possessiveness poured on u by ur loved ones, bcoz in this world of lies, it is a golden gift to be loved truly..",0,133,27,2,enjoy shower possess pour ur love one bcoz world lie golden gift love truli
ham,"Alright if you're sure, let me know when you're leaving",0,55,10,1,alright your sure let know your leav
ham,Some are lasting as much as 2 hours. You might get lucky.,0,57,12,3,last much hour might get lucki
ham,Genius what's up. How your brother. Pls send his number to my skype.,0,68,13,4,geniu what brother pl send number skype
spam,"Gr8 Poly tones 4 ALL mobs direct 2u rply with POLY TITLE to 8007 eg POLY BREATHE1 Titles: CRAZYIN, SLEEPINGWITH, FINEST, YMCA :getzed.co.uk POBox365O4W45WQ 300p",1,160,25,3,gr poli tone mob direct rpli poli titl eg poli breath titl crazyin sleepingwith finest ymca getzedcouk pobox wq
ham,Thk some of em find wtc too far... Weiyi not goin... E rest i dunno yet... R ur goin 4 dinner den i might b able to join...,0,123,28,5,thk em find wtc far weiyi goin rest dunno yet ur goin dinner den might abl join
ham,Don't forget who owns you and who's private property you are ... And be my good boy always .. *passionate kiss*,0,111,21,3,dont forget own who privat properti good boy alway passion kiss
spam,INTERFLORA - It's not too late to order Interflora flowers for christmas call 0800 505060 to place your order before Midnight tomorrow.,1,136,22,2,interflora it late order interflora flower christma call place order midnight tomorrow
ham,Oh god..taken the teeth?is it paining,0,37,6,3,oh godtaken teethi pain
spam,ROMCAPspam Everyone around should be responding well to your presence since you are so warm and outgoing. You are bringing in a real breath of sunshine.,1,152,26,3,romcapspam everyon around respond well presenc sinc warm outgo bring real breath sunshin
ham,Then u ask darren go n pick u lor... But i oso sian tmr haf 2 meet lect...,0,74,18,3,ask darren go pick lor oso sian tmr haf meet lect
ham,No need to buy lunch for me.. I eat maggi mee..,0,47,11,3,need buy lunch eat maggi mee
spam,"Congratulations - Thanks to a good friend U have WON the £2,000 Xmas prize. 2 claim is easy, just call 08712103738 NOW! Only 10p per minute. BT-national-rate",1,157,27,4,congratul thank good friend xma prize claim easi call per minut btnationalr
ham,"Oh right, ok. I'll make sure that i do loads of work during the day!  got a really nasty cough today and is dry n shot so that should really help it!",0,149,32,4,oh right ok ill make sure load work day got realli nasti cough today dri shot realli help
spam,Send a logo 2 ur lover - 2 names joined by a heart. Txt LOVE NAME1 NAME2 MOBNO eg LOVE ADAM EVE 07123456789 to 87077 Yahoo! POBox36504W45WQ TxtNO 4 no ads 150p.,1,160,32,4,send logo ur lover name join heart txt love name name mobno eg love adam eve yahoo pobox wq txtno ad
ham,Thanx 4 sending me home...,0,26,5,2,thanx send home
ham,Its normally hot mail. Com you see!,0,35,7,3,normal hot mail com see
spam,"You've won tkts to the EURO2004 CUP FINAL or £800 CASH, to collect CALL 09058099801 b4190604, POBOX 7876150ppm",1,110,18,1,youv tkt euro cup final cash collect call pobox ppm
ham,U sick still can go shopping?,0,29,6,2,sick still go shop
ham,"Ya they are well and fine., BBD(pooja) full pimples..even she become quite black..and ur rite here its too cold, wearing sweatter..",0,131,21,5,ya well fine bbdpooja full pimpleseven becom quit blackand ur rite cold wear sweatter
ham,Nice.nice.how is it working?,0,28,4,4,nicenicehow work
ham,1's reach home call me.,0,23,5,2,reach home call
ham,Were trying to find a Chinese food place around here,0,52,10,1,tri find chines food place around
ham,"Easy mate, * guess the quick drink was bit ambitious.",0,53,10,2,easi mate guess quick drink bit ambiti
ham,BABE !!! I miiiiiiissssssssss you ! I need you !!! I crave you !!! :-( ... Geeee ... I'm so sad without you babe ... I love you ...,0,131,29,9,babe miiiiiiissssssssss need crave geeee im sad without babe love
ham,Ok thanx...,0,11,2,2,ok thanx
ham,"Tunji, how's the queen? how are you doing. This is just wishing you a great day. Abiola.",0,88,17,5,tunji how queen wish great day abiola
ham,Today iZ Yellow rose day. If u love my frndship give me 1 misscall &amp; send this to ur frndZ &amp; See how many miss calls u get. If u get 6missed U marry ur Lover.,0,166,36,4,today iz yellow rose day love frndship give misscal amp send ur frndz amp see mani miss call get get miss marri ur lover
ham,Will be out of class in a few hours. Sorry,0,42,10,2,class hour sorri
ham,Wat time u finish ur lect today?,0,32,7,2,wat time finish ur lect today
spam,"Free-message: Jamster!Get the crazy frog sound now! For poly text MAD1, for real text MAD2 to 88888. 6 crazy sounds for just 3 GBP/week! 16+only! T&C's apply",1,157,27,6,freemessag jamsterget crazi frog sound poli text mad real text mad crazi sound gbpweek tc appli
spam,"YOUR CHANCE TO BE ON A REALITY FANTASY SHOW call now = 08707509020 Just 20p per min NTT Ltd, PO Box 1327 Croydon CR9 5WB 0870 is a national = rate call",1,151,32,1,chanc realiti fantasi show call per min ntt ltd po box croydon cr wb nation rate call
ham,She's fine. Good to hear from you. How are you my dear? Happy new year oh.,0,74,16,5,she fine good hear dear happi new year oh
ham,Are you going to wipro interview today?,0,39,7,2,go wipro interview today
ham,how tall are you princess?,0,26,5,2,tall princess
ham,I doubt you could handle 5 times per night in any case...,0,57,12,2,doubt could handl time per night case
ham,Haha... Hope ü can hear the receipt sound... Gd luck!,0,53,10,4,haha hope hear receipt sound gd luck
ham,Your gonna be the death if me. I'm gonna leave a note that says its all robs fault. Avenge me.,0,94,20,4,gon na death im gon na leav note say rob fault aveng
ham,"Japanese Proverb: If one Can do it, U too Can do it, If none Can do it,U must do it Indian version: If one Can do it, LET HIM DO it.. If none Can do it,LEAVE it!! And finally Kerala version: If one can do it, Stop him doing it.. If none can do it, Make a strike against it ...",0,276,61,5,japanes proverb one none itu must indian version one let none itleav final kerala version one stop none make strike
ham,Today i'm not workin but not free oso... Gee... Thgt u workin at ur fren's shop ?,0,81,17,4,today im workin free oso gee thgt workin ur fren shop
ham,In life when you face choices Just toss a coin not becoz its settle the question But while the coin in the air U will know what your heart is hoping for. Gudni8,0,160,33,2,life face choic toss coin becoz settl question coin air know heart hope gudni
ham,I want to be there so i can kiss you and feel you next to me,0,60,16,1,want kiss feel next
ham,I am not at all happy with what you saying or doing,0,51,12,1,happi say
spam,Adult 18 Content Your video will be with you shortly,1,52,10,1,adult content video shortli
ham,"Ok that would b lovely, if u r sure. Think about wot u want to do, drinkin, dancin, eatin, cinema, in, out, about... Up to u! Wot about ?",0,137,29,5,ok would love sure think wot want drinkin dancin eatin cinema wot
ham,What I'm saying is if you haven't explicitly told nora I know someone I'm probably just not gonna bother,0,104,19,1,im say havent explicitli told nora know someon im probabl gon na bother
ham,Smith waste da.i wanna gayle.,0,29,5,3,smith wast dai wan na gayl
ham,"Mum, i've sent you many many messages since i got here. I just want to know that you are actually getting them. Do enjoy the rest of your day.",0,142,29,4,mum ive sent mani mani messag sinc got want know actual get enjoy rest day
ham,"Aight, tomorrow around  &lt;#&gt;  it is",0,40,6,1,aight tomorrow around ltgt
spam,"YOUR CHANCE TO BE ON A REALITY FANTASY SHOW call now = 08707509020 Just 20p per min NTT Ltd, PO Box 1327 Croydon CR9 5WB 0870 is a national = rate call.",1,152,32,2,chanc realiti fantasi show call per min ntt ltd po box croydon cr wb nation rate call
ham,I actually did for the first time in a while. I went to bed not too long after i spoke with you. Woke up at 7. How was your night?,0,130,30,5,actual first time went bed long spoke woke night
ham,See you there!,0,14,3,2,see
ham,I dont understand your message.,0,31,5,2,dont understand messag
ham,Crucify is c not s. You should have told me earlier.,0,52,11,3,crucifi told earlier
ham,"Idk. You keep saying that you're not, but since he moved, we keep butting heads over freedom vs. responsibility. And i'm tired. I have so much other shit to deal with that i'm barely keeping myself together once this gets added to it.",0,234,43,6,idk keep say your sinc move keep but head freedom v respons im tire much shit deal im bare keep togeth get ad
ham,Fuck cedar key and fuck her (come over anyway tho),0,50,10,1,fuck cedar key fuck come anyway tho
ham,twenty past five he said will this train have been to durham already or not coz i am in a reserved seat,0,103,22,1,twenti past five said train durham alreadi coz reserv seat
spam,"Hey Boys. Want hot XXX pics sent direct 2 ur phone? Txt PORN to 69855, 24Hrs free and then just 50p per day. To stop text STOPBCM SF WC1N3XX",1,140,29,4,hey boy want hot xxx pic sent direct ur phone txt porn hr free per day stop text stopbcm sf wc xx
ham,U still painting ur wall?,0,25,5,2,still paint ur wall
ham,Printer is cool. I mean groovy. Wine is groovying,0,49,9,3,printer cool mean groovi wine groovi
ham,Hi Harish's rent has been transfred to ur Acnt.,0,47,9,2,hi harish rent transfr ur acnt
ham,Anything lor is she coming?,0,27,5,2,anyth lor come
ham,Cbe is really good nowadays:)lot of shop and showrooms:)city is shaping good.,0,77,12,2,cbe realli good nowadayslot shop showroomsc shape good
ham,Ü still attending da talks?,0,27,5,2,still attend da talk
ham,No probs hon! How u doinat the mo?,0,34,8,3,prob hon doinat mo
ham,K I'll take care of it,0,22,6,1,ill take care
ham,I take it we didn't have the phone callon Friday. Can we assume we won't have it this year now?,0,95,20,3,take didnt phone callon friday assum wont year
ham,My battery is low babe,0,22,5,1,batteri low babe
ham,Shuhui has bought ron's present it's a swatch watch...,0,54,9,2,shuhui bought ron present swatch watch
ham,"Yeah there's quite a bit left, I'll swing by tomorrow when I get up",0,67,14,1,yeah there quit bit left ill swing tomorrow get
ham,Babe? You said 2 hours and it's been almost 4 ... Is your internet down ?,0,73,16,4,babe said hour almost internet
ham,K I'll be sure to get up before noon and see what's what,0,56,13,1,ill sure get noon see what
ham,K...k...yesterday i was in cbe .,0,32,6,4,kkyesterday cbe
ham,Went to ganesh dress shop,0,25,5,1,went ganesh dress shop
spam,"pdate_Now - Double mins and 1000 txts on Orange tariffs. Latest Motorola, SonyEricsson & Nokia & Bluetooth FREE! Call MobileUpd8 on 08000839402 or call2optout/!YHL",1,163,24,4,pdatenow doubl min txt orang tariff latest motorola sonyericsson nokia bluetooth free call mobileupd call optoutyhl
ham,Ü collecting ur laptop then going to configure da settings izzit?,0,65,11,2,collect ur laptop go configur da set izzit
ham,"Aight, I should be there by 8 at the latest, probably closer to 7. Are jay and tyler down or should we just do two trips?",0,121,26,3,aight latest probabl closer jay tyler two trip
ham,Come aftr  &lt;DECIMAL&gt; ..now i m cleaning the house,0,55,9,2,come aftr ltdecimalgt clean hous
spam,Ur cash-balance is currently 500 pounds - to maximize ur cash-in now send CASH to 86688 only 150p/msg. CC: 08718720201 PO BOX 114/14 TCR/W1,1,139,24,2,ur cashbal current pound maxim ur cashin send cash pmsg cc po box tcrw
ham,"Bill, as in: Are there any letters for me. i’m expecting one from orange that isn’t a bill but may still say orange on it.",0,122,25,3,bill letter expect one orang bill may still say orang
ham,Tell me pa. How is pain de.,0,27,7,3,tell pa pain de
ham,HI DARLIN I HOPE YOU HAD A NICE NIGHT I WISH I HAD COME CANT WAIT TO SEE YOU LOVE FRAN PS I WANT DIRTY ANAL SEX AND I WANT A 10 MAN GANG BANG,0,141,35,1,hi darlin hope nice night wish come cant wait see love fran p want dirti anal sex want man gang bang
ham,"Ha. You don‘t know either. I did a a clever but simple thing with pears the other day, perfect for christmas.",0,109,21,4,ha know either clever simpl thing pear day perfect christma
ham,"Helloooo... Wake up..! ""Sweet"" ""morning"" ""welcomes"" ""You"" ""Enjoy"" ""This Day"" ""with full of joy"".. ""GUD MRNG"".",0,109,16,5,helloooo wake sweet morn welcom enjoy day full joy gud mrng
ham,ALRITE,0,6,1,1,alrit
ham,Why must we sit around and wait for summer days to celebrate. Such a magical sight when the worlds dressed in white. Oooooh let there be snow.,0,142,27,4,must sit around wait summer day celebr magic sight world dress white oooooh let snow
spam,URGENT! Your Mobile number has been awarded with a £2000 prize GUARANTEED. Call 09058094454 from land line. Claim 3030. Valid 12hrs only,1,136,22,5,urgent mobil number award prize guarante call land line claim valid hr
ham,How do you guys go to see movies on your side.,0,46,11,2,guy go see movi side
ham,You didn't have to tell me that...now i'm thinking. Plus he's going to stop all your runs,0,89,17,3,didnt tell thatnow im think plu he go stop run
ham,Kindly send some one to our flat before  &lt;DECIMAL&gt;  today.,0,64,10,2,kindli send one flat ltdecimalgt today
spam,Sorry! U can not unsubscribe yet. THE MOB offer package has a min term of 54 weeks> pls resubmit request after expiry. Reply THEMOB HELP 4 more info,1,148,28,4,sorri unsubscrib yet mob offer packag min term week pl resubmit request expiri repli themob help info
ham,Nothing lor... A bit bored too... Then y dun u go home early 2 sleep today...,0,77,16,4,noth lor bit bore dun go home earli sleep today
ham,What time should I tell my friend to be around?,0,47,10,2,time tell friend around
ham,Yes. that will be fine. Love you. Be safe.,0,42,9,5,ye fine love safe
ham,Thanks chikku..:-) gud nyt:-*,0,29,4,2,thank chikku gud nyt
ham,Is xy in ur car when u picking me up?,0,37,10,2,xy ur car pick
ham,"Thanx 4 the time weve spent 2geva, its bin mint! Ur my Baby and all I want is u!xxxx",0,85,19,3,thanx time wev spent geva bin mint ur babi want uxxxx
ham,"Yo, any way we could pick something up tonight?",0,47,9,2,yo way could pick someth tonight
ham,I've not sent it. He can send me.,0,33,8,3,ive sent send
ham,Fine am simply sitting.,0,23,4,2,fine simpli sit
ham,Thts god's gift for birds as humans hav some natural gift frm god..,0,67,13,2,tht god gift bird human hav natur gift frm god
ham,Are you coming to day for class.,0,32,7,2,come day class
ham,Im done. Just studyn in library,0,31,6,2,im done studyn librari
ham,Ok... U enjoy ur shows...,0,25,5,3,ok enjoy ur show
ham,Anything...,0,11,1,2,anyth
ham,Where wuld I be without my baby? The thought alone mite break me and I dont wanna go crazy but everyboy needs his lady xxxxxxxx,0,128,25,2,wuld without babi thought alon mite break dont wan na go crazi everyboy need ladi xxxxxxxx
ham,Wat's my dear doing? Sleeping ah?,0,33,6,3,wat dear sleep ah
ham,Hi' Test on  &lt;#&gt; rd ....,0,30,6,2,hi test ltgt rd
ham,Only 2% students solved this CAT question in 'xam... 5+3+2= &lt;#&gt;  9+2+4= &lt;#&gt;  8+6+3= &lt;#&gt;  then 7+2+5=????? Tell me the answer if u r brilliant...1thing.i got d answr.,0,183,28,6,student solv cat question xam ltgt ltgt ltgt tell answer brilliant thingi got answr
ham,Yo do you know anyone  &lt;#&gt;  or otherwise able to buy liquor? Our guy flaked and right now if we don't get a hold of somebody its just 4 loko all night,0,156,32,2,yo know anyon ltgt otherwis abl buy liquor guy flake right dont get hold somebodi loko night
ham,Yup n her fren lor. I'm meeting my fren at 730.,0,47,11,3,yup fren lor im meet fren
ham,"Yeah, we got one lined up for us",0,32,8,1,yeah got one line u
ham,"And stop wondering ""wow is she ever going to stop tm'ing me ?!"" because I will tm you whenever I want because you are MINE ... *laughs*",0,135,27,3,stop wonder wow ever go stop tming tm whenev want mine laugh
ham,Lol yep did that yesterday. Already got my fireplace. Now its just another icon sitting there for me.,0,101,18,4,lol yep yesterday alreadi got fireplac anoth icon sit
ham,Hey i've booked the pilates and yoga lesson already... Haha,0,59,10,2,hey ive book pilat yoga lesson alreadi haha
ham,Are you ok. What happen to behave like this,0,43,9,2,ok happen behav like
spam,You have 1 new message. Please call 08712400200.,1,48,8,3,new messag pleas call
ham,My supervisor find 4 me one lor i thk his students. I havent ask her yet. Tell u aft i ask her.,0,95,22,4,supervisor find one lor thk student havent ask yet tell aft ask
ham,"Hello. No news on job, they are making me wait a fifth week! Yeah im up for some woozles and weasels... In exeter still, but be home about 3.",0,141,29,5,hello news job make wait fifth week yeah im woozl weasel exet still home
spam,We currently have a message awaiting your collection. To collect your message just call 08718723815.,1,100,15,3,current messag await collect collect messag call
ham,"Hey babe, sorry i didn't get sooner. Gary can come and fix it cause he thinks he knows what it is but he doesn't go as far a Ptbo and he says it will cost  &lt;#&gt;  bucks. I don't know if it might be cheaper to find someone there ? We don't have any second hand machines at all right now, let me know what you want to do babe",0,327,70,4,hey babe sorri didnt get sooner gari come fix caus think know doesnt go far ptbo say cost ltgt buck dont know might cheaper find someon dont second hand machin right let know want babe
ham,make that 3! 4 fucks sake?! x,0,29,7,3,make fuck sake
ham,Leave it. U will always be ignorant.,0,36,7,3,leav alway ignor
ham,Nope but i'll b going 2 sch on fri quite early lor cos mys sis got paper in da morn :-),0,87,21,1,nope ill go sch fri quit earli lor co my si got paper da morn
ham,at bruce b downs &amp; fletcher now,0,35,7,1,bruce down amp fletcher
ham,Where are you ? You said you would be here when I woke ... :-(,0,62,15,3,said would woke
ham,Hey now am free you can call me.,0,32,8,2,hey free call
ham,Tell me whos this pls:-),0,24,5,1,tell who pl
spam,"URGENT! Your mobile was awarded a £1,500 Bonus Caller Prize on 27/6/03. Our final attempt 2 contact U! Call 08714714011",1,119,20,4,urgent mobil award bonu caller prize final attempt contact call
ham,"Think i might have to give it a miss. Am teaching til twelve, then have lecture at two. Damn this working thing.",0,112,22,4,think might give miss teach til twelv lectur two damn work thing
ham,Id have to check but there's only like 1 bowls worth left,0,57,12,1,id check there like bowl worth left
ham,Yes there were many sweets,0,26,5,1,ye mani sweet
ham,I would but I'm still cozy. And exhausted from last night.nobody went to school or work. Everything is closed.,0,110,19,5,would im still cozi exhaust last nightnobodi went school work everyth close
ham,Buzzzz! *grins* Did I buzz your ass? Buzz your chest ? Buzz your cock ? Where do you keep your phone ? Is the vibrator on ? Did you feel it shake ?,0,147,33,8,buzzzz grin buzz as buzz chest buzz cock keep phone vibrat feel shake
ham,Sir send to group mail check it.,0,32,7,2,sir send group mail check
ham,I'm doing da intro covers energy trends n pros n cons... Brief description of nuclear fusion n oso brief history of iter n jet got abt 7 n half pages..,0,151,30,3,im da intro cover energi trend pro con brief descript nuclear fusion oso brief histori iter jet got abt half page
ham,NONE!NOWHERE IKNO DOESDISCOUNT!SHITINNIT,0,40,3,3,nonenowher ikno doesdiscountshitinnit
ham,You dont know you jabo me abi.,0,30,7,2,dont know jabo abi
spam,"Do you ever notice that when you're driving, anyone going slower than you is an idiot and everyone driving faster than you is a maniac?",1,135,25,2,ever notic your drive anyon go slower idiot everyon drive faster maniac
ham,Not yet had..ya sapna aunty manege y'day hogidhe..chinnu full weak and swalpa black agidhane..,0,94,14,4,yet hadya sapna aunti maneg yday hogidhechinnu full weak swalpa black agidhan
ham,"Are you being good, baby? :)",0,28,6,2,good babi
ham,"Mostly sports type..lyk footbl,crckt..",0,38,4,3,mostli sport typelyk footblcrckt
ham,Ma head dey swell oh. Thanks for making my day,0,46,10,2,head dey swell oh thank make day
ham,U should make a fb list,0,23,6,1,make fb list
ham,Sary just need Tim in the bollox &it hurt him a lot so he tol me!,0,65,16,2,sari need tim bollox hurt lot tol
ham,Happy New Year Princess!,0,24,4,2,happi new year princess
ham,"I'll text carlos and let you know, hang on",0,42,9,1,ill text carlo let know hang
ham,"Don't worry, * is easy once have ingredients!",0,45,8,2,dont worri easi ingredi
ham,I love u 2 my little pocy bell I am sorry but I love u,0,54,15,1,love littl poci bell sorri love
ham,"Ok omw now, you at castor?",0,26,6,2,ok omw castor
ham,Yar lor... Keep raining non stop... Or u wan 2 go elsewhere?,0,60,12,4,yar lor keep rain non stop wan go elsewher
spam,"Xmas Offer! Latest Motorola, SonyEricsson & Nokia & FREE Bluetooth or DVD! Double Mins & 1000 Txt on Orange. Call MobileUpd8 on 08000839402 or call2optout/4QF2",1,159,25,4,xma offer latest motorola sonyericsson nokia free bluetooth dvd doubl min txt orang call mobileupd call optout qf
ham,What u mean u almost done? Done wif sleeping? But i tot u going to take a nap.. Yup i send her liao so i'm picking her up at ard 4 smth lor..,0,141,33,5,mean almost done done wif sleep tot go take nap yup send liao im pick ard smth lor
ham,"Tonight? Yeah, I'd be down for that",0,35,7,2,tonight yeah id
ham,What should i eat fo lunch senor,0,32,7,1,eat fo lunch senor
ham,"He said that he had a right giggle when he saw u again! You would possibly be the first person2die from NVQ, but think how much you could for!",0,142,29,3,said right giggl saw would possibl first person die nvq think much could
ham,No break time one... How... I come out n get my stuff fr ü?,0,59,14,4,break time one come get stuff fr
spam,Reply to win £100 weekly! What professional sport does Tiger Woods play? Send STOP to 87239 to end service,1,106,19,3,repli win weekli profession sport tiger wood play send stop end servic
ham,"I'm there and I can see you, but you can't see me ? Maybe you should reboot ym ? I seen the buzz",0,96,23,3,im see cant see mayb reboot ym seen buzz
ham,Do you still have the grinder?,0,30,6,2,still grinder
spam,No 1 POLYPHONIC tone 4 ur mob every week! Just txt PT2 to 87575. 1st Tone FREE ! so get txtin now and tell ur friends. 150p/tone. 16 reply HL 4info,1,147,31,6,polyphon tone ur mob everi week txt pt st tone free get txtin tell ur friend ptone repli hl info
ham,K.i did't see you.:)k:)where are you now?,0,41,7,4,ki didt see youkwher
ham,So i'm doing a list of buyers.,0,30,7,2,im list buyer
ham,"No idea, I guess we'll work that out an hour after we're supposed to leave since as usual nobody has any interest in figuring shit out before the last second",0,157,30,1,idea guess well work hour suppos leav sinc usual nobodi interest figur shit last second
ham,Mm not entirely sure i understood that text but hey. Ho. Which weekend?,0,71,13,4,mm entir sure understood text hey ho weekend
ham,They released vday shirts and when u put it on it makes your bottom half naked instead of those white underwear.,0,112,21,2,releas vday shirt put make bottom half nake instead white underwear
ham,Don know..he is watching film in computer..,0,43,7,3,knowh watch film comput
ham,No b4 Thursday,0,14,3,1,thursday
ham,"Oh, then your phone phoned me but it disconnected",0,49,9,1,oh phone phone disconnect
ham,Id onluy matters when getting on from offcampus,0,47,8,1,id onluy matter get offcampu
spam,This message is free. Welcome to the new & improved Sex & Dogging club! To unsubscribe from this service reply STOP. msgs@150p 18+only,1,134,23,4,messag free welcom new improv sex dog club unsubscrib servic repli stop
ham,"Excellent, I'll see what riley's plans are",0,42,7,1,excel ill see riley plan
ham,Ew are you one of them?,0,23,6,2,ew one
ham,Also hi wesley how've you been,0,30,6,1,also hi wesley howv
ham,Ah you see. You have to be in the lingo. I will let you know wot on earth it is when has finished making it!,0,108,25,4,ah see lingo let know wot earth finish make
spam,Update_Now - 12Mths Half Price Orange line rental: 400mins...Call MobileUpd8 on 08000839402 or call2optout=J5Q,1,110,14,2,updatenow mth half price orang line rental minscal mobileupd call optoutj
ham,Imagine Life WITHOUT ME... see.. How fast u are searching me?Don't worry.. l'm always there To disturb U.. Goodnoon..:),0,119,19,7,imagin life without see fast search medont worri lm alway disturb goodnoon
ham,"Hm good morning, headache anyone? :-)",0,37,6,2,hm good morn headach anyon
ham,Yeah no probs - last night is obviously catching up with you... Speak soon,0,74,14,2,yeah prob last night obvious catch speak soon
spam,FREE UNLIMITED HARDCORE PORN direct 2 your mobile Txt PORN to 69200 & get FREE access for 24 hrs then chrgd@50p per day txt Stop 2exit. This msg is free,1,152,30,2,free unlimit hardcor porn direct mobil txt porn get free access hr per day txt stop exit msg free
ham,I might go 2 sch. Yar at e salon now v boring.,0,46,12,3,might go sch yar salon bore
ham,&lt;#&gt;  mins but i had to stop somewhere first.,0,50,9,2,ltgt min stop somewher first
ham,"&lt;#&gt;  is fast approaching. So, Wish u a very Happy New Year Happy Sankranti Happy republic day Happy Valentines Day Happy Shivratri Happy Ugadi Happy Fools day Happy May Day Happy Independence Day, Happy Friendship,Mother,Father,Teachers,Childrens Day, &amp; HAPPY BIRTHDAY 4 U. Happy Ganesh festival Happy Dasara Happy Diwali Happy Christmas  &lt;#&gt;  Good Mornings Afternoons, Evenings Nights. RememberI AM the first to WISHING U ALL THESE...your's Raj",0,461,66,5,ltgt fast approach wish happi new year happi sankranti happi republ day happi valentin day happi shivratri happi ugadi happi fool day happi may day happi independ day happi friendshipmotherfatherteacherschildren day amp happi birthday happi ganesh festiv happi dasara happi diwali happi christma ltgt good morn afternoon even night rememberi first wish theseyour raj
ham,One of the joys in lifeis waking up each daywith thoughts that somewhereSomeone cares enough tosend a warm morning greeting.. -,0,127,21,2,one joy lifei wake daywith thought somewheresomeon care enough tosend warm morn greet
ham,I didn't get the second half of that message,0,44,9,1,didnt get second half messag
ham,Wat time do u wan 2 meet me later?,0,34,9,2,wat time wan meet later
ham,I thank you so much for all you do with selflessness. I love you plenty.,0,72,15,3,thank much selfless love plenti
ham,Am in film ill call you later.,0,30,7,2,film ill call later
ham,How dare you change my ring,0,27,6,1,dare chang ring
ham,You are a very very very very bad girl. Or lady.,0,48,11,3,bad girl ladi
ham,I love ya too but try and budget your money better babe. Gary would freak on me if he knew,0,90,20,2,love ya tri budget money better babe gari would freak knew
ham,"What part of ""don't initiate"" don't you understand",0,50,8,1,part dont initi dont understand
ham,I finished my lunch already. U wake up already?,0,47,9,3,finish lunch alreadi wake alreadi
ham,You still at the game?,0,22,5,2,still game
ham,You have got tallent but you are wasting.,0,41,8,2,got tallent wast
ham,What is your record for one night? :),0,37,8,2,record one night
ham,"Also sir, i sent you an email about how to log into the usc payment portal. I.ll send you another message that should explain how things are back home. Have a great weekend.",0,173,33,5,also sir sent email log usc payment portal ill send anoth messag explain thing back home great weekend
ham,gonna let me know cos comes bak from holiday that day.  is coming. Don't4get2text me  number.,0,93,16,4,gon na let know co come bak holiday day come dont get text number
ham,Jokin only lar... :-) depends on which phone my father can get lor...,0,69,13,3,jokin lar depend phone father get lor
ham,"Aight, lemme know what's up",0,27,5,1,aight lem know what
ham,Get ready for  &lt;#&gt;  inches of pleasure...,0,47,7,2,get readi ltgt inch pleasur
ham,;-) ok. I feel like john lennon.,0,32,7,3,ok feel like john lennon
ham,Cos darren say ü considering mah so i ask ü...,0,46,10,2,co darren say consid mah ask
ham,You are not bothering me but you have to trust my answers. Pls.,0,63,13,3,bother trust answer pl
ham,One day a crab was running on the sea shore..The waves came n cleared the footprints of the crab.. Crab asked: being my frnd y r u clearing my beautiful footprints? Waves replied: A fox was following ur footprints to catch you! thats y i cleared it off:) frndsship never lets u dwn :-) GUD nyt..,0,295,56,6,one day crab run sea shoreth wave came clear footprint crab crab ask frnd clear beauti footprint wave repli fox follow ur footprint catch that clear frndsship never let dwn gud nyt
ham,Aight what time you want me to come up?,0,39,9,2,aight time want come
ham,Slaaaaave ! Where are you ? Must I summon you to me all the time now ? Don't you wish to come to me on your own anymore?,0,120,28,5,slaaaaav must summon time dont wish come anymor
ham,Your bill at 3 is £33.65 so thats not bad!,0,42,10,3,bill that bad
ham,Let me know how it changes in the next 6hrs. It can even be appendix but you are out of that age range. However its not impossible. So just chill and let me know in 6hrs,0,169,36,4,let know chang next hr even appendix age rang howev imposs chill let know hr
ham,"Hello, yeah i've just got out of the bath and need to do my hair so i'll come up when i'm done, yeah?",0,101,23,2,hello yeah ive got bath need hair ill come im done yeah
ham,So how's the weather over there?,0,32,6,2,how weather
ham,"Ok. Not much to do here though. H&M Friday, cant wait. Dunno wot the hell im gonna do for another 3 weeks! Become a slob- oh wait, already done that!",0,149,30,6,ok much though hm friday cant wait dunno wot hell im gon na anoth week becom slob oh wait alreadi done
ham,Die... Now i have e toot fringe again...,0,40,8,3,die toot fring
ham,Lol they don't know about my awesome phone. I could click delete right now if I want.,0,85,17,3,lol dont know awesom phone could click delet right want
ham,"Awesome question with a cute answer: Someone asked a boy ""how is ur life?"" . . He smiled &amp; answered: . . ""She is fine!"" Gudnite",0,131,26,7,awesom question cute answer someon ask boy ur life smile amp answer fine gudnit
ham,Please leave this topic..sorry for telling that..,0,49,7,3,pleas leav topicsorri tell
ham,Pls send me the correct name da.,0,32,7,2,pl send correct name da
ham,What happened to our yo date?,0,29,6,2,happen yo date
ham,Webpage s not available!,0,24,4,2,webpag avail
ham,Just woke up. Yeesh its late. But I didn't fall asleep til &lt;#&gt; am :/,0,74,15,3,woke yeesh late didnt fall asleep til ltgt
spam,You are now unsubscribed all services. Get tons of sexy babes or hunks straight to your phone! go to http://gotbabes.co.uk. No subscriptions.,1,141,22,7,unsubscrib servic get ton sexi babe hunk straight phone go subscript
ham,"Dear all, as we know  &lt;#&gt; th is the  &lt;#&gt; th birthday of our loving Gopalettan. We are planning to give a small gift on that day. Those who like to participate in that you are welcome. Please contact our admin team for more details",0,242,45,4,dear know ltgt th ltgt th birthday love gopalettan plan give small gift day like particip welcom pleas contact admin team detail
ham,K..k...from tomorrow onwards started ah?,0,40,5,4,kkfrom tomorrow onward start ah
ham,What u talking bout early morning? It's almost noon where your at!,0,66,12,3,talk bout earli morn almost noon
ham,Fine. Do you remember me.,0,25,5,3,fine rememb
spam,"Hi babe its Jordan, how r u? Im home from abroad and lonely, text me back if u wanna chat xxSP visionsms.com Text stop to stopCost 150p 08712400603",1,147,28,3,hi babe jordan im home abroad lone text back wan na chat xxsp visionsmscom text stop stopcost
ham,Ok. How many should i buy.,0,26,6,3,ok mani buy
ham,"Sounds good, keep me posted",0,27,5,1,sound good keep post
spam,Get a brand new mobile phone by being an agent of The Mob! Plus loads more goodies! For more info just text MAT to 87021.,1,121,25,4,get brand new mobil phone agent mob plu load goodi info text mat
ham,Ok. So april. Cant wait,0,23,5,3,ok april cant wait
ham,Boy you best get yo ass out here quick,0,38,9,1,boy best get yo as quick
ham,Ay wana meet on sat?ü wkg on sat?,0,33,8,3,ay wana meet satü wkg sat
ham,I'm now but have to wait till 2 for the bus to pick me.,0,55,14,2,im wait till bu pick
ham,Apart from the one i told you about yesterday?,0,46,9,2,apart one told yesterday
ham,Ok lor... But buy wat?,0,22,5,3,ok lor buy wat
ham,Somebody should go to andros and steal ice,0,42,8,1,somebodi go andro steal ice
ham,Don know. I did't msg him recently.,0,35,7,3,know didt msg recent
ham,Take us out shopping and Mark will distract Isaiah.=D,0,53,9,2,take u shop mark distract isaiahd
ham,"Mum, hope you are having a great day. Hoping this text meets you well and full of life. Have a great day. Abiola",0,112,23,4,mum hope great day hope text meet well full life great day abiola
ham,There is no sense in my foot and penis.,0,39,9,2,sens foot peni
ham,Okay but i thought you were the expert,0,38,8,1,okay thought expert
ham,*deep sigh* ... I miss you :-( ... I am really surprised you haven't gone to the net cafe yet to get to me ... Don't you miss me?,0,129,29,5,deep sigh miss realli surpris havent gone net cafe yet get dont miss
ham,S.s:)i thinl role is like sachin.just standing. Others have to hit.,0,67,11,5,ssi thinl role like sachinjust stand other hit
ham,Have a great trip to India. And bring the light to everyone not just with the project but with everyone that is lucky to see you smile. Bye. Abiola,0,147,29,4,great trip india bring light everyon project everyon lucki see smile bye abiola
ham,"And very importantly, all we discuss is between u and i only.",0,61,12,2,importantli discu
ham,K..k:)how about your training process?,0,38,5,3,kkhow train process
ham,Ok lor. I ned 2 go toa payoh 4 a while 2 return smth u wan 2 send me there or wat?,0,82,22,3,ok lor ned go toa payoh return smth wan send wat
ham,In da car park,0,14,4,1,da car park
ham,I wish that I was with you. Holding you tightly. Making you see how important you are. How much you mean to me ... How much I need you ... In my life ...,0,153,34,7,wish hold tightli make see import much mean much need life
ham,So i asked how's anthony. Dad. And your bf,0,42,9,3,ask how anthoni dad bf
ham,"'Wnevr i wana fal in luv vth my books, My bed fals in luv vth me..!'' . Yen madodu, nav pretsorginta, nammanna pretsovru important alwa....!!:) Gud eveB-).",0,155,27,5,wnevr wana fal luv vth book bed fal luv vth yen madodu nav pretsorginta nammanna pretsovru import alwa gud eveb
ham,Am going to take bath ill place the key in window:-),0,52,11,1,go take bath ill place key window
spam,LORD OF THE RINGS:RETURN OF THE KING in store NOW!REPLY LOTR by 2 June 4 Chance 2 WIN LOTR soundtrack CDs StdTxtRate. Reply STOP to end txts,1,140,27,3,lord ringsreturn king store nowrepli lotr june chanc win lotr soundtrack cd stdtxtrate repli stop end txt
ham,"Dear, take care. I am just reaching home.love u a lot.",0,54,11,4,dear take care reach homelov lot
ham,staff.science.nus.edu.sg/~phyhcmk/teaching/pc1323,0,49,1,5,staffsciencenusedusgphyhcmkteachingpc
ham,Have you emigrated or something? Ok maybe 5.30 was a bit hopeful...,0,67,12,4,emigr someth ok mayb bit hope
ham,Olol i printed out a forum post by a guy with the exact same  prob which was fixed with a gpu replacement. Hopefully they dont ignore that.,0,139,27,3,olol print forum post guy exact prob fix gpu replac hope dont ignor
ham,We walked from my moms. Right on stagwood pass right on winterstone left on victors hill. Address is &lt;#&gt;,0,110,19,3,walk mom right stagwood pa right winterston left victor hill address ltgt
ham,"Yo, you at jp and hungry like a mofo?",0,37,9,2,yo jp hungri like mofo
ham,This is all just creepy and crazy to me.,0,40,9,2,creepi crazi
ham,Ok... I din get ur msg...,0,25,6,3,ok din get ur msg
ham,Pathaya enketa maraikara pa',0,28,4,1,pathaya enketa maraikara pa
ham,Even if he my friend he is a priest call him now,0,48,12,1,even friend priest call
ham,"U so lousy, run already come back then half dead... Hee...",0,58,11,3,lousi run alreadi come back half dead hee
ham,That's y i said it's bad dat all e gals know u... Wat u doing now?,0,66,16,3,that said bad dat gal know wat
ham,Or remind me in a few hrs.,0,26,7,2,remind hr
ham,"I had been hoping i would not have to send you this message. My rent is due and i dont have enough for it. My reserves are completely gone. Its a loan i need and was hoping you could her. The balance is  &lt;#&gt; . Is there a way i could get that from you, till mid march when i hope to pay back.",0,297,64,7,hope would send messag rent due dont enough reserv complet gone loan need hope could balanc ltgt way could get till mid march hope pay back
ham,Hi. Happy New Year. I dont mean to intrude but can you pls let me know how much tuition you paid last semester and how much this semester is. Thanks,0,148,30,4,hi happi new year dont mean intrud pl let know much tuition paid last semest much semest thank
ham,Hello hun how ru? Its here by the way. Im good. Been on 2 dates with that guy i met in walkabout so far. We have to meet up soon. Hows everyone else?,0,149,33,7,hello hun ru way im good date guy met walkabout far meet soon how everyon els
ham,Lol I was gonna last month. I cashed some in but I left &lt;#&gt; just in case. I was collecting more during the week cause they announced it on the blog.,0,154,31,4,lol gon na last month cash left ltgt case collect week caus announc blog
spam,Good Luck! Draw takes place 28th Feb 06. Good Luck! For removal send STOP to 87239 customer services 08708034412,1,112,19,4,good luck draw take place th feb good luck remov send stop custom servic
ham,"Short But Cute : "" Be a good person , but dont try to prove"" ..... Gud mrng...",0,78,18,3,short cute good person dont tri prove gud mrng
ham,Just haven't decided where yet eh ?,0,35,7,2,havent decid yet eh
ham,"Wat time liao, where still got.",0,31,6,2,wat time liao still got
ham,Yes watching footie but worried we're going to blow it - Phil Neville?,0,70,13,2,ye watch footi worri go blow phil nevil
ham,I wait 4 ü inside da car park...,0,32,8,2,wait insid da car park
ham,Uncle Abbey! Happy New Year. Abiola,0,35,6,3,uncl abbey happi new year abiola
ham,Now am free call me pa.,0,23,6,2,free call pa
ham,R u saying i should re order the slippers cos i had to pay for returning it.,0,76,17,2,say order slipper co pay return
ham,Stop knowing me so well!,0,24,5,2,stop know well
ham,Good evening! this is roger. How are you?,0,41,8,4,good even roger
ham,Small problem in auction:)punj now asking tiwary,0,48,7,1,small problem auctionpunj ask tiwari
ham,He telling not to tell any one. If so treat for me hi hi hi,0,59,15,2,tell tell one treat hi hi hi
spam,1st wk FREE! Gr8 tones str8 2 u each wk. Txt NOKIA ON to 8007 for Classic Nokia tones or HIT ON to 8007 for Polys. Nokia/150p Poly/200p 16+,1,139,29,4,st wk free gr tone str wk txt nokia classic nokia tone hit poli nokia poli
ham,U coming 2 pick me?,0,19,5,2,come pick
ham,Thats cool. i liked your photos. You are very sexy!,0,51,10,4,that cool like photo sexi
ham,would u fuckin believe it they didnt know i had thurs pre booked off so they re cancelled me AGAIN! that needs to b sacked,0,122,25,2,would fuckin believ didnt know thur pre book cancel need sack
ham,"Haha better late than ever, any way I could swing by?",0,53,11,2,haha better late ever way could swing
ham,Ok. But i finish at 6.,0,22,6,3,ok finish
spam,"LookAtMe!: Thanks for your purchase of a video clip from LookAtMe!, you've been charged 35p. Think you can do better? Why not send a video in a MMSto 32323.",1,156,29,6,lookatm thank purchas video clip lookatm youv charg think better send video mmsto
ham,I've been barred from all B and Q stores for life!?This twat in orange dungerees came up to me and asked if I wanted decking? So I got the first punch in!!,0,155,32,4,ive bar store lifethi twat orang dungere came ask want deck got first punch
ham,So no messages. Had food?,0,25,5,3,messag food
ham,Ok going to sleep. Hope i can meet her.,0,39,9,3,ok go sleep hope meet
ham,Can you let me know details of fri when u find out cos I'm not in tom or fri. mentionned chinese. Thanks,0,104,22,3,let know detail fri find co im tom fri mention chines thank
ham,You're right I have now that I think about it,0,45,10,1,your right think
ham,Wat r u doing now?,0,18,5,2,wat
ham,Is ur lecture over?,0,19,4,2,ur lectur
spam,sexy sexy cum and text me im wet and warm and ready for some porn! u up for some fun? THIS MSG IS FREE RECD MSGS 150P INC VAT 2 CANCEL TEXT STOP,1,144,33,3,sexi sexi cum text im wet warm readi porn fun msg free recd msg inc vat cancel text stop
ham,Customer place i will call you,0,30,6,1,custom place call
ham,Not planned yet :)going to join company on jan 5 only.don know what will happen after that.,0,91,17,3,plan yet go join compani jan onlydon know happen
ham,Boy; I love u Grl: Hogolo Boy: gold chain kodstini Grl: Agalla Boy: necklace madstini Grl: agalla Boy: Hogli 1 mutai eerulli kodthini! Grl: I love U kano;-),0,156,28,2,boy love grl hogolo boy gold chain kodstini grl agalla boy necklac madstini grl agalla boy hogli mutai eerulli kodthini grl love kano
ham,"Haha I heard that, text me when you're around",0,45,9,1,haha heard text your around
ham,I.ll get there tomorrow and send it to you,0,42,9,2,ill get tomorrow send
ham,"SHIT BABE.. THASA BIT MESSED UP.YEH, SHE SHUDVETOLD U. DID URGRAN KNOW?NEWAY, ILLSPEAK 2 U2MORO WEN IM NOT ASLEEP...",0,116,19,6,shit babe thasa bit mess upyeh shudvetold urgran knowneway illspeak moro wen im asleep
ham,Oh thats late! Well have a good night and i will give u a call tomorrow. Iam now going to go to sleep night night,0,113,25,3,oh that late well good night give call tomorrow iam go go sleep night night
ham,CHEERS U TEX MECAUSE U WEREBORED! YEAH OKDEN HUNNY R UIN WK SAT?SOUNDS LIKEYOUR HAVIN GR8FUN J! KEEP UPDAT COUNTINLOTS OF LOVEME XXXXX.,0,136,23,5,cheer tex mecaus werebor yeah okden hunni uin wk satsound likeyour havin gr fun keep updat countinlot lovem xxxxx
ham,"Sorry,  in meeting I'll call you later",0,38,7,1,sorri meet ill call later
ham,Yo! Howz u? girls never rang after india. L,0,43,9,4,yo howz girl never rang india
ham,Yeah but which is worse for i,0,29,7,1,yeah wors
ham,I tagged MY friends that you seemed to count as YOUR friends.,0,61,12,2,tag friend seem count friend
ham,Long time. You remember me today.,0,33,6,3,long time rememb today
ham,Havent shopping now lor i juz arrive only,0,41,8,1,havent shop lor juz arriv
ham,Thank u. IT BETTER WORK OUT CAUSE I WILL FEEL USED OTHERWISE,0,60,12,2,thank better work caus feel use otherwis
ham,Are you up for the challenge? I know i am :),0,44,11,2,challeng know
ham,How much did ur hdd casing cost.,0,32,7,2,much ur hdd case cost
ham,Mystery solved! Just opened my email and he's sent me another batch! Isn't he a sweetie,0,87,16,3,mysteri solv open email he sent anoth batch isnt sweeti
ham,I can't describe how lucky you are that I'm actually awake by noon,0,66,13,1,cant describ lucki im actual awak noon
spam,This is the 2nd time we have tried to contact u. U have won the £1450 prize to claim just call 09053750005 b4 310303. T&Cs/stop SMS 08718725756. 140ppm,1,151,28,4,nd time tri contact prize claim call tcsstop sm ppm
ham,Cheers for the card ... Is it that time of year already?,0,56,12,3,cheer card time year alreadi
ham,Ugh hopefully the asus ppl dont randomly do a reformat.,0,55,10,2,ugh hope asu ppl dont randomli reformat
ham,"Haven't seen my facebook, huh? Lol!",0,35,6,3,havent seen facebook huh lol
ham,"Mah b, I'll pick it up tomorrow",0,31,7,1,mah ill pick tomorrow
ham,Still otside le..u come 2morrow maga..,0,38,6,3,still otsid leu come morrow maga
ham,Do u still have plumbers tape and a wrench we could borrow?,0,59,12,2,still plumber tape wrench could borrow
spam,"Dear Voucher Holder, To claim this weeks offer, at you PC please go to http://www.e-tlp.co.uk/reward. Ts&Cs apply.",1,114,17,6,dear voucher holder claim week offer pc pleas go tsc appli
ham,It vl bcum more difficult..,0,27,5,2,vl bcum difficult
ham,Havent still waitin as usual... Ü come back sch oredi?,0,54,10,3,havent still waitin usual come back sch oredi
ham,In meeting da. I will call you,0,30,7,2,meet da call
ham,K k :-):-) then watch some films.,0,33,7,2,watch film
ham,Does cinema plus drink appeal tomo? * Is a fr thriller by director i like on at mac at 8.30.,0,92,20,4,cinema plu drink appeal tomo fr thriller director like mac
ham,There the size of elephant tablets & u shove um up ur ass!!,0,59,13,2,size eleph tablet shove um ur as
ham,"So many people seems to be special at first sight, But only very few will remain special to you till your last sight.. Maintain them till life ends.. take cr da",0,160,31,3,mani peopl seem special first sight remain special till last sight maintain till life end take cr da
ham,"My Parents, My Kidz, My Friends n My Colleagues. All screaming.. SURPRISE !! and I was waiting on the sofa.. ... ..... ' NAKED...!",0,130,24,8,parent kidz friend colleagu scream surpris wait sofa nake
ham,Dunno i juz askin cos i got a card got 20% off 4 a salon called hair sense so i tot it's da one ü cut ur hair.,0,110,28,2,dunno juz askin co got card got salon call hair sens tot da one cut ur hair
ham,Good morning pookie pie! Lol hope I didn't wake u up,0,52,11,2,good morn pooki pie lol hope didnt wake
ham,MAYBE IF YOU WOKE UP BEFORE FUCKING 3 THIS WOULDN'T BE A PROBLEM.,0,65,13,2,mayb woke fuck wouldnt problem
ham,Happy birthday to you....dear.with lots of love.rakhesh NRI,0,59,8,4,happi birthday youdearwith lot loverakhesh nri
spam,"This is the 2nd time we have tried 2 contact u. U have won the 750 Pound prize. 2 claim is easy, call 08712101358 NOW! Only 10p per min. BT-national-rate",1,153,30,5,nd time tri contact pound prize claim easi call per min btnationalr
ham,X2  &lt;#&gt; . Are you going to get that,0,41,9,2,ltgt go get
ham,Hi neva worry bout da truth coz the truth will lead me 2 ur heart. Its the least a unique person like u deserve. Sleep tight or morning,0,136,28,3,hi neva worri bout da truth coz truth lead ur heart it least uniqu person like deserv sleep tight morn
spam,UR awarded a City Break and could WIN a £200 Summer Shopping spree every WK. Txt STORE to 88039.SkilGme.TsCs087147403231Winawk!Age16+£1.50perWKsub,1,146,19,6,ur award citi break could win summer shop spree everi wk txt store skilgmetsc winawkag perwksub
ham,Is ur paper today in e morn or aft?,0,35,9,2,ur paper today morn aft
ham,I will lick up every drop :) are you ready to use your mouth as well?,0,69,16,2,lick everi drop readi use mouth well
ham,And you! Will expect you whenever you text! Hope all goes well tomo,0,67,13,3,expect whenev text hope go well tomo
ham,Great. P diddy is my neighbor and comes for toothpaste every morning,0,68,12,2,great diddi neighbor come toothpast everi morn
ham,"I av a new number,  . Wil u only use this one,ta.",0,49,12,3,av new number wil use oneta
ham,So its to be poking man everyday that they teach you in canada abi! How are you. Just saying hi.,0,96,20,4,poke man everyday teach canada abi say hi
ham,7 lor... Change 2 suntec... Wat time u coming?,0,46,9,4,lor chang suntec wat time come
ham,No de.am seeing in online shop so that i asked.,0,47,10,3,deam see onlin shop ask
ham,Just curious because my cuz asked what I was up to,0,50,11,1,curiou cuz ask
ham,Okay lor... Wah... like that def they wont let us go... Haha... What did they say in the terms and conditions?,0,110,21,6,okay lor wah like def wont let u go haha say term condit
ham,Haha... Yup hopefully  we will lose a few kg by mon. after hip hop can go orchard and weigh again,0,97,20,3,haha yup hope lose kg mon hip hop go orchard weigh
ham,She's good. How are you. Where r u working now,0,46,10,3,she good work
ham,"Oh, yes, I've just been a little under the weather so i've kind of been coccooning at home",0,90,18,1,oh ye ive littl weather ive kind coccoon home
ham,At home also.,0,13,3,2,home also
ham,This phone has the weirdest auto correct.,0,41,7,2,phone weirdest auto correct
ham,Oops my phone died and I didn't even know. Yeah I like it better.,0,65,14,3,oop phone die didnt even know yeah like better
ham,Havent mus ask if u can 1st wat. Of meet 4 lunch den u n him meet can already lor. Or u wan 2 go ask da ge 1st then confirm w me asap?,0,134,34,4,havent mu ask st wat meet lunch den meet alreadi lor wan go ask da ge st confirm asap
ham,"She said,'' do u mind if I go into the bedroom for a minute ? '' ''OK'', I sed in a sexy mood. She came out 5 minuts latr wid a cake...n My Wife,",0,145,34,4,said mind go bedroom minut ok sed sexi mood came minut latr wid caken wife
ham,"OH YEAH,AND HAV A GREAT TIME IN NEWQUAY-SEND ME A POSTCARD !1 LOOK AFTER ALL THE GIRLS WHILE IM GONE(U KNOW THE 1IM TALKIN BOUT!)xx",0,131,25,3,oh yeahand hav great time newquaysend postcard look girl im goneu know im talkin boutxx
ham,We got a divorce. Lol. She.s here,0,33,7,4,got divorc lol she
ham,What's ur pin?,0,14,3,2,what ur pin
ham,"Babe, have you got enough money to pick up bread and milk ? And I'll give you it back when you get home ?",0,105,24,3,babe got enough money pick bread milk ill give back get home
ham,I want snow. It's just freezing and windy.,0,42,8,3,want snow freez windi
spam,URGENT! We are trying to contact U. Todays draw shows that you have won a £2000 prize GUARANTEED. Call 09066358361 from land line. Claim Y87. Valid 12hrs only,1,158,28,6,urgent tri contact today draw show prize guarante call land line claim valid hr
ham,Come to mahal bus stop.. &lt;DECIMAL&gt;,0,40,6,2,come mahal bu stop ltdecimalgt
ham,Don know:)this week i'm going to tirunelvai da.,0,47,8,2,knowthi week im go tirunelvai da
ham,Me too baby! I promise to treat you well! I bet you will take good care of me...,0,80,18,4,babi promis treat well bet take good care
ham,Its like that hotel dusk game i think. You solve puzzles in a area thing,0,72,15,2,like hotel dusk game think solv puzzl area thing
spam,"Thanks for your ringtone order, reference number X29. Your mobile will be charged 4.50. Should your tone not arrive please call customer services 09065989180",1,157,24,4,thank rington order refer number mobil charg tone arriv pleas call custom servic
ham,"Hi, my love! How goes that day? Fuck, this morning I woke and dropped my cell on the way down the stairs but it seems alright ... *phews* I miss you !",0,150,32,5,hi love go day fuck morn woke drop cell way stair seem alright phew miss
ham,Well that must be a pain to catch,0,33,8,1,well must pain catch
ham,Sorry da thangam.it's my mistake.,0,33,5,3,sorri da thangamit mistak
ham,I need... Coz i never go before,0,31,7,2,need coz never go
ham,"Rose for red,red for blood,blood for heart,heart for u. But u for me.... Send tis to all ur friends.. Including me.. If u like me.. If u get back, 1-u r poor in relation! 2-u need some 1 to support 3-u r frnd 2 many 4-some1 luvs u 5+- some1 is praying god to marry u.:-) try it....",0,281,58,9,rose redr bloodblood heartheart send ti ur friend includ like get back poor relat need support frnd mani luv pray god marri tri
spam,Ur cash-balance is currently 500 pounds - to maximize ur cash-in now send COLLECT to 83600 only 150p/msg. CC: 08718720201 PO BOX 114/14 TCR/W1,1,142,24,2,ur cashbal current pound maxim ur cashin send collect pmsg cc po box tcrw
ham,"I feel like a dick because I keep sleeping through your texts and facebook messages. Sup, you in town?",0,102,19,3,feel like dick keep sleep text facebook messag sup town
ham,No plm i will come da. On the way.,0,34,9,3,plm come da way
ham,Guess he wants alone time. We could just show up and watch when they do..,0,73,15,3,guess want alon time could show watch
ham,Height of recycling: Read twice- People spend time for earning money and the same money is spent for spending time!;-) Good morning.. keep smiling:-),0,149,24,3,height recycl read twice peopl spend time earn money money spent spend time good morn keep smile
ham,Yup ü not comin :-(,0,19,5,1,yup comin
ham,"Yes, princess. Toledo.",0,22,3,3,ye princess toledo
ham,"Aight text me when you're back at mu and I'll swing by, need somebody to get the door for me",0,92,20,1,aight text your back mu ill swing need somebodi get door
ham,Ron say fri leh. N he said ding tai feng cant make reservations. But he said wait lor.,0,86,18,4,ron say fri leh said ding tai feng cant make reserv said wait lor
ham,Good. No swimsuit allowed :),0,28,5,2,good swimsuit allow
ham,Am okay. Will soon be over. All the best,0,40,9,3,okay soon best
ham,"A cute thought for friendship: ""Its not necessary to share every secret with ur close Frnd, but watever u shared should be true""....",0,132,23,2,cute thought friendship necessari share everi secret ur close frnd watev share true
ham,Ok i've sent u da latest version of da project.,0,47,10,2,ok ive sent da latest version da project
ham,Pls accept me for one day. Or am begging you change the number.,0,63,13,3,pl accept one day beg chang number
ham,Squeeeeeze!! This is christmas hug.. If u lik my frndshp den hug me back.. If u get 3 u r cute:) 6 u r luvd:* 9 u r so lucky;) None? People hate u:,0,147,34,5,squeeeeez christma hug lik frndshp den hug back get cute luvd lucki none peopl hate
ham,"Its ok, if anybody asks abt me, u tel them..:-P",0,47,10,2,ok anybodi ask abt tel themp
ham,"Funny fact Nobody teaches volcanoes 2 erupt, tsunamis 2 arise, hurricanes 2 sway aroundn no 1 teaches hw 2 choose a wife Natural disasters just happens",0,151,26,1,funni fact nobodi teach volcano erupt tsunami aris hurrican sway aroundn teach hw choos wife natur disast happen
ham,* You gonna ring this weekend or wot?,0,37,8,2,gon na ring weekend wot
ham,Also track down any lighters you can find,0,41,8,1,also track lighter find
ham,"Babe, I need your advice",0,24,5,1,babe need advic
ham,"I‘ll leave around four, ok?",0,27,5,2,leav around four ok
ham,Come to medical college at 7pm ......forward it da,0,50,9,2,come medic colleg pm forward da
ham,K:)k..its good:)when are you going?,0,35,5,3,kkit goodwhen go
ham,I can make lasagna for you... vodka...,0,38,7,3,make lasagna vodka
ham,HI ITS KATE CAN U GIVE ME A RING ASAP XXX,0,41,11,1,hi kate give ring asap xxx
ham,Who were those people ? Were you in a tour ? I thought you were doing that sofa thing you sent me ? Your curious sugar,0,118,26,4,peopl tour thought sofa thing sent curiou sugar
ham,"No, but you told me you were going, before you got drunk!",0,57,12,2,told go got drunk
ham,He fucking chickened out. He messaged me he would be late and woould buzz me and then I didn't hear a word from him,0,115,24,2,fuck chicken messag would late woould buzz didnt hear word
spam,"Congratulations! Thanks to a good friend U have WON the £2,000 Xmas prize. 2 claim is easy, just call 08718726978 NOW! Only 10p per minute. BT-national-rate",1,156,26,5,congratul thank good friend xma prize claim easi call per minut btnationalr
ham,I'm always looking for an excuse to be in the city.,0,51,11,2,im alway look excus citi
ham,Yup i'm still having coffee wif my frens... My fren drove she'll give me a lift...,0,82,16,3,yup im still coffe wif fren fren drove shell give lift
ham,O shore are you takin the bus,0,29,7,1,shore takin bu
ham,So u gonna get deus ex?,0,23,6,2,gon na get deu ex
ham,I will send them to your email. Do you mind  &lt;#&gt;  times per night?,0,72,14,3,send email mind ltgt time per night
spam,"44 7732584351, Do you want a New Nokia 3510i colour phone DeliveredTomorrow? With 300 free minutes to any mobile + 100 free texts + Free Camcorder reply or call 08000930705.",1,173,30,3,want new nokia colour phone deliveredtomorrow free minut mobil free text free camcord repli call
ham,tap & spile at seven. * Is that pub on gas st off broad st by canal. Ok?,0,72,18,4,tap spile seven pub ga st broad st canal ok
ham,Ok then i come n pick u at engin?,0,33,9,2,ok come pick engin
ham,Which is why i never wanted to tell you any of this. Which is why i'm so short with you and on-edge as of late.,0,111,25,3,never want tell im short onedg late
ham,Raviyog Peripherals bhayandar east,0,34,4,1,raviyog peripher bhayandar east
ham,K actually can you guys meet me at the sunoco on howard? It should be right on the way,0,86,19,2,actual guy meet sunoco howard right way
ham,"MOON has come to color your dreams, STARS to make them musical and my SMS to give you warm and Peaceful Sleep. Good Night",0,121,24,2,moon come color dream star make music sm give warm peac sleep good night
ham,Just finished eating. Got u a plate. NOT leftovers this time.,0,61,11,4,finish eat got plate leftov time
ham,Thanx a lot...,0,14,3,2,thanx lot
ham,Hurry home u big butt. Hang up on your last caller if u have to. Food is done and I'm starving. Don't ask what I cooked.,0,120,26,5,hurri home big butt hang last caller food done im starv dont ask cook
ham,Lol your right. What diet? Everyday I cheat anyway. I'm meant to be a fatty :(,0,78,16,4,lol right diet everyday cheat anyway im meant fatti
ham,Its a great day. Do have yourself a beautiful one.,0,50,10,3,great day beauti one
ham,What happened in interview?,0,27,4,2,happen interview
ham,Badrith is only for chennai:)i will surely pick for us:)no competition for him.,0,79,13,2,badrith chennaii sure pick usno competit
ham,I tot it's my group mate... Lucky i havent reply... Wat time do ü need to leave...,0,82,17,4,tot group mate lucki havent repli wat time need leav
ham,Hey you around? I've got enough for a half + the ten I owe you,0,62,15,2,hey around ive got enough half ten owe
ham,Hey tmr maybe can meet you at yck,0,33,8,1,hey tmr mayb meet yck
ham,ALRITE SAM ITS NIC JUST CHECKIN THAT THIS IS UR NUMBER-SO IS IT?T.B*,0,68,13,3,alrit sam nic checkin ur numberso ittb
ham,They are just making it easy to pay back. I have  &lt;#&gt; yrs to say but i can pay back earlier. You get?,0,107,23,4,make easi pay back ltgt yr say pay back earlier get
ham,Not to worry. I'm sure you'll get it.,0,37,8,3,worri im sure youll get
ham,"The gas station is like a block away from my house, you'll drive right by it since armenia ends at swann and you have to take howard",0,132,27,1,ga station like block away hous youll drive right sinc armenia end swann take howard
spam,"Someone U know has asked our dating service 2 contact you! Cant Guess who? CALL 09058097189 NOW all will be revealed. POBox 6, LS15HB 150p",1,138,25,4,someon know ask date servic contact cant guess call reveal pobox l hb
spam,Camera - You are awarded a SiPix Digital Camera! call 09061221066 fromm landline. Delivery within 28 days,1,105,17,3,camera award sipix digit camera call fromm landlin deliveri within day
ham,My tuition is at 330. Hm we go for the 1120 to 1205 one? Do you mind?,0,69,17,4,tuition hm go one mind
ham,"I'm not smoking while people use ""wylie smokes too much"" to justify ruining my shit",0,83,15,1,im smoke peopl use wyli smoke much justifi ruin shit
ham,Dear good morning how you feeling dear,0,38,7,1,dear good morn feel dear
ham,A little. Meds say take once every 8 hours. It's only been 5 but pain is back. So I took another. Hope I don't die,0,114,25,5,littl med say take everi hour pain back took anoth hope dont die
ham,"Beautiful tomorrow never comes.. When it comes, it's already TODAY.. In the hunt of beautiful tomorrow don't waste your wonderful TODAY.. GOODMORNING:)",0,151,22,4,beauti tomorrow never come come alreadi today hunt beauti tomorrow dont wast wonder today goodmorn
ham,Dunno lei ü all decide lor. How abt leona? Oops i tot ben is going n i msg him.,0,79,19,4,dunno lei decid lor abt leona oop tot ben go msg
ham,Hi there. We have now moved in2 our pub . Would be great 2 c u if u cud come up.,0,80,21,4,hi move pub would great cud come
spam,Todays Voda numbers ending 5226 are selected to receive a ?350 award. If you hava a match please call 08712300220 quoting claim code 1131 standard rates app,1,156,27,3,today voda number end select receiv award hava match pleas call quot claim code standard rate app
spam,This message is free. Welcome to the new & improved Sex & Dogging club! To unsubscribe from this service reply STOP. msgs@150p 18 only,1,134,24,4,messag free welcom new improv sex dog club unsubscrib servic repli stop
ham,Just do what ever is easier for you,0,35,8,1,ever easier
spam,RCT' THNQ Adrian for U text. Rgds Vatian,1,40,8,2,rct thnq adrian text rgd vatian
ham,Stop calling everyone saying I might have cancer. My throat hurts to talk. I can't be answering everyones calls. If I get one more call I'm not babysitting on Monday,0,165,30,4,stop call everyon say might cancer throat hurt talk cant answer everyon call get one call im babysit monday
ham,"It'll be tough, but I'll do what I have to",0,42,10,1,itll tough ill
ham,IM GONNAMISSU SO MUCH!!I WOULD SAY IL SEND U A POSTCARD BUTTHERES ABOUTAS MUCH CHANCE OF MEREMEMBERIN ASTHERE IS OFSI NOT BREAKIN HIS CONTRACT!! LUV Yaxx,0,153,26,3,im gonnamissu muchi would say il send postcard butther abouta much chanc merememberin asther ofsi breakin contract luv yaxx
ham,Ee msg na poortiyagi odalebeku: Hanumanji 7 name 1-Hanuman 2-Bajarangabali 3-Maruti 4-Pavanaputra 5-Sankatmochan 6-Ramaduth 7-Mahaveer ee 7 name  &lt;#&gt;  janarige ivatte kalisidare next saturday olage ondu good news keluviri...! Maretare inde 1 dodda problum nalli siguviri idu matra  &lt;#&gt; % true.. Don't neglet.,0,320,43,4,ee msg na poortiyagi odalebeku hanumanji name hanuman bajarangabali maruti pavanaputra sankatmochan ramaduth mahav ee name ltgt janarig ivatt kalisidar next saturday olag ondu good news keluviri maretar ind dodda problum nalli siguviri idu matra ltgt true dont neglet
ham,HI DARLIN I FINISH AT 3 DO U 1 2 PICK ME UP OR MEET ME? TEXT BACK ON THIS NUMBER LUV KATE XXX,0,93,24,2,hi darlin finish pick meet text back number luv kate xxx
ham,"Set a place for me in your heart and not in your mind, as the mind easily forgets but the heart will always remember. Wish you Happy Valentines Day!",0,148,29,3,set place heart mind mind easili forget heart alway rememb wish happi valentin day
ham,But i'm surprised she still can guess right lor...,0,50,9,2,im surpris still guess right lor
ham,Okie ü wan meet at bishan? Cos me at bishan now. I'm not driving today.,0,71,15,4,oki wan meet bishan co bishan im drive today
ham,HI DARLIN HOW WAS WORK DID U GET INTO TROUBLE? IJUST TALKED TO YOUR MUM ALL MORNING! I HAD A REALLY GOOD TIME LAST NIGHT IM GOIN OUT SOON BUT CALL ME IF U CAN,0,158,35,3,hi darlin work get troubl ijust talk mum morn realli good time last night im goin soon call
ham,I know you are serving. I mean what are you doing now.,0,54,12,3,know serv mean
ham,"Huh... Hyde park not in mel ah, opps, got confused... Anyway, if tt's e best choice den we juz have to take it...",0,113,23,4,huh hyde park mel ah opp got confus anyway tt best choic den juz take
ham,Oh gei. That happend to me in tron. Maybe ill dl it in 3d when its out,0,70,17,3,oh gei happend tron mayb ill dl
ham,I know girls always safe and selfish know i got it pa. Thank you. good night.,0,77,16,4,know girl alway safe selfish know got pa thank good night
ham,"No worries, hope photo shoot went well. have a spiffing fun at workage.",0,71,13,3,worri hope photo shoot went well spif fun workag
ham,I'm freezing and craving ice. Fml,0,33,6,2,im freez crave ice fml
ham,Kay... Since we are out already,0,31,6,2,kay sinc alreadi
ham,Eh sorry leh... I din c ur msg. Not sad already lar. Me watching tv now. U still in office?,0,91,20,6,eh sorri leh din ur msg sad alreadi lar watch tv still offic
ham,Yo im right by yo work,0,22,6,1,yo im right yo work
ham,Ok darlin i supose it was ok i just worry too much.i have to do some film stuff my mate and then have to babysit again! But you can call me there.xx,0,148,32,4,ok darlin supos ok worri muchi film stuff mate babysit call therexx
ham,I don wake since. I checked that stuff and saw that its true no available spaces. Pls call the embassy or send a mail to them.,0,126,26,4,wake sinc check stuff saw true avail space pl call embassi send mail
ham,Nope... Juz off from work...,0,28,5,3,nope juz work
ham,Huh so fast... Dat means u havent finished painting?,0,52,9,3,huh fast dat mean havent finish paint
ham,what number do u live at? Is it 11?,0,35,9,3,number live
ham,"No we put party 7 days a week and study lightly, I think we need to draw in some custom checkboxes so they know we're hardcore",0,126,26,1,put parti day week studi lightli think need draw custom checkbox know hardcor
ham,Sac will score big hundred.he is set batsman:-),0,47,8,2,sac score big hundredh set batsman
ham,Send me yetty's number pls.,0,27,5,2,send yetti number pl
ham,How much it will cost approx . Per month.,0,41,9,3,much cost approx per month
ham,Ok... The theory test? when are ü going to book? I think it's on 21 may. Coz thought wanna go out with jiayin. But she isnt free,0,128,27,6,ok theori test go book think may coz thought wan na go jiayin isnt free
spam,"You are being contacted by our dating service by someone you know! To find out who it is, call from a land line 09050000928. PoBox45W2TG150P",1,140,25,3,contact date servic someon know find call land line pobox tg
ham,"That's fine, have him give me a call if he knows what he wants or has any questions",0,83,18,1,that fine give call know want question
ham,"Sorry, got a late start, we're on the way",0,41,9,1,sorri got late start way
ham,Then u go back urself lor...,0,28,6,2,go back urself lor
ham,I AM AT THE GAS STATION. GO THERE.,0,34,8,3,ga station go
ham,"K, if u bored up just come to my home..",0,39,10,2,bore come home
ham,Babe !!!! I LOVE YOU !!!! *covers your face in kisses*,0,54,11,3,babe love cover face kiss
ham,"Like I made him throw up when we were smoking in our friend's car one time, it was awesome",0,90,19,1,like made throw smoke friend car one time awesom
ham,Still i have not checked it da. . .,0,35,9,4,still check da
ham,You will go to walmart. I.ll stay.,0,34,7,4,go walmart ill stay
ham,"I haven't forgotten you, i might have a couple bucks to send you tomorrow, k? I love ya too",0,91,19,2,havent forgotten might coupl buck send tomorrow love ya
ham,Oh great. I.ll disturb him more so that we can talk.,0,52,11,4,oh great ill disturb talk
ham,Reverse is cheating. That is not mathematics.,0,45,7,3,revers cheat mathemat
ham,U're welcome... Caught u using broken english again...,0,54,8,3,ure welcom caught use broken english
ham,No problem baby. Is this is a good time to talk? I called and left a message.,0,77,17,4,problem babi good time talk call left messag
ham,Oh is it! Which brand?,0,22,5,3,oh brand
ham,Sorry i cant take your call right now. It so happens that there r 2waxsto do wat you want. She can come and ill get her medical insurance. And she'll be able to deliver and have basic care. I'm currently shopping for the right medical insurance for her. So just give me til friday morning. Thats when i.ll see the major person that can guide me to the right insurance.,0,368,70,9,sorri cant take call right happen waxsto wat want come ill get medic insur shell abl deliv basic care im current shop right medic insur give til friday morn that ill see major person guid right insur
ham,At what time are you coming.,0,28,6,2,time come
ham,Call him and say you not coming today ok and tell them not to fool me like this ok,0,82,19,1,call say come today ok tell fool like ok
ham,I emailed yifeng my part oredi.. Can ü get it fr him..,0,54,12,3,email yifeng part oredi get fr
ham,R u sure they'll understand that! Wine * good idea just had a slurp!,0,68,14,3,sure theyll understand wine good idea slurp
ham,Minimum walk is 3miles a day.,0,29,6,2,minimum walk mile day
ham,Ok not a problem will get them a taxi. C ing  tomorrow and tuesday. On tuesday think we r all going to the cinema.,0,114,24,4,ok problem get taxi ing tomorrow tuesday tuesday think go cinema
ham,"Brainless Baby Doll..:-D;-), vehicle sariyag drive madoke barolla..",0,67,8,3,brainless babi dolld vehicl sariyag drive madok barolla
spam,Sorry I missed your call let's talk when you have the time. I'm on 07090201529,1,78,15,2,sorri miss call let talk time im
ham,Please attend the phone:),0,25,4,1,pleas attend phone
ham,You only hate me. You can call any but you didnt accept even a single call of mine. Or even you messaged,0,104,22,3,hate call didnt accept even singl call mine even messag
ham,No messages on her phone. I'm holding it now,0,44,9,2,messag phone im hold
ham,Can... I'm free...,0,18,3,3,im free
ham,"Yo my trip got postponed, you still stocked up?",0,47,9,2,yo trip got postpon still stock
ham,I am waiting for your call sir.,0,31,7,2,wait call sir
ham,Hey what are you doing. Y no reply pa..,0,39,9,3,hey repli pa
ham,"Hey elaine, is today's meeting still on?",0,40,7,2,hey elain today meet still
ham,Sorry i've not gone to that place. I.ll do so tomorrow. Really sorry.,0,69,13,5,sorri ive gone place ill tomorrow realli sorri
ham,Most of the tiime when i don't let you hug me it's so i don't break into tears.,0,79,18,2,tiim dont let hug dont break tear
ham,Tomorrow i am not going to theatre. . . So i can come wherever u call me. . . Tell me where and when to come tomorrow,0,117,27,7,tomorrow go theatr come wherev call tell come tomorrow
ham,And now electricity just went out fml.,0,38,7,2,electr went fml
ham,"Looks like you found something to do other than smoke, great job!",0,65,12,2,look like found someth smoke great job
ham,Also andros ice etc etc,0,23,5,1,also andro ice etc etc
ham,"Good afternon, my love. How are today? I hope your good and maybe have some interviews. I wake and miss you babe. A passionate kiss from across the sea",0,151,29,5,good afternon love today hope good mayb interview wake miss babe passion kiss across sea
ham,Yup. Wun believe wat? U really neva c e msg i sent shuhui?,0,58,13,4,yup wun believ wat realli neva msg sent shuhui
ham,Hows that watch resizing,0,24,4,1,how watch resiz
ham,Dear umma she called me now :-),0,31,7,1,dear umma call
ham,Just finished. Missing you plenty,0,33,5,2,finish miss plenti
spam,"complimentary 4 STAR Ibiza Holiday or £10,000 cash needs your URGENT collection. 09066364349 NOW from Landline not to lose out! Box434SK38WP150PPM18+",1,149,21,3,complimentari star ibiza holiday cash need urgent collect landlin lose box sk wp ppm
ham,"Well, I meant as opposed to my drunken night of before",0,54,11,1,well meant oppos drunken night
ham,K... Must book a not huh? so going for yoga basic on sunday?,0,60,13,4,must book huh go yoga basic sunday
spam,FREE MSG:We billed your mobile number by mistake from shortcode 83332.Please call 08081263000 to have charges refunded.This call will be free from a BT landline,1,160,25,3,free msgwe bill mobil number mistak shortcod pleas call charg refundedthi call free bt landlin
ham,Ok can...,0,9,2,2,ok
ham,"Oops - am at my mum's in somerset... Bit far! Back tomo, see you soon x",0,71,16,3,oop mum somerset bit far back tomo see soon
ham,So u workin overtime nigpun?,0,28,5,2,workin overtim nigpun
ham,Same as kallis dismissial in 2nd test:-).,0,41,7,2,kalli dismissi nd test
ham,O. Guess they both got screwd,0,29,6,2,guess got screwd
spam,Please CALL 08712402972 immediately as there is an urgent message waiting for you,1,81,13,1,pleas call immedi urgent messag wait
ham,What r u cooking me for dinner?,0,31,7,2,cook dinner
ham,Bull. Your plan was to go floating off to IKEA with me without a care in the world. So i have to live with your mess another day.,0,129,28,4,bull plan go float ikea without care world live mess anoth day
ham,Then i buy.,0,11,3,2,buy
spam,URGENT! Your Mobile number has been awarded with a £2000 Bonus Caller Prize. Call 09058095201 from land line. Valid 12hrs only,1,126,21,4,urgent mobil number award bonu caller prize call land line valid hr
ham,Heehee that was so funny tho,0,28,6,1,heehe funni tho
ham,It only does simple arithmetic not percentages.,0,47,7,2,simpl arithmet percentag
ham,"Yeah we wouldn't leave for an hour at least, how's 4 sound?",0,59,12,2,yeah wouldnt leav hour least how sound
ham,Thanks honey. Have a great day.,0,31,6,3,thank honey great day
ham,"'An Amazing Quote'' - ""Sometimes in life its difficult to decide whats wrong!! a lie that brings a smile or the truth that brings a tear....""",0,141,26,3,amaz quot sometim life difficult decid what wrong lie bring smile truth bring tear
ham,Then ü ask dad to pick ü up lar... Ü wan 2 stay until 6 meh...,0,62,16,3,ask dad pick lar wan stay meh
ham,"Jus chillaxin, what up",0,22,4,1,ju chillaxin
ham,HEY DAS COOL... IKNOW ALL 2 WELLDA PERIL OF STUDENTFINANCIAL CRISIS!SPK 2 U L8R.,0,80,14,4,hey da cool iknow wellda peril studentfinanci crisisspk
spam,Do you want a New Nokia 3510i colour phone DeliveredTomorrow? With 300 free minutes to any mobile + 100 free texts + Free Camcorder reply or call 08000930705,1,157,28,2,want new nokia colour phone deliveredtomorrow free minut mobil free text free camcord repli call
ham,"Whats that coming over the hill..... Is it a monster! Hope you have a great day. Things r going fine here, busy though!",0,119,23,5,what come hill monster hope great day thing go fine busi though
ham,Joy's father is John. Then John is the ____ of Joy's father. If u ans ths you hav  &lt;#&gt;  IQ. Tis s IAS question try to answer.,0,131,27,5,joy father john john joy father an th hav ltgt iq ti ia question tri answer
ham,Only once then after ill obey all yours.,0,40,8,2,ill obey
ham,No she didnt. I will search online and let you know.,0,52,11,3,didnt search onlin let know
ham,Where do you need to go to get it?,0,34,9,2,need go get
ham,No pic. Please re-send.,0,23,4,3,pic pleas resend
ham,Uhhhhrmm isnt having tb test bad when youre sick,0,48,9,1,uhhhhrmm isnt tb test bad your sick
ham,But i haf enuff space got like 4 mb...,0,38,9,2,haf enuff space got like mb
spam,LIFE has never been this much fun and great until you came in. You made it truly special for me. I won't forget you! enjoy @ one gbp/sms,1,136,28,4,life never much fun great came made truli special wont forget enjoy one gbpsm
spam,Do you want a new Video phone? 600 anytime any network mins 400 Inclusive Video calls AND downloads 5 per week Free delTOMORROW call 08002888812 or reply NOW,1,157,28,2,want new video phone anytim network min inclus video call download per week free deltomorrow call repli
spam,"As a valued customer, I am pleased to advise you that following recent review of your Mob No. you are awarded with a £1500 Bonus Prize, call 09066368470",1,152,28,2,valu custom pleas advis follow recent review mob award bonu prize call
spam,Welcome! Please reply with your AGE and GENDER to begin. e.g 24M,1,64,12,4,welcom pleas repli age gender begin eg
spam,Freemsg: 1-month unlimited free calls! Activate SmartCall Txt: CALL to No: 68866. Subscriptn3gbp/wk unlimited calls Help: 08448714184 Stop?txt stop landlineonly,1,160,20,4,freemsg month unlimit free call activ smartcal txt call subscriptn gbpwk unlimit call help stoptxt stop landlineonli
spam,Had your mobile 10 mths? Update to latest Orange camera/video phones for FREE. Save £s with Free texts/weekend calls. Text YES for a callback orno to opt out,1,157,28,4,mobil mth updat latest orang cameravideo phone free save £s free textsweekend call text ye callback orno opt
spam,Am new 2 club & dont fink we met yet Will B gr8 2 C U Please leave msg 2day wiv ur area 09099726553 reply promised CARLIE x Calls£1/minMobsmore LKPOBOX177HP51FL,1,160,30,1,new club dont fink met yet gr pleas leav msg day wiv ur area repli promis carli calls£ minmobsmor lkpobox hp fl
ham,True. Its easier with her here.,0,31,6,3,true easier
ham,Sure but since my parents will be working on Tuesday I don't really need a cover story,0,86,17,1,sure sinc parent work tuesday dont realli need cover stori
ham,Haha okay... Today weekend leh...,0,33,5,3,haha okay today weekend leh
ham,Hi darlin did youPhone me? Im atHome if youwanna chat.,0,54,10,3,hi darlin youphon im athom youwanna chat
ham,I don't know jack shit about anything or i'd say/ask something helpful but if you want you can pretend that I did and just text me whatever in response to the hypotheticalhuagauahahuagahyuhagga,0,193,32,1,dont know jack shit anyth id sayask someth help want pretend text whatev respons hypotheticalhuagauahahuagahyuhagga
ham,You've always been the brainy one.,0,34,6,2,youv alway braini one
ham,Yeah if we do have to get a random dude we need to change our info sheets to PARTY  &lt;#&gt; /7 NEVER STUDY just to be safe,0,124,27,1,yeah get random dude need chang info sheet parti ltgt never studi safe
spam,Camera - You are awarded a SiPix Digital Camera! call 09061221066 fromm landline. Delivery within 28 days.,1,106,17,4,camera award sipix digit camera call fromm landlin deliveri within day
ham,"Christmas is An occasion that is Celebrated as a Reflection of UR... Values..., Desires..., Affections...&amp; Traditions.... Have an ideal Christmas...",0,152,20,7,christma occas celebr reflect ur valu desir affectionsamp tradit ideal christma
ham,Sending you greetings of joy and happiness. Do have a gr8 evening,0,65,12,2,send greet joy happi gr even
ham,Hi darlin i cantdo anythingtomorrow as myparents aretaking me outfor a meal. when are u free? Katexxx,0,101,17,3,hi darlin cantdo anythingtomorrow mypar aretak outfor meal free katexxx
ham,If india win or level series means this is record:),0,51,10,1,india win level seri mean record
ham,Then what about further plan?,0,29,5,2,plan
ham,Its good to hear from you,0,25,6,1,good hear
ham,"awesome, how do I deal with the gate? Charles told me last night but, uh, yeah",0,78,16,2,awesom deal gate charl told last night uh yeah
ham,What time you thinkin of goin?,0,30,6,2,time thinkin goin
spam,Get a FREE mobile video player FREE movie. To collect text GO to 89105. Its free! Extra films can be ordered t's and c's apply. 18 yrs only,1,139,28,5,get free mobil video player free movi collect text go free extra film order t c appli yr
spam,Save money on wedding lingerie at www.bridal.petticoatdreams.co.uk Choose from a superb selection with national delivery. Brought to you by WeddingFriend,1,153,20,6,save money wed lingeri choos superb select nation deliveri brought weddingfriend
ham,Your board is working fine. The issue of overheating is also reslove. But still software inst is pending. I will come around 8'o clock.,0,135,24,5,board work fine issu overh also reslov still softwar inst pend come around clock
ham,Yes but I don't care cause I know its there!,0,44,10,2,ye dont care caus know
ham,"Mon okie lor... Haha, best is cheap n gd food la, ex oso okie... Depends on whether wana eat western or chinese food... Den which u prefer...",0,141,27,5,mon oki lor haha best cheap gd food la ex oso oki depend whether wana eat western chines food den prefer
ham,Sitting ard nothing to do lor. U leh busy w work?,0,49,11,3,sit ard noth lor leh busi work
ham,Its  &lt;#&gt; k here oh. Should i send home for sale.,0,54,11,3,ltgt oh send home sale
ham,Sorry. || mail? ||,0,18,4,3,sorri mail
ham,Ya just telling abt tht incident..,0,34,6,2,ya tell abt tht incid
ham,Yes we were outside for like 2 hours. And I called my whole family to wake them up cause it started at 1 am,0,107,24,2,ye outsid like hour call whole famili wake caus start
ham,Ugh just got outta class,0,24,5,1,ugh got outta class
ham,"Nowadays people are notixiquating the laxinorficated opportunity for bambling of entropication.... Have you ever oblisingately opted ur books for the masteriastering amplikater of fidalfication? It is very champlaxigating, i think it is atrocious.. Wotz Ur Opinion???? Junna",0,274,37,5,nowaday peopl notixiqu laxinorf opportun bambl entrop ever oblising opt ur book masteriast amplikat fidalf champlaxig think atroci wotz ur opinion junna
ham,No need lar. Jus testing e phone card. Dunno network not gd i thk. Me waiting 4 my sis 2 finish bathing so i can bathe. Dun disturb u liao u cleaning ur room.,0,158,34,6,need lar ju test phone card dunno network gd thk wait si finish bath bath dun disturb liao clean ur room
ham,Ok. I.ll do you right later.,0,28,6,4,ok ill right later
ham,Have your lunch and come quickly and open the door:),0,52,10,1,lunch come quickli open door
spam,Not heard from U4 a while. Call me now am here all night with just my knickers on. Make me beg for it like U did last time 01223585236 XX Luv Nikiyu4.net,1,153,32,4,heard call night knicker make beg like last time xx luv nikiyu net
ham,I am back. Bit long cos of accident on a30. Had to divert via wadebridge.I had a brilliant weekend thanks. Speak soon. Lots of love,0,131,25,6,back bit long co accid divert via wadebridgei brilliant weekend thank speak soon lot love
ham,"K.. I yan jiu liao... Sat we can go 4 bugis vill one frm 10 to 3 den hop to parco 4 nb. Sun can go cine frm 1030 to 2, den hop to orc mrt 4 hip hop at 4...",0,155,41,5,yan jiu liao sat go bugi vill one frm den hop parco nb sun go cine frm den hop orc mrt hip hop
spam,Bloomberg -Message center +447797706009 Why wait? Apply for your future http://careers. bloomberg.com,1,101,12,4,bloomberg messag center wait appli futur bloombergcom
ham,i am seeking a lady in the street and a freak in the sheets. Is that you?,0,73,17,3,seek ladi street freak sheet
ham,My phone,0,8,2,1,phone
ham,"Haha figures, well I found the piece and priscilla's bowl",0,57,10,1,haha figur well found piec priscilla bowl
ham,"Actually fuck that, just do whatever, do find an excuse to be in tampa at some point before january though",0,106,20,1,actual fuck whatev find excus tampa point januari though
ham,yay! finally lol. i missed our cinema trip last week :-(,0,56,11,3,yay final lol miss cinema trip last week
ham,All day working day:)except saturday and sunday..,0,49,7,2,day work dayexcept saturday sunday
ham,Heart is empty without love.. Mind is empty without wisdom.. Eyes r empty without dreams &amp; Life is empty without frnds.. So Alwys Be In Touch. Good night &amp; sweet dreams,0,176,31,5,heart empti without love mind empti without wisdom eye empti without dream amp life empti without frnd alwi touch good night amp sweet dream
ham,"I think I‘m waiting for the same bus! Inform me when you get there, if you ever get there.",0,90,19,3,think wait bu inform get ever get
ham,You getting back any time soon?,0,31,6,2,get back time soon
ham,", how's things? Just a quick question.",0,38,7,3,how thing quick question
ham,"I can probably come by, everybody's done around  &lt;#&gt;  right?",0,66,10,2,probabl come everybodi done around ltgt right
ham,I got it before the new year cos yetunde said she wanted to surprise you with it but when i didnt see money i returned it mid january before the  &lt;#&gt; day return period ended.,0,180,35,2,got new year co yetund said want surpris didnt see money return mid januari ltgt day return period end
ham,I can ask around but there's not a lot in terms of mids up here,0,63,15,1,ask around there lot term mid
ham,Be sure to check your yahoo email. We sent photos yesterday,0,59,11,2,sure check yahoo email sent photo yesterday
ham,What was she looking for?,0,25,5,2,look
ham,Wherre's my boytoy ? :-(,0,24,5,2,wherr boytoy
spam,Do you want a NEW video phone750 anytime any network mins 150 text for only five pounds per week call 08000776320 now or reply for delivery tomorrow,1,148,27,1,want new video phone anytim network min text five pound per week call repli deliveri tomorrow
ham,"Hello, my love! How goes that day ? I wish your well and fine babe and hope that you find some job prospects. I miss you, boytoy ... *a teasing kiss*",0,149,31,5,hello love go day wish well fine babe hope find job prospect miss boytoy teas kiss
ham,Tell my  bad character which u Dnt lik in me. I'll try to change in  &lt;#&gt; . I ll add tat 2 my new year resolution. Waiting for ur reply.Be frank...good morning.,0,165,32,7,tell bad charact dnt lik ill tri chang ltgt add tat new year resolut wait ur replyb frankgood morn
ham,"Yeah, probably earlier than that",0,32,5,1,yeah probabl earlier
ham,Change windows logoff sound..,0,29,4,2,chang window logoff sound
ham,I'm also came to room.,0,22,5,2,im also came room
ham,Huh but i got lesson at 4 lei n i was thinkin of going to sch earlier n i tot of parkin at kent vale...,0,103,25,2,huh got lesson lei thinkin go sch earlier tot parkin kent vale
ham,I will reach office around  &lt;DECIMAL&gt; . &amp; my mobile have problem. You cann't get my voice. So call you asa i'll free,0,126,23,4,reach offic around ltdecimalgt amp mobil problem cannt get voic call asa ill free
ham,"Cool, text me when you head out",0,31,7,1,cool text head
spam,"You are being contacted by our dating service by someone you know! To find out who it is, call from a land line 09050000878. PoBox45W2TG150P",1,140,25,3,contact date servic someon know find call land line pobox tg
spam,"Wan2 win a Meet+Greet with Westlife 4 U or a m8? They are currently on what tour? 1)Unbreakable, 2)Untamed, 3)Unkempt. Text 1,2 or 3 to 83049. Cost 50p +std text",1,161,30,5,wan win meetgreet westlif current tour unbreak untam unkempt text cost std text
ham,Happy birthday... May u find ur prince charming soon n dun work too hard...,0,75,14,3,happi birthday may find ur princ charm soon dun work hard
ham,"Oh, the grand is having a bit of a party but it doesn't mention any cover charge so it's probably first come first served",0,121,24,1,oh grand bit parti doesnt mention cover charg probabl first come first serv
ham,You said to me before i went back to bed that you can't sleep for anything.,0,75,16,2,said went back bed cant sleep anyth
ham,I hope you arnt pissed off but id would really like to see you tomorrow. Love me xxxxxxxxxxxxxX,0,95,18,2,hope arnt piss id would realli like see tomorrow love xxxxxxxxxxxxxx
spam,Dorothy@kiefer.com (Bank of Granite issues Strong-Buy) EXPLOSIVE PICK FOR OUR MEMBERS *****UP OVER 300% *********** Nasdaq Symbol CDGT That is a $5.00 per..,1,156,23,4,bank granit issu strongbuy explos pick member nasdaq symbol cdgt per
ham,says the  &lt;#&gt;  year old with a man and money. I'm down to my last  &lt;#&gt; . Still waiting for that check.,0,114,22,4,say ltgt year old man money im last ltgt still wait check
ham,I will come to ur home now,0,26,7,1,come ur home
ham,Free any day but i finish at 6 on mon n thurs...,0,48,12,2,free day finish mon thur
ham,Will you be here for food,0,25,6,1,food
ham,"life alle mone,eppolum oru pole allalo",0,38,6,1,life all moneeppolum oru pole allalo
ham,Nite...,0,7,1,2,nite
ham,"Two fundamentals of cool life: ""Walk, like you are the KING""...! OR ""Walk like you Dont care,whoever is the KING""!... Gud nyt",0,125,22,3,two fundament cool life walk like king walk like dont carewhoev king gud nyt
ham,"Camera quite good, 10.1mega pixels, 3optical and 5digital dooms. Have a lovely holiday, be safe and i hope you hav a good journey! Happy new year to you both! See you in a couple of weeks!",0,188,36,6,camera quit good mega pixel optic digit doom love holiday safe hope hav good journey happi new year see coupl week
ham,Hi Petey!noim ok just wanted 2 chat coz avent spoken 2 u 4 a long time-hope ur doin alrite.have good nit at js love ya am.x,0,124,26,4,hi peteynoim ok want chat coz avent spoken long timehop ur doin alritehav good nit j love ya amx
ham,I just saw ron burgundy captaining a party boat so yeah,0,55,11,1,saw ron burgundi captain parti boat yeah
ham,I'm serious. You are in the money base,0,38,8,2,im seriou money base
ham,Already one guy loving you:-.,0,29,5,2,alreadi one guy love
ham,Staff of placement training in Amrita college.,0,46,7,2,staff placement train amrita colleg
ham,I always chat with you. In fact i need money can you raise me?,0,62,14,3,alway chat fact need money rais
ham,I'm job profile seems like bpo..,0,32,6,2,im job profil seem like bpo
ham,"Well, I was about to give up cos they all said no they didn‘t do one nighters. I persevered and found one but it is very cheap so i apologise in advance. It is just somewhere to sleep isnt it?",0,192,40,4,well give co said one nighter persev found one cheap apologis advanc somewher sleep isnt
ham,"So you think i should actually talk to him? Not call his boss in the morning? I went to this place last year and he told me where i could go and get my car fixed cheaper. He kept telling me today how much he hoped i would come back in, how he always regretted not getting my number, etc.",0,287,60,5,think actual talk call bo morn went place last year told could go get car fix cheaper kept tell today much hope would come back alway regret get number etc
ham,Are you willing to go for apps class.,0,37,8,2,will go app class
ham,Hanging out with my brother and his family,0,42,8,1,hang brother famili
ham,No it will reach by 9 only. She telling she will be there. I dont know,0,70,16,3,reach tell dont know
ham,Hey... are you going to quit soon? Xuhui and i working till end of the month,0,76,16,3,hey go quit soon xuhui work till end month
ham,"Im sorry bout last nite it wasnt ur fault it was me, spouse it was pmt or sumthin! U 4give me? I think u shldxxxx",0,114,25,3,im sorri bout last nite wasnt ur fault spous pmt sumthin give think shldxxxx
ham,Try neva mate!!,0,15,3,2,tri neva mate
ham,Yeah that'd pretty much be the best case scenario,0,49,9,1,yeah thatd pretti much best case scenario
ham,I not free today i haf 2 pick my parents up tonite...,0,53,12,2,free today haf pick parent tonit
ham,"HEY BABE! FAR 2 SPUN-OUT 2 SPK AT DA MO... DEAD 2 DA WRLD. BEEN SLEEPING ON DA SOFA ALL DAY, HAD A COOL NYTHO, TX 4 FONIN HON, CALL 2MWEN IM BK FRMCLOUD 9! J X",0,159,37,5,hey babe far spunout spk da mo dead da wrld sleep da sofa day cool nytho tx fonin hon call mwen im bk frmcloud
ham,Should i send you naughty pix? :),0,33,7,2,send naughti pix
spam,"You are a £1000 winner or Guaranteed Caller Prize, this is our Final attempt to contact you! To Claim Call 09071517866 Now! 150ppmPOBox10183BhamB64XE",1,149,23,3,winner guarante caller prize final attempt contact claim call ppmpobox bhamb xe
spam,"Xmas & New Years Eve tickets are now on sale from the club, during the day from 10am till 8pm, and on Thurs, Fri & Sat night this week. They're selling fast!",1,157,32,3,xma new year eve ticket sale club day till pm thur fri sat night week theyr sell fast
ham,"Tyler (getting an 8th) has to leave not long after 9, can you get here in like an hour?",0,87,19,2,tyler get th leav long get like hour
ham,Prepare to be pounded every night...,0,36,6,2,prepar pound everi night
ham,"Actually, my mobile is full of msg. And i m doing a work online, where i need to send them  &lt;#&gt;  sent msg i wil explain u later.",0,134,28,3,actual mobil full msg work onlin need send ltgt sent msg wil explain later
ham,Good evening! How are you?,0,26,5,3,good even
ham,I'm at home. Please call,0,24,5,2,im home pleas call
ham,Oic cos me n my sis got no lunch today my dad went out... So dunno whether 2 eat in sch or wat...,0,97,23,3,oic co si got lunch today dad went dunno whether eat sch wat
ham,"Mmmmm ... It was sooooo good to wake to your words this morning, my Love!! Mmmm fuck ... I love you too, my Lion ... *devouring kiss from across the sea*",0,153,31,5,mmmmm sooooo good wake word morn love mmmm fuck love lion devour kiss across sea
ham,We are pleased to inform that your application for Airtel Broadband is processed successfully. Your installation will happen within 3 days.,0,139,21,3,pleas inform applic airtel broadband process success instal happen within day
ham,What happen dear. Why you silent. I am tensed,0,45,9,3,happen dear silent tens
ham,"I'll get there at 3, unless you guys want me to come some time sooner",0,69,15,1,ill get unless guy want come time sooner
ham,If you are not coughing then its nothing,0,40,8,1,cough noth
ham,Ü come lt 25 n pass to me lar,0,29,9,1,come lt pa lar
ham,I'm e person who's doing e sms survey...,0,40,8,2,im person who sm survey
ham,Lol ok ill try to send. Be warned Sprint is dead slow. You'll prolly get it tomorrow,0,84,17,3,lol ok ill tri send warn sprint dead slow youll prolli get tomorrow
ham,Thank You meet you monday,0,25,5,1,thank meet monday
ham,SO IS TH GOWER MATE WHICH IS WHERE I AM!?! HOW R U MAN? ALL IS GOOD IN WALES ILL B BACK MORROW. C U THIS WK? WHO WAS THE MSG 4?  RANDOM!,0,138,34,7,th gower mate man good wale ill back morrow wk msg random
spam,"Rock yr chik. Get 100's of filthy films &XXX pics on yr phone now. rply FILTH to 69669. Saristar Ltd, E14 9YT 08701752560. 450p per 5 days. Stop2 cancel",1,152,29,6,rock yr chik get filthi film xxx pic yr phone rpli filth saristar ltd yt per day stop cancel
ham,"I got like $ &lt;#&gt; , I can get some more later though. Get whatever you feel like",0,85,18,2,got like ltgt get later though get whatev feel like
ham,"Dad wanted to talk about the apartment so I got a late start, omw now",0,69,15,1,dad want talk apart got late start omw
ham,I love you both too :-),0,23,6,1,love
ham,Lol u still feeling sick?,0,25,5,2,lol still feel sick
ham,Din i tell u jus now 420,0,24,7,1,din tell ju
ham,am up to my eyes in philosophy,0,30,7,1,eye philosophi
spam,From next month get upto 50% More Calls 4 Ur standard network charge 2 activate Call 9061100010 C Wire3.net 1st4Terms PoBox84 M26 3UZ Cost £1.50 min MobcudB more,1,161,28,3,next month get upto call ur standard network charg activ call wire net st term pobox uz cost min mobcudb
ham,Ok lor. I'm in town now lei.,0,28,7,3,ok lor im town lei
ham,I had it already..sabarish asked me to go..,0,43,8,3,alreadysabarish ask go
ham,No da. . Vijay going to talk in jaya tv,0,39,10,3,da vijay go talk jaya tv
spam,URGENT! We are trying to contact U Todays draw shows that you have won a £800 prize GUARANTEED. Call 09050000460 from land line. Claim J89. po box245c2150pm,1,156,27,5,urgent tri contact today draw show prize guarante call land line claim po box pm
ham,Lol I know! Hey someone did a great inpersonation of flea on the forums. I love it!,0,83,17,4,lol know hey someon great inperson flea forum love
spam,Text BANNEDUK to 89555 to see! cost 150p textoperator g696ga 18+ XXX,1,68,12,2,text banneduk see cost textoper ga xxx
ham,Still chance there. If you search hard you will get it..let have a try :),0,73,15,3,still chanc search hard get itlet tri
spam,"Auction round 4. The highest bid is now £54. Next maximum bid is £71. To bid, send BIDS e. g. 10 (to bid £10) to 83383. Good luck.",1,130,28,8,auction round highest bid next maximum bid bid send bid bid good luck
ham,Do you always celebrate NY's with your family ?,0,47,9,2,alway celebr ny famili
ham,"We know TAJ MAHAL as symbol of love. But the other lesser known facts 1. Mumtaz was Shahjahan's 4th wife, out of his 7 wifes. 2. Shahjahan killed Mumtaz's husband to marry her. 3. Mumtaz died in her  &lt;#&gt; th delivery. 4. He then married Mumtaz's sister. Question arises where the Hell is the LOVE?:-| -The Great Hari-",0,322,58,11,know taj mahal symbol love lesser known fact mumtaz shahjahan th wife wife shahjahan kill mumtaz husband marri mumtaz die ltgt th deliveri marri mumtaz sister question aris hell love great hari
ham,Its ok..come to my home it vl nice to meet and v can chat..,0,59,14,3,okcom home vl nice meet chat
spam,Collect your VALENTINE'S weekend to PARIS inc Flight & Hotel + £200 Prize guaranteed! Text: PARIS to No: 69101. www.rtf.sphosting.com,1,133,20,6,collect valentin weekend pari inc flight hotel prize guarante text pari
ham,Sent me de webadres for geting salary slip,0,42,8,1,sent de webadr gete salari slip
ham,She's fine. Sends her greetings,0,31,5,2,she fine send greet
spam,Customer Loyalty Offer:The NEW Nokia6650 Mobile from ONLY £10 at TXTAUCTION! Txt word: START to No: 81151 & get yours Now! 4T&Ctxt TC 150p/MTmsg,1,144,24,3,custom loyalti offerth new nokia mobil txtauction txt word start get tctxt tc pmtmsg
ham,But you dint in touch with me.,0,30,7,2,dint touch
ham,"Yup, leaving right now, be back soon",0,36,7,1,yup leav right back soon
spam,You won't believe it but it's true. It's Incredible Txts! Reply G now to learn truly amazing things that will blow your mind. From O2FWD only 18p/txt,1,149,27,4,wont believ true incred txt repli learn truli amaz thing blow mind fwd ptxt
ham,Yeah sure I'll leave in a min,0,29,7,1,yeah sure ill leav min
ham,And do you have any one that can teach me how to ship cars.,0,59,14,2,one teach ship car
ham,"The sign of maturity is not when we start saying big things.. But actually it is, when we start understanding small things... *HAVE A NICE EVENING* BSLVYL",0,154,27,3,sign matur start say big thing actual start understand small thing nice even bslvyl
ham,Yeah confirmed for you staying at  that weekend,0,47,8,1,yeah confirm stay weekend
ham,They said ü dun haf passport or smth like dat.. Or ü juz send to my email account..,0,83,18,3,said dun haf passport smth like dat juz send email account
ham,"Multiply the numbers independently and count decimal points then, for the division, push the decimal places like i showed you.",0,126,20,2,multipli number independ count decim point divis push decim place like show
ham,"Have a lovely night and when you wake up to see this message, i hope you smile knowing all is as should be. Have a great morning",0,128,27,2,love night wake see messag hope smile know great morn
ham,Ard 4 lor...,0,12,3,2,ard lor
ham,You are right. Meanwhile how's project twins comin up,0,53,9,2,right meanwhil how project twin comin
ham,I sent your maga that money yesterday oh.,0,41,8,2,sent maga money yesterday oh
spam,I am hot n horny and willing I live local to you - text a reply to hear strt back from me 150p per msg Netcollex LtdHelpDesk: 02085076972 reply Stop to end,1,155,32,1,hot horni will live local text repli hear strt back per msg netcollex ltdhelpdesk repli stop end
ham,Our ride equally uneventful - not too many of those pesky cyclists around at that time of night ;).,0,99,19,2,ride equal unev mani peski cyclist around time night
ham,If you were/are free i can give. Otherwise nalla adi entey nattil kittum,0,72,13,2,werear free give otherwis nalla adi entey nattil kittum
ham,I've sent my wife your text. After we buy them she'll tell you what to do. So just relax. We should go get them this wkend.,0,123,26,5,ive sent wife text buy shell tell relax go get wkend
ham,I am in escape theatre now. . Going to watch KAVALAN in a few minutes,0,69,15,3,escap theatr go watch kavalan minut
ham,How much would it cost to hire a hitman,0,39,9,1,much would cost hire hitman
ham,I anything lor...,0,17,3,2,anyth lor
spam,Do you want a New Nokia 3510i Colour Phone Delivered Tomorrow? With 200 FREE minutes to any mobile + 100 FREE text + FREE camcorder Reply or Call 08000930705,1,157,29,2,want new nokia colour phone deliv tomorrow free minut mobil free text free camcord repli call
ham,Huh but i cant go 2 ur house empty handed right?,0,48,11,2,huh cant go ur hous empti hand right
ham,Good morning princess! Happy New Year!,0,38,6,3,good morn princess happi new year
spam,Congratulations YOU'VE Won. You're a Winner in our August £1000 Prize Draw. Call 09066660100 NOW. Prize Code 2309.,1,114,18,5,congratul youv your winner august prize draw call prize code
ham,"Aight, we'll head out in a few",0,30,7,1,aight well head
ham,Then wat r u doing now? Busy wif work?,0,38,9,3,wat busi wif work
ham,I know you mood off today,0,25,6,1,know mood today
ham,"Jay told me already, will do",0,28,6,1,jay told alreadi
ham,Cps is causing the outages to conserve energy.,0,46,8,2,cp caus outag conserv energi
ham,"I'm not sure, I was just checking out what was happening around the area",0,72,14,1,im sure check happen around area
ham,Hey morning what you come to ask:-) pa...,0,41,8,2,hey morn come ask pa
ham,Jordan got voted out last nite!,0,31,6,2,jordan got vote last nite
ham,"That means you got an A in epi, she.s fine. She.s here now.",0,59,13,5,mean got epi she fine she
ham,I have no idea where you are,0,28,7,1,idea
ham,Pls come quick cant bare this.,0,30,6,2,pl come quick cant bare
ham,"Call me. I m unable to cal. Lets meet bhaskar, and deep",0,55,12,3,call unabl cal let meet bhaskar deep
ham,No. I.ll meet you in the library,0,32,7,3,ill meet librari
ham,"K, my roommate also wants a dubsack and another friend may also want some so plan on bringing extra, I'll tell you when they know for sure",0,138,27,1,roommat also want dubsack anoth friend may also want plan bring extra ill tell know sure
ham,Depends on individual lor e hair dresser say pretty but my parents say look gong. U kaypoh.. I also dunno wat she collecting.,0,125,23,4,depend individu lor hair dresser say pretti parent say look gong kaypoh also dunno wat collect
ham,Ok c ü then.,0,12,4,2,ok
ham,I enjoy watching and playing football and basketball. Anything outdoors. And you?,0,81,12,4,enjoy watch play footbal basketbal anyth outdoor
ham,"Can you please ask macho what his price range is, does he want something new or used plus it he only interfued in the blackberry bold  &lt;#&gt;  or any bb",0,155,30,1,pleas ask macho price rang want someth new use plu interfu blackberri bold ltgt bb
ham,Sorry sent blank msg again. Yup but trying 2 do some serious studying now.,0,74,14,3,sorri sent blank msg yup tri seriou studi
ham,Hey check it da. I have listed da.,0,34,8,3,hey check da list da
spam,8007 25p 4 Alfie Moon's Children in Need song on ur mob. Tell ur m8s. Txt TONE CHARITY to 8007 for nokias or POLY CHARITY for polys :zed 08701417012 profit 2 charity,1,165,32,3,alfi moon child need song ur mob tell ur txt tone chariti nokia poli chariti poli zed profit chariti
ham,I meant as an apology from me for texting you to get me drugs at  &lt;#&gt; at night,0,84,18,1,meant apolog text get drug ltgt night
ham,That means from february to april i'll be getting a place to stay down there so i don't have to hustle back and forth during audition season as i have since my sister moved away from harlem.,0,190,37,2,mean februari april ill get place stay dont hustl back forth audit season sinc sister move away harlem
ham,Goin to workout lor... Muz lose e fats...,0,41,8,3,goin workout lor muz lose fat
ham,"Damn, poor zac doesn't stand a chance",0,37,7,1,damn poor zac doesnt stand chanc
ham,I want to tel u one thing u should not mistake me k THIS IS THE MESSAGE THAT YOU SENT:),0,87,20,1,want tel one thing mistak messag sent
ham,Yeah right! I'll bring my tape measure fri!,0,43,8,3,yeah right ill bring tape measur fri
ham,Should I head straight there or what,0,36,7,1,head straight
spam,Get the official ENGLAND poly ringtone or colour flag on yer mobile for tonights game! Text TONE or FLAG to 84199. Optout txt ENG STOP Box39822 W111WX £1.50,1,156,28,4,get offici england poli rington colour flag yer mobil tonight game text tone flag optout txt eng stop box wx
ham,Thank you princess! You are so sexy...,0,38,7,3,thank princess sexi
ham,Oooh I got plenty of those!,0,27,6,2,oooh got plenti
ham,Hui xin is in da lib.,0,21,6,2,hui xin da lib
ham,Its a big difference.  &lt;#&gt;  versus  &lt;#&gt;  every  &lt;#&gt; hrs,0,73,10,2,big differ ltgt versu ltgt everi ltgt hr
ham,"It's not that you make me cry. It's just that when all our stuff happens on top of everything else, it pushes me over the edge. You don't underdtand how often i cry over my sorry, sorry life.",0,191,38,4,make cri stuff happen top everyth els push edg dont underdtand often cri sorri sorri life
ham,ME 2 BABE I FEEL THE SAME LETS JUST 4GET ABOUT IT+BOTH TRY +CHEER UP+NOT FIT SOO MUCHXXLOVE U LOCAXX,0,100,20,1,babe feel let get itboth tri cheer upnot fit soo muchxxlov locaxx
ham,You know what hook up means right?,0,34,7,2,know hook mean right
spam,"Customer service announcement. We recently tried to make a delivery to you but were unable to do so, please call 07090298926 to re-schedule. Ref:9307622",1,152,24,3,custom servic announc recent tri make deliveri unabl pleas call reschedul ref
ham,Wat's da model num of ur phone?,0,31,7,2,wat da model num ur phone
ham,He's really into skateboarding now despite the fact that he gets thrown off of it and winds up with bandages and shit all over his arms every five minutes,0,154,29,1,he realli skateboard despit fact get thrown wind bandag shit arm everi five minut
spam,"You can stop further club tones by replying ""STOP MIX"" See my-tone.com/enjoy. html for terms. Club tones cost GBP4.50/week. MFL, PO Box 1146 MK45 2WT (2/3)",1,155,26,6,stop club tone repli stop mix see mytonecomenjoy html term club tone cost gbp week mfl po box mk wt
ham,My house here e sky quite dark liao... If raining then got excuse not 2 run already rite... Hee...,0,98,19,4,hous sky quit dark liao rain got excus run alreadi rite hee
ham,"Sorry, left phone upstairs. OK, might be hectic but would be all my birds with one fell swoop. It's a date.",0,107,21,4,sorri left phone upstair ok might hectic would bird one fell swoop date
ham,* Thought I didn't see you.,0,27,6,2,thought didnt see
spam,wamma get laid?want real doggin locations sent direct to your mobile? join the UKs largest dogging network. txt dogs to 69696 now!nyt. ec2a. 3lp £1.50/msg.,1,155,25,9,wamma get laidwant real doggin locat sent direct mobil join uk largest dog network txt dog nownyt ec lp msg
ham,Carlos says we can pick up from him later so yeah we're set,0,59,13,1,carlo say pick later yeah set
ham,"Hey babe, my friend had to cancel, still up for a visit ?",0,57,13,2,hey babe friend cancel still visit
ham,Hmm ill have to think about it... ok you're forgiven! =D,0,56,11,3,hmm ill think ok your forgiven
ham,"We are hoping to get away by 7, from Langport. You still up for town tonight?",0,77,16,3,hope get away langport still town tonight
ham,Want to send me a virtual hug?... I need one,0,44,10,2,want send virtual hug need one
ham,"Probably not, still going over some stuff here",0,46,8,1,probabl still go stuff
ham,It has issues right now. Ill fix for her by tomorrow.,0,53,11,3,issu right ill fix tomorrow
ham,Why i come in between you people,0,32,7,1,come peopl
ham,Senthil group company Apnt 5pm.,0,31,5,2,senthil group compani apnt pm
ham,Oh really?? Did you make it on air? What's your talent?,0,55,11,4,oh realli make air what talent
ham,Studying. But i.ll be free next weekend.,0,40,7,4,studi ill free next weekend
ham,R u here yet? I'm wearing blue shirt n black pants.,0,51,11,3,yet im wear blue shirt black pant
ham,Wait.i will come out.. &lt;#&gt;  min:),0,39,6,3,waiti come ltgt min
ham,I will reach ur home in  &lt;#&gt;  minutes,0,43,8,1,reach ur home ltgt minut
ham,Well then you have a great weekend!,0,35,7,2,well great weekend
ham,"What are you doing in langport? Sorry, but I'll probably be in bed by 9pm. It sucks being ill at xmas! When do you and go2sri lanka?",0,132,27,5,langport sorri ill probabl bed pm suck ill xma go sri lanka
ham,"Frnd s not juz a word.....not merely a relationship.....its a silent promise which says ... "" I will be with YOU "" Wherevr.. Whenevr.. Forevr... Gudnyt dear..",0,158,27,8,frnd juz wordnot mere relationshipit silent promis say wherevr whenevr forevr gudnyt dear
ham,Huh? 6 also cannot? Then only how many mistakes?,0,48,9,4,huh also mani mistak
ham,Ha... U jus ate honey ar? So sweet...,0,37,8,4,ha ju ate honey ar sweet
ham,I'm turning off my phone. My moms telling everyone I have cancer. And my sister won't stop calling. It hurts to talk. Can't put up with it. See u when u get home. Love u,0,169,35,7,im turn phone mom tell everyon cancer sister wont stop call hurt talk cant put see get home love
ham,"Honey ? Sweetheart ? Darling ? Sexy buns ? Sugar plum ? Loverboy ? I miss you, boytoy ... *smacks your ass* Did you go to the gym too ?",0,135,30,9,honey sweetheart darl sexi bun sugar plum loverboy miss boytoy smack as go gym
ham,Thanks for loving me so. You rock,0,33,7,2,thank love rock
ham,Yeah imma come over cause jay wants to do some drugs,0,52,11,1,yeah imma come caus jay want drug
ham,Ok thanx... Take care then...,0,29,5,3,ok thanx take care
ham,Yup. Thk of u oso boring wat.,0,29,7,3,yup thk oso bore wat
ham,"came to look at the flat, seems ok, in his 50s? * Is away alot wiv work. Got woman coming at 6.30 too.",0,102,23,5,came look flat seem ok away alot wiv work got woman come
ham,Moji just informed me that you saved our lives. Thanks.,0,55,10,3,moji inform save life thank
ham,Whos this am in class:-),0,24,5,1,who class
ham,Hey r ü still online? I've finished the formatting...,0,53,9,3,hey still onlin ive finish format
ham,Great! So what attracts you to the brothas?,0,43,8,3,great attract brotha
spam,Promotion Number: 8714714 - UR awarded a City Break and could WIN a £200 Summer Shopping spree every WK. Txt STORE to 88039 . SkilGme. TsCs087147403231Winawk!Age16 £1.50perWKsub,1,177,27,6,promot number ur award citi break could win summer shop spree everi wk txt store skilgm tsc winawkag perwksub
ham,LOL what happens in Vegas stays in vegas,0,40,8,1,lol happen vega stay vega
ham,"Hello, hello, hi lou sorry it took so long 2 reply- I left mobile at friends in Lancaster, just got it bak Neway im sorry I couldnt make ur bday 2 hun!",0,153,32,2,hello hello hi lou sorri took long repli left mobil friend lancast got bak neway im sorri couldnt make ur bday hun
ham,When did i use soc... I use it only at home... Ü dunno how 2 type it in word ar...,0,82,20,4,use soc use home dunno type word ar
ham,Dad says hurry the hell up,0,26,6,1,dad say hurri hell
ham,Wake me up at  &lt;#&gt;  am morning:),0,38,7,1,wake ltgt morn
ham,"I get out of class in bsn in like  &lt;#&gt;  minutes, you know where advising is?",0,82,16,2,get class bsn like ltgt minut know advis
ham,Great! I shoot big loads so get ready!,0,38,8,3,great shoot big load get readi
ham,I'll meet you in the lobby,0,26,6,1,ill meet lobbi
ham,You still coming tonight?,0,25,4,2,still come tonight
ham,What happen dear tell me,0,24,5,1,happen dear tell
ham,"Sir, i am waiting for your call, once free please call me.",0,58,12,2,sir wait call free pleas call
ham,I was about to do it when i texted. I finished a long time ago and showered and er'ything!,0,90,19,3,text finish long time ago shower eryth
ham,Ok im not sure what time i finish tomorrow but i wanna spend the evening with you cos that would be vewy vewy lubly! Love me xxx,0,128,27,2,ok im sure time finish tomorrow wan na spend even co would vewi vewi lubli love xxx
ham,"Hello, As per request from  &lt;#&gt;  Rs.5 has been transfered to you",0,70,12,2,hello per request ltgt r transfer
ham,I am in tirupur.  call you da.,0,30,7,3,tirupur call da
spam,You are a winner you have been specially selected to receive £1000 cash or a £2000 award. Speak to a live operator to claim call 087147123779am-7pm. Cost 10p,1,157,28,3,winner special select receiv cash award speak live oper claim call pm cost
ham,S:)but he had some luck.2 catches put down:),0,44,8,2,sbut luck catch put
ham,How i noe... Did ü specify da domain as nusstu... Ü still in sch...,0,67,14,4,noe specifi da domain nusstu still sch
ham,Oh...i asked for fun. Haha...take care. ü,0,41,7,5,ohi ask fun hahatak care
ham,Shall i get my pouch?,0,21,5,2,shall get pouch
ham,Hey loverboy! I love you !! I had to tell ... I look at your picture and ache to feel you between my legs ... Fuck I want you ... I need you ... I crave you .,0,158,38,8,hey loverboy love tell look pictur ach feel leg fuck want need crave
ham,"How is my boy? No sweet words left for me this morning ... *sighs* ... How goes you day, my love ? Did you start your studying?",0,127,27,6,boy sweet word left morn sigh go day love start studi
ham,Kent vale lor... Ü wait 4 me there ar?,0,38,9,3,kent vale lor wait ar
ham,Ok. Very good. Its all about making that money.,0,47,9,4,ok good make money
ham,Reading gud habit.. Nan bari hudgi yorge pataistha ertini kano:-),0,65,10,2,read gud habit nan bari hudgi yorg pataistha ertini kano
ham,Aight do you still want to get money,0,36,8,1,aight still want get money
ham,ARE YOU IN TOWN? THIS IS V. IMPORTANT,0,37,8,3,town import
ham,"Sorry pa, i dont knw who ru pa?",0,31,8,2,sorri pa dont knw ru pa
ham,Wat u doing there?,0,18,4,2,wat
ham,If i not meeting ü all rite then i'll go home lor. If ü dun feel like comin it's ok.,0,84,20,3,meet rite ill go home lor dun feel like comin ok
ham,"Oh, i will get paid. The most outstanding one is for a commercial i did for Hasbro...in AUGUST! They made us jump through so many hoops to get paid. Still not.",0,159,31,6,oh get paid outstand one commerci hasbroin august made u jump mani hoop get paid still
ham,"I am late,so call you tomorrow morning.take care sweet dreams....u and me...ummifying...bye.",0,92,12,6,lateso call tomorrow morningtak care sweet dreamsu meummifyingby
ham,Networking technical support associate.,0,39,4,2,network technic support associ
ham,I'm gonna rip out my uterus.,0,28,6,2,im gon na rip uteru
ham,Cool. Do you like swimming? I have a pool and jacuzzi at my house.,0,66,14,4,cool like swim pool jacuzzi hous
spam,"Thanks for your ringtone order, reference number X49. Your mobile will be charged 4.50. Should your tone not arrive please call customer services 09065989182. From: [colour=red]text[/colour]TXTstar",1,197,26,5,thank rington order refer number mobil charg tone arriv pleas call custom servic colourredtextcolourtxtstar
ham,"Yeah why not, is the gang all ready",0,35,8,1,yeah gang readi
ham,Blank is Blank. But wat is blank? Lol,0,37,8,3,blank blank wat blank lol
ham,I'm in a movie... Collect car oredi...,0,38,7,3,im movi collect car oredi
ham,We left already we at orchard now.,0,34,7,2,left alreadi orchard
spam,"Hi there, 2nights ur lucky night! Uve been invited 2 XCHAT, the Uks wildest chat! Txt CHAT to 86688 now! 150p/MsgrcvdHG/Suite342/2Lands/Row/W1J6HL LDN 18yrs",1,156,23,4,hi night ur lucki night uve invit xchat uk wildest chat txt chat pmsgrcvdhgsuit landsroww hl ldn yr
ham,Nothing spl..wat abt u and whr ru?,0,34,7,3,noth splwat abt whr ru
ham,No chikku nt yet.. Ya i'm free,0,30,7,2,chikku nt yet ya im free
ham,"Aldrine, rakhesh ex RTM here.pls call.urgent.",0,45,6,4,aldrin rakhesh ex rtm herepl callurg
ham,The search 4 happiness is 1 of d main sources of unhappiness! Accept life the way it comes! U will find happiness in every moment u live.,0,137,27,4,search happi main sourc unhappi accept life way come find happi everi moment live
ham,"I guess you could be as good an excuse as any, lol.",0,51,12,2,guess could good excus lol
ham,"Isn't frnd a necesity in life? imagine urself witout a frnd.. hw'd u feel at ur colleg? wat'll u do wth ur cell? wat abt functions? thnk abt events espe'll cared, missed &amp; irritated u? 4wrd it to all those dear-loving frnds wthout whom u cant live.. I jst did it.. Takecare..:) GOODMORNING",0,293,53,10,isnt frnd neces life imagin urself witout frnd hwd feel ur colleg watll wth ur cell wat abt function thnk abt event espel care miss amp irrit wrd dearlov frnd wthout cant live jst takecar goodmorn
ham,Old Orchard near univ. How about you?,0,37,7,3,old orchard near univ
ham,"4 tacos + 1 rajas burrito, right?",0,33,7,2,taco raja burrito right
ham,"It‘s £6 to get in, is that ok?",0,30,8,2,get ok
ham,Hows the street where the end of library walk is?,0,49,10,2,how street end librari walk
ham,"Plz note: if anyone calling from a mobile Co. &amp; asks u to type # &lt;#&gt;  or # &lt;#&gt; . Do not do so. Disconnect the call,coz it iz an attempt of 'terrorist' to make use of the sim card no. Itz confirmd by nokia n motorola n has been verified by CNN IBN.",0,263,54,6,plz note anyon call mobil co amp ask type ltgt ltgt disconnect callcoz iz attempt terrorist make use sim card itz confirmd nokia motorola verifi cnn ibn
ham,We stopped to get ice cream and will go back after,0,50,11,1,stop get ice cream go back
ham,Did you stitch his trouser,0,26,5,1,stitch trouser
spam,2/2 146tf150p,1,13,2,1,tf
ham,Hey i'm bored... So i'm thinking of u... So wat r u doing?,0,58,13,4,hey im bore im think wat
ham,"Nah, Wednesday. When should I bring the mini cheetos bag over?",0,62,11,3,nah wednesday bring mini cheeto bag
ham,Nobody names their penis a girls name this story doesn't add up at all,0,70,14,1,nobodi name peni girl name stori doesnt add
ham,"Aight, let me know when you're gonna be around usf",0,50,10,1,aight let know your gon na around usf
ham,I'm not. She lip synced with shangela.,0,38,7,3,im lip sync shangela
ham,Ü neva tell me how i noe... I'm not at home in da aft wat...,0,60,15,3,neva tell noe im home da aft wat
ham,"A bit of Ur smile is my hppnss, a drop of Ur tear is my sorrow, a part of Ur heart is my life, a heart like mine wil care for U, forevr as my GOODFRIEND",0,152,36,1,bit ur smile hppnss drop ur tear sorrow part ur heart life heart like mine wil care forevr goodfriend
spam,Dear Voucher Holder 2 claim your 1st class airport lounge passes when using Your holiday voucher call 08704439680. When booking quote 1st class x 2,1,147,25,2,dear voucher holder claim st class airport loung pass use holiday voucher call book quot st class
ham,"Buzz! Hey, my Love ! I think of you and hope your day goes well. Did you sleep in ? I miss you babe. I long for the moment we are together again*loving smile*",0,158,34,6,buzz hey love think hope day go well sleep miss babe long moment togeth againlov smile
ham,"Haha... Sounds crazy, dunno can tahan anot...",0,45,7,3,haha sound crazi dunno tahan anot
ham,Why are u up so early?,0,22,6,2,earli
ham,Ya that one is slow as poo,0,26,7,1,ya one slow poo
ham,Im on gloucesterroad what are uup to later?,0,43,8,2,im gloucesterroad uup later
ham,Lol no ouch but wish i'd stayed out a bit longer,0,48,11,1,lol ouch wish id stay bit longer
ham,"GOD ASKED, ""What is forgiveness?"" A little child gave lovely reply, ""It is d wonderful fruit that a tree gives when it is being hurt by a stone.. Good night......",0,162,30,4,god ask forgiv littl child gave love repli wonder fruit tree give hurt stone good night
ham,We'll join the  &lt;#&gt;  bus,0,30,5,1,well join ltgt bu
ham,Was just about to ask. Will keep this one. Maybe that's why you didn't get all the messages we sent you on glo,0,110,23,3,ask keep one mayb that didnt get messag sent glo
ham,K.i will send in  &lt;#&gt;  min:),0,34,6,2,ki send ltgt min
ham,Would me smoking you out help us work through this difficult time,0,65,12,1,would smoke help u work difficult time
spam,"Someone U know has asked our dating service 2 contact you! Cant guess who? CALL 09058095107 NOW all will be revealed. POBox 7, S3XY 150p",1,136,25,4,someon know ask date servic contact cant guess call reveal pobox xy
ham,Yes.mum lookin strong:),0,23,3,2,yesmum lookin strong
ham,"Sir Goodmorning, Once free call me.",0,35,6,2,sir goodmorn free call
ham,Where are you call me.,0,22,5,2,call
ham,Love it! The girls at the office may wonder why you are smiling but sore...,0,75,15,3,love girl offic may wonder smile sore
ham,"Hi, wlcome back, did wonder if you got eaten by a lion or something, nothing much",0,81,16,1,hi wlcome back wonder got eaten lion someth noth much
ham,Does uncle timi help in clearing cars,0,37,7,1,uncl timi help clear car
ham,I came hostel. I m going to sleep. Plz call me up before class. Hrishi.,0,71,15,5,came hostel go sleep plz call class hrishi
ham,Ok... But bag again..,0,21,4,3,ok bag
ham,Ok lor. Msg me b4 u call.,0,25,7,3,ok lor msg call
spam,"Mila, age23, blonde, new in UK. I look sex with UK guys. if u like fun with me. Text MTALK to 69866.18 . 30pp/txt 1st 5free. £1.50 increments. Help08718728876",1,158,29,9,mila age blond new uk look sex uk guy like fun text mtalk pptxt st free increment help
ham,"Once a fishrman woke early in d mrng. It was very dark. He waited a while &amp; found a sack ful of stones. He strtd throwin thm in2 d sea 2 pass time. Atlast he had jus 1stone, sun rose up &amp; he found out tht those r nt stones, those were diamonds. Moral:""Dont wake up early in d mrng'' GOOD night",0,301,62,6,fishrman woke earli mrng dark wait amp found sack ful stone strtd throwin thm sea pa time atlast ju stone sun rose amp found tht nt stone diamond moraldont wake earli mrng good night
spam,"Claim a 200 shopping spree, just call 08717895698 now! Have you won! MobStoreQuiz10ppm",1,86,13,3,claim shop spree call mobstorequiz ppm
ham,Then ur physics get a-?,0,23,5,2,ur physic get
ham,"Dear friends, sorry for the late information. Today is the birthday of our loving Ar.Praveesh. for more details log on to face book and see. Its his number + &lt;#&gt; . Dont miss a delicious treat.",0,198,36,7,dear friend sorri late inform today birthday love arpraveesh detail log face book see number ltgt dont miss delici treat
ham,How r ü going to send it to me?,0,31,9,2,go send
ham,Can you do online transaction?,0,30,5,2,onlin transact
ham,Dear got train and seat mine lower seat,0,39,8,1,dear got train seat mine lower seat
ham,Let me know if you need anything else. Salad or desert or something... How many beers shall i get?,0,98,19,4,let know need anyth els salad desert someth mani beer shall get
ham,WHORE YOU ARE UNBELIEVABLE.,0,27,4,2,whore unbeliev
spam,"Want to funk up ur fone with a weekly new tone reply TONES2U 2 this text. www.ringtones.co.uk, the original n best. Tones 3GBP network operator rates apply",1,155,27,6,want funk ur fone weekli new tone repli tone text origin best tone gbp network oper rate appli
ham,"Are you sure you don't mean ""get here, we made you hold all the weed""",0,69,15,1,sure dont mean get made hold weed
ham,"I love you !!! You know? Can you feel it? Does it make your belly warm? I wish it does, my love ... I shall meet you in your dreams, Ahmad ... *adoring kiss*",0,157,34,7,love know feel make belli warm wish love shall meet dream ahmad ador kiss
spam,"Twinks, bears, scallies, skins and jocks are calling now. Don't miss the weekend's fun. Call 08712466669 at 10p/min. 2 stop texts call 08712460324(nat rate)",1,156,24,4,twink bear scalli skin jock call dont miss weekend fun call pmin stop text call nat rate
ham,Love it! I want to flood that pretty pussy with cum...,0,54,11,3,love want flood pretti pussi cum
ham,Hey are you angry with me. Reply me dr.,0,39,9,3,hey angri repli dr
ham,"Short But Cute: ""Be a good person, but dont try to prove it.."" .Gud noon....",0,76,15,4,short cute good person dont tri prove gud noon
ham,Also remember the beads don't come off. Ever.,0,45,8,3,also rememb bead dont come ever
ham,They have a thread on the wishlist section of the forums where ppl post nitro requests. Start from the last page and collect from the bottom up.,0,144,27,3,thread wishlist section forum ppl post nitro request start last page collect bottom
ham,For The First Time In The History 'Need' 'Comfort' And 'Luxury' Are Sold At Same Price In India..!! Onion-Rs. &lt;#&gt;  Petrol-Rs. &lt;#&gt;  Beer-Rs. &lt;#&gt;  SHESIL  &lt;#&gt;,0,180,26,5,first time histori need comfort luxuri sold price india onionr ltgt petrolr ltgt beerr ltgt shesil ltgt
ham,"Actually nvm, got hella cash, we still on for  &lt;#&gt; ish?",0,61,11,2,actual nvm got hella cash still ltgt ish
spam,We tried to contact you re your reply to our offer of a Video Handset? 750 anytime any networks mins? UNLIMITED TEXT? Camcorder? Reply or call 08000930705 NOW,1,158,28,5,tri contact repli offer video handset anytim network min unlimit text camcord repli call
ham,"It's ok, at least armand's still around",0,39,7,1,ok least armand still around
ham,No da. I am happy that we sit together na,0,41,10,2,da happi sit togeth na
ham,Yup song bro. No creative. Neva test quality. He said check review online.,0,74,13,5,yup song bro creativ neva test qualiti said check review onlin
ham,"No dude, its not fake..my frnds got money, thts y i'm reffering u..if u member wit my mail link, u vl be credited  &lt;#&gt; rs and il be getiing  &lt;#&gt; rs..i can draw my acc wen it is  &lt;#&gt; rs..",0,204,40,5,dude fakemi frnd got money tht im reffer uif member wit mail link vl credit ltgt r il geti ltgt rsi draw acc wen ltgt r
ham,Dude while were makin those weirdy brownies my sister made awesome cookies. I took pics.,0,88,15,3,dude makin weirdi browni sister made awesom cooki took pic
spam,URGENT! We are trying to contact you. Last weekends draw shows that you have won a £900 prize GUARANTEED. Call 09061701851. Claim code K61. Valid 12hours only,1,158,27,6,urgent tri contact last weekend draw show prize guarante call claim code valid hour
ham,Pls dont restrict her from eating anythin she likes for the next two days.,0,74,14,2,pl dont restrict eat anythin like next two day
ham,Mm you ask him to come its enough :-),0,37,9,1,mm ask come enough
ham,At the funeral home with Audrey and dad,0,39,8,1,funer home audrey dad
ham,"Aight, can you text me the address?",0,35,7,2,aight text address
ham,Excellent! Wish we were together right now!,0,43,7,3,excel wish togeth right
ham,Yep then is fine 7.30 or 8.30 for ice age.,0,42,10,4,yep fine ice age
ham,Pls i wont belive god.not only jesus.,0,37,7,3,pl wont beliv godnot jesu
ham,Can. Dunno wat to get 4 her...,0,30,7,3,dunno wat get
ham,"Not yet chikku..k, then wat abt tht guy did he stopped irritating or msging to u..",0,82,16,3,yet chikkuk wat abt tht guy stop irrit msging
ham,How long does it take to get it.,0,32,8,2,long take get
ham,This is my number by vivek..,0,28,6,2,number vivek
spam,74355 XMAS iscoming & ur awarded either £500 CD gift vouchers & free entry 2 r £100 weekly draw txt MUSIC to 87066 TnC,1,118,24,1,xma iscom ur award either cd gift voucher free entri weekli draw txt music tnc
ham,"sorry brah, just finished the last of my exams, what up",0,55,11,1,sorri brah finish last exam
ham,"I got arrested for possession at, I shit you not,  &lt;TIME&gt;  pm",0,67,12,1,got arrest possess shit lttimegt pm
ham,You are right though. I can't give you the space you want and need. This is really starting to become an issue. I was going to suggest setting a definite move out--if i'm still there-- after greece. But maybe you are ready and should do it now.,0,244,47,6,right though cant give space want need realli start becom issu go suggest set definit move outif im still greec mayb readi
ham,Just normal only here :),0,24,5,1,normal
ham,"Please protect yourself from e-threats. SIB never asks for sensitive information like Passwords,ATM/SMS PIN thru email. Never share your password with anybody.",0,159,22,4,pleas protect ethreat sib never ask sensit inform like passwordsatmsm pin thru email never share password anybodi
ham,I miss you so much I'm so desparate I have recorded the message you left for me the other day and listen to it just to hear the sound of your voice. I love you,0,159,35,2,miss much im despar record messag left day listen hear sound voic love
ham,Hi. I'm always online on yahoo and would like to chat with you someday,0,70,14,2,hi im alway onlin yahoo would like chat someday
ham,"Goodmorning,my grandfather expired..so am on leave today.",0,57,7,3,goodmorningmi grandfath expiredso leav today
spam,Congratulations U can claim 2 VIP row A Tickets 2 C Blu in concert in November or Blu gift guaranteed Call 09061104276 to claim TS&Cs www.smsco.net cost£3.75max,1,160,27,4,congratul claim vip row ticket blu concert novemb blu gift guarante call claim tsc cost£ max
ham,Where are you ? What are you doing ? Are yuou working on getting the pc to your mom's ? Did you find a spot that it would work ? I need you,0,139,33,5,yuou work get pc mom find spot would work need
ham,"Sure, I'll see if I can come by in a bit",0,40,11,1,sure ill see come bit
ham,I agree. So i can stop thinkin about ipad. Can you please ask macho the same question.,0,86,17,4,agre stop thinkin ipad pleas ask macho question
ham,Let's pool our money together and buy a bunch of lotto tickets. If we win I get &lt;#&gt; % u get &lt;#&gt; %. Deal?,0,116,24,4,let pool money togeth buy bunch lotto ticket win get ltgt get ltgt deal
ham,Watching tv lor. Nice one then i like lor.,0,42,9,3,watch tv lor nice one like lor
ham,I'm thinking that chennai forgot to come for auction..,0,54,9,2,im think chennai forgot come auction
ham,Then ü come n pick me at 530 ar?,0,32,9,2,come pick ar
ham,Early bird! Any purchases yet?,0,30,5,3,earli bird purchas yet
ham,Went to pay rent. So i had to go to the bank to authorise the payment.,0,70,16,3,went pay rent go bank authoris payment
ham,"Erm … ill pick you up at about 6.45pm. That'll give enough time to get there, park and that.",0,92,19,4,erm ill pick pm thatll give enough time get park
ham,HEY MATE! HOWS U HONEY?DID U AVE GOOD HOLIDAY? GIMMI DE GOSS!x,0,62,12,5,hey mate how honeydid ave good holiday gimmi de gossx
ham,Howz pain.it will come down today.do as i said ystrday.ice and medicine.,0,72,12,5,howz painit come todaydo said ystrdayic medicin
ham,"chile, please! It's only a  &lt;DECIMAL&gt;  hour drive for me. I come down all the time and will be subletting feb-april for audition season.",0,142,24,4,chile pleas ltdecimalgt hour drive come time sublet febapril audit season
ham,Yes ammae....life takes lot of turns you can only sit and try to hold the steering...,0,85,16,3,ye ammaelif take lot turn sit tri hold steer
ham,"Yeah that's what I thought, lemme know if anything's goin on later",0,66,12,1,yeah that thought lem know anyth goin later
ham,Mmmm.... I cant wait to lick it!,0,32,7,3,mmmm cant wait lick
ham,Pls go there today  &lt;#&gt; . I dont want any excuses,0,55,11,2,pl go today ltgt dont want excus
ham,Can you plz tell me the ans. BSLVYL sent via fullonsms.com,0,58,11,3,plz tell an bslvyl sent via fullonsmscom
ham,U in town alone?,0,16,4,2,town alon
ham,I to am looking forward to all the sex cuddling.. Only two more sleeps,0,70,14,2,look forward sex cuddl two sleep
ham,We have all rounder:)so not required:),0,38,6,1,rounderso requir
ham,"No, its true..k,Do u knw dis no. &lt;#&gt; ?",0,44,9,4,truekdo knw di ltgt
ham,"Dont worry, 1 day very big lambu ji vl come..til then enjoy batchlor party:-)",0,77,14,2,dont worri day big lambu ji vl cometil enjoy batchlor parti
ham,oh ya... Got hip hop open. Haha i was thinking can go for jazz then zoom to cine... Actually tonight i'm free leh... And there's a kb lesson tonight,0,148,29,5,oh ya got hip hop open haha think go jazz zoom cine actual tonight im free leh there kb lesson tonight
spam,Free msg: Single? Find a partner in your area! 1000s of real people are waiting to chat now!Send CHAT to 62220Cncl send STOPCS 08717890890£1.50 per msg,1,151,26,5,free msg singl find partner area real peopl wait chat nowsend chat cncl send stopc per msg
ham,I'm ok. Will do my part tomorrow,0,32,7,2,im ok part tomorrow
ham,"No! But we found a diff farm shop to buy some cheese. On way back now, can i call in?",0,85,20,4,found diff farm shop buy chees way back call
ham,R u still working now?,0,22,5,2,still work
spam,"Win the newest Harry Potter and the Order of the Phoenix (Book 5) reply HARRY, answer 5 questions - chance to be the first among readers!",1,138,26,2,win newest harri potter order phoenix book repli harri answer question chanc first among reader
ham,Yep. I do like the pink furniture tho.,0,38,8,3,yep like pink furnitur tho
spam,Free Msg: Ringtone!From: http://tms. widelive.com/index. wml?id=1b6a5ecef91ff9*37819&first=true18:0430-JUL-05,1,109,6,6,free msg ringtonefrom widelivecomindex wmlid ecef ff firsttru jul
ham,"Customer place, i wil cal u sir.",0,32,7,2,custom place wil cal sir
spam,"Oh my god! I've found your number again! I'm so glad, text me back xafter this msgs cst std ntwk chg £1.50",1,106,22,4,oh god ive found number im glad text back xafter msg cst std ntwk chg
ham,A pure hearted person can have a wonderful smile that makes even his/her enemies to feel guilty for being an enemy.. So catch the world with your smile..:) GOODMORNING &amp; HAVE A SMILEY SUNDAY..:),0,198,34,4,pure heart person wonder smile make even hisher enemi feel guilti enemi catch world smile goodmorn amp smiley sunday
ham,"THATS ALRITE GIRL, U KNOW GAIL IS NEVA WRONG!!TAKE CARE SWEET AND DONT WORRY.C U L8TR HUN!LOVE Yaxxx",0,102,18,4,that alrit girl know gail neva wrongtak care sweet dont worryc tr hunlov yaxxx
ham,"Theoretically yeah, he could be able to come",0,44,8,1,theoret yeah could abl come
ham,"Alright we're hooked up, where you guys at",0,42,8,1,alright hook guy
ham,"not that I know of, most people up here are still out of town",0,61,14,1,know peopl still town
ham,No let me do the math. Your not good at it.,0,43,11,3,let math good
ham,Oh ok wait 4 me there... My lect havent finish,0,46,10,2,oh ok wait lect havent finish
ham,Yeah my usual guy's out of town but there're definitely people around I know,0,76,14,1,yeah usual guy town therer definit peopl around know
ham,I am joining today formally.Pls keep praying.will talk later.,0,61,9,4,join today formallypl keep prayingwil talk later
ham,"Happy or sad , one thing about past is- ""Its no more"" GOOD MORNING :-):-).",0,74,15,2,happi sad one thing past good morn
ham,No. Did you multimedia message them or e-mail?,0,46,8,3,multimedia messag email
ham,Okie but i scared u say i fat... Then u dun wan me already...,0,61,14,3,oki scare say fat dun wan alreadi
ham,did u get that message,0,22,5,1,get messag
ham,"Sorry sir, i will call you tomorrow.  senthil.hsbc",0,50,8,3,sorri sir call tomorrow senthilhsbc
ham,What you need. You have a person to give na.,0,44,10,3,need person give na
ham,She left it very vague. She just said she would inform the person in accounting about the delayed rent and that i should discuss with the housing agency about my renting another place. But checking online now and all places around usc are  &lt;#&gt;  and up,0,257,46,3,left vagu said would inform person account delay rent discu hous agenc rent anoth place check onlin place around usc ltgt
ham,Hi juan. Im coming home on fri hey. Of course i expect a welcome party and lots of presents. Ill phone u when i get back. Loads of love nicky x x x x x x x x x,0,159,39,5,hi juan im come home fri hey cours expect welcom parti lot present ill phone get back load love nicki
ham,"Gumby's has a special where a  &lt;#&gt; "" cheese pizza is $2 so I know what we're doin tonight",0,95,19,1,gumbi special ltgt chees pizza know doin tonight
spam,A link to your picture has been sent. You can also use http://alto18.co.uk/wave/wave.asp?o=44345,1,96,13,6,link pictur sent also use
ham,Like a personal sized or what,0,29,6,1,like person size
ham,"Same, I'm at my great aunts anniversary party in tarpon springs",0,63,11,1,im great aunt anniversari parti tarpon spring
ham,Cab is available.they pick up and drop at door steps.,0,53,10,3,cab availablethey pick drop door step
ham,ok....take care.umma to you too...,0,34,5,4,oktak careumma
ham,Unlimited texts. Limited minutes.,0,33,4,3,unlimit text limit minut
spam,"Double Mins & 1000 txts on Orange tariffs. Latest Motorola, SonyEricsson & Nokia with Bluetooth FREE! Call MobileUpd8 on 08000839402 or call2optout/HF8",1,151,22,3,doubl min txt orang tariff latest motorola sonyericsson nokia bluetooth free call mobileupd call optouthf
ham,No problem. We will be spending a lot of quality time together...,0,65,12,3,problem spend lot qualiti time togeth
spam,URGENT This is our 2nd attempt to contact U. Your £900 prize from YESTERDAY is still awaiting collection. To claim CALL NOW 09061702893. ACL03530150PM,1,150,24,4,urgent nd attempt contact prize yesterday still await collect claim call acl pm
ham,Have you heard from this week?,0,30,6,2,heard week
spam,Dear Dave this is your final notice to collect your 4* Tenerife Holiday or #5000 CASH award! Call 09061743806 from landline. TCs SAE Box326 CW25WX 150ppm,1,153,26,3,dear dave final notic collect tenerif holiday cash award call landlin tc sae box cw wx ppm
ham,Yes. Last  practice,0,19,3,2,ye last practic
spam,tells u 2 call 09066358152 to claim £5000 prize. U have 2 enter all ur mobile & personal details @ the prompts. Careful!,1,120,23,4,tell call claim prize enter ur mobil person detail prompt care
ham,No. Thank you. You've been wonderful,0,36,6,3,thank youv wonder
ham,Ü mean it's confirmed... I tot they juz say oni... Ok then...,0,61,12,4,mean confirm tot juz say oni ok
ham,That depends. How would you like to be treated? :),0,50,10,3,depend would like treat
ham,"Right on brah, see you later",0,28,6,1,right brah see later
ham,Waiting in e car 4 my mum lor. U leh? Reach home already?,0,57,13,4,wait car mum lor leh reach home alreadi
spam,Your 2004 account for 07XXXXXXXXX shows 786 unredeemed points. To claim call 08719181259 Identifier code: XXXXX Expires 26.03.05,1,128,18,4,account xxxxxxxxx show unredeem point claim call identifi code xxxxx expir
spam,Do you want a new video handset? 750 anytime any network mins? Half Price Line Rental? Camcorder? Reply or call 08000930705 for delivery tomorrow,1,145,24,5,want new video handset anytim network min half price line rental camcord repli call deliveri tomorrow
ham,Went fast asleep dear.take care.,0,32,5,3,went fast asleep deartak care
ham,No that just means you have a fat head,0,38,9,1,mean fat head
ham,Sounds like a plan! Cardiff is still here and still cold! I'm sitting on the radiator!,0,86,16,4,sound like plan cardiff still still cold im sit radiat
ham,Serious? What like proper tongued her,0,37,6,2,seriou like proper tongu
ham,She.s good. She was wondering if you wont say hi but she.s smiling now. So how are you coping with the long distance,0,116,23,5,she good wonder wont say hi she smile cope long distanc
ham,How i noe... She's in da car now... Later then c lar... I'm wearing shorts...,0,77,15,5,noe she da car later lar im wear short
ham,Yeah whatever lol,0,17,3,1,yeah whatev lol
ham,Ard 530 lor. I ok then message ü lor.,0,37,9,3,ard lor ok messag lor
ham,Ok. C u then.,0,13,4,3,ok
ham,Eh ur laptop got no stock lei... He say mon muz come again to take a look c got a not...,0,88,21,3,eh ur laptop got stock lei say mon muz come take look got
ham,No need to ke qi... Ü too bored izzit y suddenly thk of this...,0,63,14,3,need ke qi bore izzit suddenli thk
ham,I wish! I don't think its gonna snow that much. But it will be more than those flurries we usually get that melt before they hit the ground. Eek! We haven't had snow since &lt;#&gt; before I was even born!,0,205,40,6,wish dont think gon na snow much flurri usual get melt hit ground eek havent snow sinc ltgt even born
spam,FREE>Ringtone! Reply REAL or POLY eg REAL1 1. PushButton 2. DontCha 3. BabyGoodbye 4. GoldDigger 5. WeBeBurnin 1st tone FREE and 6 more when u join for £3/wk,1,157,28,7,freerington repli real poli eg real pushbutton dontcha babygoodby golddigg webeburnin st tone free join wk
ham,"Oh really? perform, write a paper, go to a movie AND be home by midnight, huh?",0,78,16,3,oh realli perform write paper go movi home midnight huh
ham,Okay lor... Will they still let us go a not ah? Coz they will not know until later. We drop our cards into the box right?,0,121,26,5,okay lor still let u go ah coz know later drop card box right
ham,How? Izzit still raining?,0,25,4,3,izzit still rain
ham,As if i wasn't having enough trouble sleeping.,0,46,8,2,wasnt enough troubl sleep
ham,I havent add ü yet right..,0,26,6,2,havent add yet right
ham,Lol ... I really need to remember to eat when I'm drinking but I do appreciate you keeping me company that night babe *smiles*,0,126,24,2,lol realli need rememb eat im drink appreci keep compani night babe smile
ham,Babe ? I lost you ... Will you try rebooting ?,0,46,11,4,babe lost tri reboot
ham,Yes. Nigh you cant aha.,0,23,5,3,ye nigh cant aha
ham,I thk ü gotta go home by urself. Cos i'll b going out shopping 4 my frens present.,0,82,18,3,thk got ta go home urself co ill go shop fren present
ham,Nooooooo I'm gonna be bored to death all day. Cable and internet outage.,0,72,13,3,nooooooo im gon na bore death day cabl internet outag
ham,Sos! Any amount i can get pls.,0,30,7,3,so amount get pl
ham,"Playin space poker, u?",0,22,4,2,playin space poker
ham,How come guoyang go n tell her? Then u told her?,0,48,11,3,come guoyang go tell told
ham,You need to get up. Now.,0,24,6,3,need get
ham,They r giving a second chance to rahul dengra.,0,46,9,2,give second chanc rahul dengra
ham,"Yeah, in fact he just asked if we needed anything like an hour ago. When and how much?",0,86,18,3,yeah fact ask need anyth like hour ago much
ham,WHEN THE FIRST STRIKE IS A RED ONE. THE BIRD + ANTELOPE BEGIN TOPLAY IN THE FIELDOF SELFINDEPENDENCE BELIEVE THIS + THE FLOWER OF CONTENTION WILL GROW.RANDOM!,0,158,27,4,first strike red one bird antelop begin toplay fieldof selfindepend believ flower content growrandom
ham,Y ü wan to go there? C doctor?,0,30,8,3,wan go doctor
ham,Does daddy have a bb now.,0,25,6,2,daddi bb
spam,"Free Msg: get Gnarls Barkleys ""Crazy"" ringtone TOTALLY FREE just reply GO to this message right now!",1,100,17,2,free msg get gnarl barkley crazi rington total free repli go messag right
ham,She's borderline but yeah whatever.,0,35,5,2,she borderlin yeah whatev
ham,"Until 545 lor... Ya, can go 4 dinner together...",0,48,9,3,lor ya go dinner togeth
ham,I will be gentle princess! We will make sweet gentle love...,0,60,11,3,gentl princess make sweet gentl love
ham,How u doin baby girl ?? hope u are okay every time I call ure phone is off! I miss u get in touch,0,97,24,3,doin babi girl hope okay everi time call ure phone miss get touch
ham,"Sorry, went to bed early, nightnight",0,36,6,1,sorri went bed earli nightnight
ham,I like to think there's always the possibility of being in a pub later.,0,71,14,2,like think there alway possibl pub later
ham,HMM yeah if your not too grooved out! And im looking forward to my pound special :),0,83,17,2,hmm yeah groov im look forward pound special
ham,I got to video tape pple type in message lor. U so free wan 2 help me? Hee... Cos i noe u wan 2 watch infernal affairs so ask u along. Asking shuhui oso.,0,153,34,6,got video tape pple type messag lor free wan help hee co noe wan watch infern affair ask along ask shuhui oso
ham,Hi dude hw r u da realy mising u today,0,38,10,1,hi dude hw da reali mise today
ham,Me hungry buy some food good lei... But mum n yun dun wan juz buy a little bit...,0,81,18,3,hungri buy food good lei mum yun dun wan juz buy littl bit
spam,Refused a loan? Secured or Unsecured? Can't get credit? Call free now 0800 195 6669 or text back 'help' & we will!,1,114,22,5,refus loan secur unsecur cant get credit call free text back help
ham,I probably won't eat at all today. I think I'm gonna pop. How was your weekend? Did u miss me?,0,94,20,5,probabl wont eat today think im gon na pop weekend miss
ham,I knew it... U slept v late yest? Wake up so late...,0,52,12,4,knew slept late yest wake late
ham,Haha... dont be angry with yourself... Take it as a practice for the real thing. =),0,83,16,4,haha dont angri take practic real thing
ham,Where is that one day training:-),0,33,6,1,one day train
ham,So i could kiss and feel you next to me...,0,42,10,2,could kiss feel next
ham,Have a nice day my dear.,0,24,6,2,nice day dear
ham,I sent lanre fakeye's Eckankar details to the mail box,0,54,10,1,sent lanr fakey eckankar detail mail box
ham,Your dad is back in ph?,0,23,6,2,dad back ph
spam,"You have been specially selected to receive a ""3000 award! Call 08712402050 BEFORE the lines close. Cost 10ppm. 16+. T&Cs apply. AG Promo",1,137,23,6,special select receiv award call line close cost ppm tc appli ag promo
ham,If you ask her or she say any please message.,0,45,10,2,ask say pleas messag
ham,"If e timing can, then i go w u lor...",0,37,10,2,time go lor
ham,I was just callin to say hi. Take care bruv!,0,44,10,3,callin say hi take care bruv
spam,YOU HAVE WON! As a valued Vodafone customer our computer has picked YOU to win a £150 prize. To collect is easy. Just call 09061743386,1,134,25,4,valu vodafon custom comput pick win prize collect easi call
ham,Did u turn on the heater? The heater was on and set to &lt;#&gt; degrees.,0,73,15,3,turn heater heater set ltgt degre
ham,Thanks for your message. I really appreciate your sacrifice. I'm not sure of the process of direct pay but will find out on my way back from the test tomorrow. I'm in class now. Do have a wonderful day.,0,202,39,6,thank messag realli appreci sacrific im sure process direct pay find way back test tomorrow im class wonder day
ham,"That's the trouble with classes that go well - you're due a dodgey one … Expecting mine tomo! See you for recovery, same time, same place",0,137,26,2,that troubl class go well your due dodgey one expect mine tomo see recoveri time place
spam,Free video camera phones with Half Price line rental for 12 mths and 500 cross ntwk mins 100 txts. Call MobileUpd8 08001950382 or Call2OptOut/674&,1,146,24,2,free video camera phone half price line rental mth cross ntwk min txt call mobileupd call optout
ham,WOT U UP 2 J?,0,13,5,2,wot
ham,"Night night, see you tomorrow",0,29,5,1,night night see tomorrow
ham,Roger that. We‘re probably going to rem in about 20,0,51,10,2,roger probabl go rem
ham,do u think that any girl will propose u today by seing ur bloody funky shit fucking face...............asssssholeeee................,0,132,18,3,think girl propos today se ur bloodi funki shit fuck faceasssssholeee
ham,I wish u were here. I feel so alone,0,35,9,2,wish feel alon
ham,Reason is if the team budget is available at last they buy the unsold players for at base rate..,0,96,19,2,reason team budget avail last buy unsold player base rate
ham,CERI U REBEL! SWEET DREAMZ ME LITTLE BUDDY!! C YA 2MORO! WHO NEEDS BLOKES,0,73,14,4,ceri rebel sweet dreamz littl buddi ya moro need bloke
spam,ringtoneking 84484,1,18,2,1,ringtonek
ham,Huh i cant thk of more oredi how many pages do we have?,0,55,13,2,huh cant thk oredi mani page
ham,His frens go then he in lor. Not alone wif my mum n sis lor.,0,60,15,3,fren go lor alon wif mum si lor
ham,Nationwide auto centre (or something like that) on Newport road. I liked them there,0,83,14,2,nationwid auto centr someth like newport road like
ham,"Hey, I missed you tm of last night as my phone was on the charge ... *smiles* ... I am meeting a friend shortly",0,111,24,3,hey miss tm last night phone charg smile meet friend shortli
ham,"Whatever, juliana. Do whatever you want.",0,40,6,3,whatev juliana whatev want
spam,Ringtone Club: Gr8 new polys direct to your mobile every week !,1,63,12,2,rington club gr new poli direct mobil everi week
ham,"Hello. Sort of out in town already. That . So dont rush home, I am eating nachos. Will let you know eta.",0,104,22,6,hello sort town alreadi dont rush home eat nacho let know eta
ham,Ok lor. Anyway i thk we cant get tickets now cos like quite late already. U wan 2 go look 4 ur frens a not? Darren is wif them now...,0,133,30,5,ok lor anyway thk cant get ticket co like quit late alreadi wan go look ur fren darren wif
spam,(Bank of Granite issues Strong-Buy) EXPLOSIVE PICK FOR OUR MEMBERS *****UP OVER 300% *********** Nasdaq Symbol CDGT That is a $5.00 per..,1,137,22,3,bank granit issu strongbuy explos pick member nasdaq symbol cdgt per
ham,"Dizzamn, aight I'll ask my suitemates when I get back",0,53,10,1,dizzamn aight ill ask suitem get back
ham,"Nimbomsons. Yep phone knows that one. Obviously, cos thats a real word",0,70,12,3,nimbomson yep phone know one obvious co that real word
ham,I love to cuddle! I want to hold you in my strong arms right now...,0,67,15,3,love cuddl want hold strong arm right
ham,R u in this continent?,0,22,5,2,contin
ham,We'll you pay over like  &lt;#&gt; yrs so its not too difficult,0,63,12,1,well pay like ltgt yr difficult
spam,Bored housewives! Chat n date now! 0871750.77.11! BT-national rate 10p/min only from landlines!,1,95,13,7,bore housewif chat date btnation rate pmin landlin
spam,We tried to call you re your reply to our sms for a video mobile 750 mins UNLIMITED TEXT free camcorder Reply or call now 08000930705 Del Thurs,1,143,28,1,tri call repli sm video mobil min unlimit text free camcord repli call del thur
ham,K...k...when will you give treat?,0,33,5,4,kkwhen give treat
spam,"This is the 2nd time we have tried to contact u. U have won the £400 prize. 2 claim is easy, just call 087104711148 NOW! Only 10p per minute. BT-national-rate",1,158,30,5,nd time tri contact prize claim easi call per minut btnationalr
ham,He's just gonna worry for nothing. And he won't give you money its no use.,0,74,15,3,he gon na worri noth wont give money use
ham,Did you get any gift? This year i didnt get anything. So bad,0,60,13,3,get gift year didnt get anyth bad
ham,Well there's a pattern emerging of my friends telling me to drive up and come smoke with them and then telling me that I'm a weed fiend/make them smoke too much/impede their doing other things so you see how I'm hesitant,0,220,41,1,well there pattern emerg friend tell drive come smoke tell im weed fiendmak smoke muchimped thing see im hesit
ham,", ow u dey.i paid 60,400thousad.i told  u would call .",0,54,11,4,ow deyi paid thousadi told would call
ham,IM FINE BABES AINT BEEN UP 2 MUCH THO! SAW SCARY MOVIE YEST ITS QUITE FUNNY! WANT 2MRW AFTERNOON? AT TOWN OR MALL OR SUMTHIN?xx,0,127,25,5,im fine babe aint much tho saw scari movi yest quit funni want mrw afternoon town mall sumthinxx
ham,I'm reaching home in 5 min.,0,27,6,2,im reach home min
ham,"Forgot you were working today! Wanna chat, but things are ok so drop me a text when you're free / bored etc and i'll ring. Hope all is well, nose essay and all xx",0,162,34,3,forgot work today wan na chat thing ok drop text your free bore etc ill ring hope well nose essay xx
ham,Ha... Then we must walk to everywhere... Cannot take tram. My cousin said can walk to vic market from our hotel,0,111,21,4,ha must walk everywher take tram cousin said walk vic market hotel
ham,Discussed with your mother ah?,0,30,5,2,discuss mother ah
ham,"Sorry, I can't text &amp; drive coherently, see you in twenty",0,61,11,1,sorri cant text amp drive coher see twenti
spam,You will be receiving this week's Triple Echo ringtone shortly. Enjoy it!,1,73,12,3,receiv week tripl echo rington shortli enjoy
ham,In which place i can get rooms cheap:-),0,39,8,1,place get room cheap
ham,Eek that's a lot of time especially since American Pie is like 8 minutes long. I can't stop singing it.,0,103,20,3,eek that lot time especi sinc american pie like minut long cant stop sing
ham,GRAN ONLYFOUND OUT AFEW DAYS AGO.CUSOON HONI,0,44,7,2,gran onlyfound afew day agocusoon honi
spam,"U've been selected to stay in 1 of 250 top British hotels - FOR NOTHING! Holiday valued at £350! Dial 08712300220 to claim - National Rate Call. Bx526, SW73SS",1,158,29,4,uve select stay top british hotel noth holiday valu dial claim nation rate call bx sw s
ham,University of southern california.,0,34,4,2,univers southern california
ham,We have to pick rayan macleran there.,0,37,7,2,pick rayan macleran
ham,U gd lor go shopping i got stuff to do. U wan 2 watch infernal affairs a not? Come lar...,0,89,20,4,gd lor go shop got stuff wan watch infern affair come lar
ham,Well. Balls. Time to make calls,0,31,6,3,well ball time make call
ham,Wat time ü wan today?,0,21,5,2,wat time wan today
ham,&lt;#&gt;  in mca. But not conform.,0,35,6,3,ltgt mca conform
ham,Oh ok.. Wat's ur email?,0,23,5,3,oh ok wat ur email
ham,"Yes, princess. Are you going to make me moan?",0,45,9,3,ye princess go make moan
ham,Lol its ok I didn't remember til last nite,0,42,9,1,lol ok didnt rememb til last nite
ham,"[…] anyway, many good evenings to u! s",0,38,8,2,anyway mani good even
ham,"Cool, I'll text you in a few",0,28,7,1,cool ill text
ham,"Sorry vikky, i'm Watching olave mandara movie kano in trishul theatre wit my frnds..",0,84,14,2,sorri vikki im watch olav mandara movi kano trishul theatr wit frnd
ham,I'm very happy for you babe ! Woo hoo party on dude!,0,52,12,3,im happi babe woo hoo parti dude
ham,I am taking you for italian food. How about a pretty dress with no panties? :),0,78,16,3,take italian food pretti dress panti
ham,Wot u up 2? Thout u were gonna call me!! Txt bak luv K,0,54,14,3,wot thout gon na call txt bak luv
spam,YOU ARE CHOSEN TO RECEIVE A £350 AWARD! Pls call claim number 09066364311 to collect your award which you are selected to receive as a valued mobile customer.,1,158,28,3,chosen receiv award pl call claim number collect award select receiv valu mobil custom
ham,How are you holding up?,0,23,5,2,hold
ham,Dont flatter yourself... Tell that man of mine two pints of carlin in ten minutes please....,0,92,16,3,dont flatter tell man mine two pint carlin ten minut pleas
ham,Hope you are not scared!,0,24,5,2,hope scare
ham,I'm at home n ready...,0,22,5,2,im home readi
ham,What time do u get out?,0,23,6,2,time get
ham,I am literally in bed and have been up for like  &lt;#&gt;  hours,0,65,13,1,liter bed like ltgt hour
ham,"Yes, my reg is  Ciao!",0,21,5,2,ye reg ciao
ham,If You mean the website. Yes.,0,29,6,3,mean websit ye
spam,Win a £1000 cash prize or a prize worth £5000,1,45,10,1,win cash prize prize worth
spam,"Thanks for your ringtone order, reference number X49.Your mobile will be charged 4.50. Should your tone not arrive please call customer services 09065989182",1,156,23,4,thank rington order refer number mobil charg tone arriv pleas call custom servic
ham,Lol or I could just starve and lose a pound by the end of the day.,0,66,16,2,lol could starv lose pound end day
ham,Yeah that's the impression I got,0,32,6,1,yeah that impress got
ham,Ok ok take care. I can understand.,0,34,7,3,ok ok take care understand
ham,"Motivate Behind every darkness, there is a shining light waiting for you to find it... Behind every best friend, there is always trust and love... BSLVYL",0,153,26,3,motiv behind everi dark shine light wait find behind everi best friend alway trust love bslvyl
ham,"Ya ok, then had dinner?",0,23,5,2,ya ok dinner
ham,I was slept that time.you there?,0,32,6,3,slept timey
ham,dont make ne plans for nxt wknd coz she wants us to come down then ok,0,69,16,1,dont make ne plan nxt wknd coz want u come ok
ham,When is school starting. Where will you stay. What's the weather like. And the food. Do you have a social support system like friends in the school. All these things are important.,0,180,32,7,school start stay what weather like food social support system like friend school thing import
ham,"Ha ha nan yalrigu heltini..Iyo kothi chikku, u shared many things wit me..so far i didn't told any body and even uttered a word abt u.. If ur trusting me so much how can i tell these to others.. Plz nxt time dont use those words to me..ok, chikku:-);-)B-)",0,255,49,6,ha ha nan yalrigu heltiniiyo kothi chikku share mani thing wit meso far didnt told bodi even utter word abt ur trust much tell other plz nxt time dont use word meok chikkub
ham,Noice. Text me when you're here,0,31,6,2,noic text your
ham,Hi di is yijue we're meeting at 7 pm at esaplanade tonight.,0,59,12,2,hi di yiju meet pm esaplanad tonight
spam,Moby Pub Quiz.Win a £100 High Street prize if u know who the new Duchess of Cornwall will be? Txt her first name to 82277.unsub STOP £1.50 008704050406 SP,1,154,29,5,mobi pub quizwin high street prize know new duchess cornwal txt first name unsub stop sp
spam,"This weeks SavaMob member offers are now accessible. Just call 08709501522 for details! SavaMob, POBOX 139, LA3 2WU. Only £1.50/week. SavaMob - offers mobile!",1,158,24,7,week savamob member offer access call detail savamob pobox la wu week savamob offer mobil
ham,"Aight I've been set free, think you could text me blake's address? It occurs to me I'm not quite as sure what I'm doing as I thought I was",0,138,29,2,aight ive set free think could text blake address occur im quit sure im thought
ham,Hi dear we saw dear. We both are happy. Where you my battery is low,0,67,15,3,hi dear saw dear happi batteri low
ham,How are you. Its been ages. How's abj,0,37,8,3,age how abj
ham,Prof: you have passed in all the papers in this sem congrats . . . . Student: Enna kalaachutaarama..!! Prof:???? Gud mrng!,0,122,22,8,prof pass paper sem congrat student enna kalaachutaarama prof gud mrng
ham,Dont kick coco when he's down,0,29,6,1,dont kick coco he
ham,Fyi I'm gonna call you sporadically starting at like  &lt;#&gt;  bc we are not not doin this shit,0,97,18,1,fyi im gon na call sporad start like ltgt bc doin shit
spam,"You are being contacted by our Dating Service by someone you know! To find out who it is, call from your mobile or landline 09064017305 PoBox75LDNS7",1,148,26,2,contact date servic someon know find call mobil landlin pobox ldn
spam,TBS/PERSOLVO. been chasing us since Sept for£38 definitely not paying now thanks to your information. We will ignore them. Kath. Manchester.,1,140,21,6,tbspersolvo chase u sinc sept for£ definit pay thank inform ignor kath manchest
ham,Hope youre not having too much fun without me!! see u tomorrow love jess x,0,75,15,2,hope your much fun without see tomorrow love jess
ham,Ok i wont call or disturb any one. I know all are avoiding me. I am a burden for all,0,84,20,3,ok wont call disturb one know avoid burden
ham,I've reached home n i bathe liao... U can call me now...,0,56,12,3,ive reach home bath liao call
spam,Loans for any purpose even if you have Bad Credit! Tenants Welcome. Call NoWorriesLoans.com on 08717111821,1,106,16,4,loan purpos even bad credit tenant welcom call noworriesloanscom
ham,Was the actual exam harder than NBME,0,36,7,1,actual exam harder nbme
ham,A lot of this sickness thing going round. Take it easy. Hope u feel better soon. Lol,0,84,17,4,lot sick thing go round take easi hope feel better soon lol
spam,87077: Kick off a new season with 2wks FREE goals & news to ur mobile! Txt ur club name to 87077 eg VILLA to 87077,1,114,25,2,kick new season wk free goal news ur mobil txt ur club name eg villa
ham,Hey sathya till now we dint meet not even a single time then how can i saw the situation sathya.,0,96,20,2,hey sathya till dint meet even singl time saw situat sathya
ham,Gam gone after outstanding innings.,0,35,5,2,gam gone outstand inning
ham,O i played smash bros  &lt;#&gt;  religiously.,0,46,7,2,play smash bro ltgt religi
ham,"Sir, good morning. Hope you had a good weekend. I called to let you know that i was able to raise  &lt;#&gt;  from my dad. He however said he would make the rest available by mid feb. This amount is still quite short and i was hoping you would help. Do have a good day. Abiola",0,276,56,7,sir good morn hope good weekend call let know abl rais ltgt dad howev said would make rest avail mid feb amount still quit short hope would help good day abiola
ham,Hurry home. Soup is DONE!,0,25,5,3,hurri home soup done
ham,"Good afternoon, my love. It was good to see your words on YM and get your tm. Very smart move, my slave ... *smiles* ... I drink my coffee and await you.",0,153,32,6,good afternoon love good see word ym get tm smart move slave smile drink coffe await
ham,Quite ok but a bit ex... U better go eat smth now else i'll feel guilty...,0,74,16,3,quit ok bit ex better go eat smth els ill feel guilti
spam,"Orange brings you ringtones from all time Chart Heroes, with a free hit each week! Go to Ringtones & Pics on wap. To stop receiving these tips reply STOP.",1,154,29,4,orang bring rington time chart hero free hit week go rington pic wap stop receiv tip repli stop
ham,Lemme know when you're here,0,27,5,1,lem know your
spam,PRIVATE! Your 2003 Account Statement for 07973788240 shows 800 un-redeemed S. I. M. points. Call 08715203649 Identifier Code: 40533 Expires 31/10/04,1,148,21,6,privat account statement show unredeem point call identifi code expir
ham,He needs to stop going to bed and make with the fucking dealing,0,63,13,1,need stop go bed make fuck deal
ham,"How are you, my Love ? Are you with your brother ? Time to talk english with him ? *grins* Say : Hey Muhommad, Penny says hello from across the sea",0,147,31,4,love brother time talk english grin say hey muhommad penni say hello across sea
spam,We tried to call you re your reply to our sms for a video mobile 750 mins UNLIMITED TEXT + free camcorder Reply of call 08000930705 Now,1,135,27,1,tri call repli sm video mobil min unlimit text free camcord repli call
ham,"Hey doc pls I want to get nice t shirt for my hubby nice fiting ones my budget is  &lt;#&gt; k help pls I will load d card abi hw,keep me posted luv. 2 mj",0,154,35,2,hey doc pl want get nice shirt hubbi nice fite one budget ltgt help pl load card abi hwkeep post luv mj
ham,I remain unconvinced that this isn't an elaborate test of my willpower,0,70,12,1,remain unconvinc isnt elabor test willpow
ham,"Life is nothing wen v get everything. But ""life is everything wen v miss something "". Real value of people wil be realized only in their absence.... gud mrng",0,157,29,4,life noth wen get everyth life everyth wen miss someth real valu peopl wil realiz absenc gud mrng
ham,how are you? I miss you!,0,24,6,3,miss
ham,I ain't answerin no phone at what is actually a pretty reasonable hour but I'm sleepy,0,85,16,1,aint answerin phone actual pretti reason hour im sleepi
ham,"Hey , is * rite u put »10 evey mnth is that all?",0,48,13,2,hey rite put evey mnth
ham,i am going to bed now prin,0,26,7,1,go bed prin
ham,I think just yourself …Thanks and see you tomo,0,46,9,1,think …thank see tomo
ham,If u dun drive then how i go 2 sch.,0,35,10,2,dun drive go sch
ham,I not at home now lei...,0,24,6,2,home lei
spam,GSOH? Good with SPAM the ladies?U could b a male gigolo? 2 join the uk's fastest growing mens club reply ONCALL. mjzgroup. 08714342399.2stop reply STOP. msg@£1.50rcvd,1,166,26,9,gsoh good spam ladiesu could male gigolo join uk fastest grow men club repli oncal mjzgroup stop repli stop
ham,Do u hav any frnd by name ashwini in ur college?,0,48,11,2,hav frnd name ashwini ur colleg
ham,Jus finish my lunch on my way home lor... I tot u dun wan 2 stay in sch today...,0,80,19,3,ju finish lunch way home lor tot dun wan stay sch today
ham,K then 2marrow are you coming to class.,0,39,8,2,marrow come class
spam,"HOT LIVE FANTASIES call now 08707500020 Just 20p per min NTT Ltd, PO Box 1327 Croydon CR9 5WB 0870 is a national rate call",1,122,24,1,hot live fantasi call per min ntt ltd po box croydon cr wb nation rate call
ham,Pls send me your address sir.,0,29,6,2,pl send address sir
ham,I want to lick your pussy now...,0,32,7,2,want lick pussi
ham,"Yo, you gonna still be in stock tomorrow/today? I'm trying to get a dubsack",0,75,14,2,yo gon na still stock tomorrowtoday im tri get dubsack
spam,URGENT! Your Mobile number has been awarded a <UKP>2000 prize GUARANTEED. Call 09061790125 from landline. Claim 3030. Valid 12hrs only 150ppm,1,141,21,5,urgent mobil number award prize guarante call landlin claim valid hr ppm
ham,"I'll see, but prolly yeah",0,25,5,1,ill see prolli yeah
ham,Thought we could go out for dinner. I'll treat you! Seem ok?,0,60,12,4,thought could go dinner ill treat seem ok
ham,Where are you ? What do you do ? How can you stand to be away from me ? Doesn't your heart ache without me ? Don't you wonder of me ? Don't you crave me ?,0,154,37,7,stand away doesnt heart ach without dont wonder dont crave
ham,Sorry. You never hear unless you book it. One was kinda a joke--thet were really looking for skinny white girls. The other was one line--you can only do so much on camera with that. Something like that they're casting on the look.,0,230,42,6,sorri never hear unless book one kinda jokethet realli look skinni white girl one liney much camera someth like theyr cast look
ham,"Sure thing big man. i have hockey elections at 6, shouldn‘t go on longer than an hour though",0,92,18,2,sure thing big man hockey elect go longer hour though
ham,Watch lor. I saw a few swatch one i thk quite ok. Ard 116 but i need 2nd opinion leh...,0,87,20,4,watch lor saw swatch one thk quit ok ard need nd opinion leh
ham,Hiya do u like the hlday pics looked horrible in them so took mo out! Hows the camp Amrca thing? Speak soon Serena:),0,116,23,3,hiya like hlday pic look horribl took mo how camp amrca thing speak soon serena
ham,"Babe! How goes that day ? What are you up to ? I miss you already, my Love ... * loving kiss* ... I hope everything goes well.",0,126,28,7,babe go day miss alreadi love love kiss hope everyth go well
ham,Yunny... I'm goin to be late,0,28,6,2,yunni im goin late
ham,Doc prescribed me morphine cause the other pain meds aren't enough. Waiting for my mom to bring it. That med should kick in fast so I'm gonna try to be on later,0,160,32,3,doc prescrib morphin caus pain med arent enough wait mom bring med kick fast im gon na tri later
ham,"Cool, want me to go to kappa or should I meet you outside mu",0,60,14,1,cool want go kappa meet outsid mu
ham,"Hey sexy buns ! Have I told you ? I adore you, loverboy. I hope you remember to thank your sister in law for those meatballs *grins* ... i love you, babe",0,153,32,5,hey sexi bun told ador loverboy hope rememb thank sister law meatbal grin love babe
ham,May b approve panalam...but it should have more posts..,0,55,9,3,may approv panalambut post
spam,"SPJanuary Male Sale! Hot Gay chat now cheaper, call 08709222922. National rate from 1.5p/min cheap to 7.8p/min peak! To stop texts call 08712460324 (10p/min)",1,157,24,6,spjanuari male sale hot gay chat cheaper call nation rate pmin cheap pmin peak stop text call pmin
ham,Me i'm not workin. Once i get job...,0,36,8,3,im workin get job
ham,And by when you're done I mean now,0,34,8,1,your done mean
ham,"Its Ur luck to Love someone. Its Ur fortune to Love the one who Loves U. But, its a miracle to Love a person who can't Love anyone except U... Gud nyt...",0,153,32,5,ur luck love someon ur fortun love one love miracl love person cant love anyon except gud nyt
ham,Hi baby ive just got back from work and i was wanting to see u allday! I hope i didnt piss u off on the phone today. If u are up give me a call xxx,0,147,36,3,hi babi ive got back work want see allday hope didnt piss phone today give call xxx
spam,FreeMsg Today's the day if you are ready! I'm horny & live in your town. I love sex fun & games! Netcollex Ltd 08700621170150p per msg reply Stop to end,1,152,30,4,freemsg today day readi im horni live town love sex fun game netcollex ltd per msg repli stop end
ham,Is it your yahoo boys that bring in the perf? Or legal.,0,55,12,3,yahoo boy bring perf legal
ham,No need to say anything to me. I know i am an outsider,0,54,13,2,need say anyth know outsid
ham,have you ever had one foot before?,0,34,7,2,ever one foot
ham,Just got to  &lt;#&gt;,0,22,4,1,got ltgt
ham,"Good! No, don‘t need any receipts—well done! (…) Yes, please tell . What‘s her number, i could ring her",0,103,19,4,good need receipt well done ye pleas tell number could ring
ham,Leave it wif me lar... Ü wan to carry meh so heavy... Is da num 98321561 familiar to ü?,0,87,19,4,leav wif lar wan carri meh heavi da num familiar
ham,Beautiful truth : Expression of the face could Be seen by everyone... But the depression of heart Could be understood only By the Loved ones.. Gud Ni8;-),0,153,27,3,beauti truth express face could seen everyon depress heart could understood love one gud ni
ham,Infact happy new year. How are you where are you when are we seeing,0,67,14,2,infact happi new year see
spam,"In The Simpsons Movie released in July 2007 name the band that died at the start of the film? A-Green Day, B-Blue Day, C-Red Day. (Send A, B or C)",1,146,30,3,simpson movi releas juli name band die start film agreen day bblue day cred day send
ham,That's a shame! Maybe cld meet for few hrs tomo?,0,48,10,3,that shame mayb cld meet hr tomo
ham,Lol I would but despite these cramps I like being a girl.,0,57,12,2,lol would despit cramp like girl
ham,I cant wait for cornwall. Hope tonight isnt too bad as well but its rock night shite. Anyway im going for a kip now have a good night. Speak to you soon.,0,157,32,5,cant wait cornwal hope tonight isnt bad well it rock night shite anyway im go kip good night speak soon
ham,Pls help me tell sura that i'm expecting a battery from hont. And that if should pls send me a message about how to download movies. Thanks,0,139,27,3,pl help tell sura im expect batteri hont pl send messag download movi thank
spam,Please call Amanda with regard to renewing or upgrading your current T-Mobile handset free of charge. Offer ends today. Tel 0845 021 3680 subject to T's and C's,1,160,28,3,pleas call amanda regard renew upgrad current tmobil handset free charg offer end today tel subject t c
ham,"Haven't found a way to get another app for your phone, eh ? Will you go to the net cafe ? Did you take that job? Geeee I need you babe. I crave to see you ...",0,158,37,6,havent found way get anoth app phone eh go net cafe take job geeee need babe crave see
ham,I only work from mon to thurs but Sat i cant leh... Booked liao... Which other day u free?,0,90,19,4,work mon thur sat cant leh book liao day free
ham,Ü comin to fetch us oredi...,0,28,6,2,comin fetch u oredi
ham,What's nannys address?,0,22,3,2,what nanni address
ham,Haf u eaten? Wat time u wan me 2 come?,0,38,10,3,haf eaten wat time wan come
spam,Want a new Video Phone? 750 anytime any network mins? Half price line rental free text for 3 months? Reply or call 08000930705 for free delivery,1,144,26,4,want new video phone anytim network min half price line rental free text month repli call free deliveri
ham,"Yo, call me when you get the chance, a friend of mine wanted me to ask you about a big order",0,92,21,1,yo call get chanc friend mine want ask big order
ham,This single single answers are we fighting? Plus i said am broke and you didnt reply,0,84,16,2,singl singl answer fight plu said broke didnt repli
ham,It certainly puts things into perspective when something like this happens,0,74,11,1,certainli put thing perspect someth like happen
ham,Now got tv 2 watch meh? U no work today?,0,40,10,3,got tv watch meh work today
ham,i felt so...not any conveying reason.. Ese he... What about me?,0,63,11,5,felt sonot convey reason ese
ham,How's it going? Got any exciting karaoke type activities planned? I'm debating whether to play football this eve. Feeling lazy though.,0,134,21,5,how go got excit karaok type activ plan im debat whether play footbal eve feel lazi though
ham,I told that am coming on wednesday.,0,35,7,2,told come wednesday
ham,"Its ok, called mom instead have fun",0,35,7,1,ok call mom instead fun
spam,"Dear Voucher Holder, To claim this weeks offer, at your PC please go to http://www.wtlp.co.uk/text. Ts&Cs apply.",1,112,17,6,dear voucher holder claim week offer pc pleas go tsc appli
ham,Well if I'm that desperate I'll just call armand again,0,54,10,1,well im desper ill call armand
ham,Are you at work right now ?,0,27,7,2,work right
ham,Haven't heard anything and he's not answering my texts so I'm guessing he flaked. That said the jb is fantastic,0,111,20,2,havent heard anyth he answer text im guess flake said jb fantast
ham,"Mmmmmm ... I love you,so much, Ahmad ... I can't wait for this year to begin as every second takes me closer to being at your side. Happy New Year, my love!!",0,157,32,5,mmmmmm love youso much ahmad cant wait year begin everi second take closer side happi new year love
ham,Pls what's the full name of joke's school cos fees in university of florida seem to actually be  &lt;#&gt; k. Pls holla back,0,124,23,2,pl what full name joke school co fee univers florida seem actual ltgt pl holla back
ham,Ok... But they said i've got wisdom teeth hidden inside n mayb need 2 remove.,0,77,15,3,ok said ive got wisdom teeth hidden insid mayb need remov
ham,And pls pls drink plenty plenty water,0,37,7,1,pl pl drink plenti plenti water
ham,How are you doing. How's the queen. Are you going for the royal wedding,0,71,14,3,how queen go royal wed
ham,He's in lag. That's just the sad part but we keep in touch thanks to skype,0,74,16,2,he lag that sad part keep touch thank skype
ham,Ok lor then we go tog lor...,0,28,7,2,ok lor go tog lor
ham,Two teams waiting for some players,0,34,6,1,two team wait player
ham,Can ü send me a copy of da report?,0,34,9,2,send copi da report
ham,"swhrt how u dey,hope ur ok, tot about u 2day.love n miss.take care.",0,67,13,4,swhrt deyhop ur ok tot daylov misstak care
ham,"Ok da, i already planned. I wil pick you.",0,41,9,3,ok da alreadi plan wil pick
spam,"Urgent! Please call 0906346330. Your ABTA complimentary 4* Spanish Holiday or £10,000 cash await collection SAE T&Cs BOX 47 PO19 2EZ 150ppm 18+",1,143,23,3,urgent pleas call abta complimentari spanish holiday cash await collect sae tc box po ez ppm
ham,I just really need shit before tomorrow and I know you won't be awake before like 6,0,83,17,1,realli need shit tomorrow know wont awak like
ham,I'm good. Have you registered to vote?,0,38,7,3,im good regist vote
ham,"Hmm ok, i'll stay for like an hour cos my eye is really sore!",0,61,14,2,hmm ok ill stay like hour co eye realli sore
ham,Dear got bus directly to calicut,0,32,6,1,dear got bu directli calicut
ham,Mm umma ask vava also to come tell him can play later together,0,62,13,1,mm umma ask vava also come tell play later togeth
ham,"Well the general price is  &lt;#&gt; /oz, let me know if/when/how much you want",0,79,14,1,well gener price ltgt oz let know ifwhenhow much want
ham,"Each Moment in a day,has its own value-Morning brings hope,afternoon brings faith,Evening brings luv,Night brings rest,Wish u find them all today.Good Morning",0,158,22,2,moment dayha valuemorn bring hopeafternoon bring faitheven bring luvnight bring restwish find todaygood morn
ham,&lt;#&gt;  w jetton ave if you forgot,0,37,7,1,ltgt jetton ave forgot
ham,Ok i'm coming home now.,0,23,5,2,ok im come home
ham,Can not use foreign stamps in this country.,0,43,8,2,use foreign stamp countri
ham,"Sorry, it's a lot of friend-of-a-friend stuff, I'm just now about to talk to the actual guy who wants to buy",0,108,21,1,sorri lot friendofafriend stuff im talk actual guy want buy
spam,"cmon babe, make me horny, *turn* me on! Txt me your fantasy now babe -) Im hot, sticky and need you now. All replies cost £1.50. 2 cancel send STOP",1,147,30,5,cmon babe make horni turn txt fantasi babe im hot sticki need repli cost cancel send stop
ham,Wylie update: my weed dealer carlos went to freedom and had a class with lunsford,0,81,15,1,wyli updat weed dealer carlo went freedom class lunsford
ham,Are you happy baby ? Are you alright ? Did you take that job ? I hope your fine. I send you a kiss to make you smile from across the sea ... *kiss* *kiss*,0,154,35,6,happi babi alright take job hope fine send kiss make smile across sea kiss kiss
ham,C movie is juz last minute decision mah. Juz watch 2 lar but i tot ü not interested.,0,84,18,3,movi juz last minut decis mah juz watch lar tot interest
ham,How are you enjoying this semester? Take care brother.,0,54,9,3,enjoy semest take care brother
spam,IMPORTANT INFORMATION 4 ORANGE USER 0796XXXXXX. TODAY IS UR LUCKY DAY!2 FIND OUT WHY LOG ONTO http://www.urawinner.com THERE'S A FANTASTIC PRIZEAWAITING YOU!,1,157,22,6,import inform orang user xxxxxx today ur lucki day find log onto there fantast prizeawait
ham,"Get the door, I'm here",0,22,5,1,get door im
ham,"Lets use it next week, princess :)",0,34,7,1,let use next week princess
ham,Or i go home first lar ü wait 4 me lor.. I put down my stuff first..,0,68,17,3,go home first lar wait lor put stuff first
ham,I want kfc its Tuesday. Only buy 2 meals ONLY 2. No gravy. Only 2 Mark. 2!,0,74,17,6,want kfc tuesday buy meal gravi mark
ham,No da:)he is stupid da..always sending like this:)don believe any of those message.pandy is a mental:),0,102,16,3,dahe stupid daalway send like thisdon believ messagepandi mental
ham,Oi when you gonna ring,0,22,5,1,oi gon na ring
spam,Missed call alert. These numbers called but left no message. 07008009200,1,72,11,3,miss call alert number call left messag
ham,I attended but nothing is there.,0,32,6,2,attend noth
ham,Ard 530 like dat lor. We juz meet in mrt station then ü dun haf to come out.,0,76,18,3,ard like dat lor juz meet mrt station dun haf come
ham,No dear i was sleeping :-P,0,26,6,1,dear sleep
ham,Er mw im filled tuth is aight,0,29,7,1,er mw im fill tuth aight
ham,Will be office around 4 pm. Now i am going hospital.,0,52,11,3,offic around pm go hospit
ham,Actually i'm waiting for 2 weeks when they start putting ad.,0,60,11,2,actual im wait week start put ad
ham,Anything lor if they all go then i go lor...,0,44,10,2,anyth lor go go lor
ham,U free on sat rite? U wan 2 watch infernal affairs wif me n darren n mayb xy?,0,77,18,3,free sat rite wan watch infern affair wif darren mayb xy
ham,Yo you around? A friend of mine's lookin to pick up later tonight,0,65,13,2,yo around friend mine lookin pick later tonight
ham,Stupid auto correct on my phone,0,31,6,1,stupid auto correct phone
ham,Double eviction this week - Spiral and Michael and good riddance to them!,0,73,13,2,doubl evict week spiral michael good riddanc
ham,"The world suffers a lot... Not because of the violence of bad people. But because of the silence of good people!, Gud night....",0,127,23,5,world suffer lot violenc bad peopl silenc good peopl gud night
ham,"Ok thats cool. Its , just off either raglan rd or edward rd. Behind the cricket ground. Gimme ring when ur closeby see you tuesday.",0,131,25,5,ok that cool either raglan rd edward rd behind cricket ground gim ring ur closebi see tuesday
ham,Buy one egg for me da..please:),0,31,6,2,buy one egg dapleas
ham,Have you started in skye,0,24,5,1,start skye
ham,Have you bookedthe hut? And also your time off? How are you by the way?,0,71,15,4,bookedth hut also time way
ham,And several to you sir.,0,23,5,2,sever sir
ham,U really pig leh sleep so much. My dad wake me up at 10 smth 2 eat lunch today.,0,79,19,3,realli pig leh sleep much dad wake smth eat lunch today
ham,My love ... I hope your not doing anything drastic. Don't you dare sell your pc or your phone ...,0,97,20,4,love hope anyth drastic dont dare sell pc phone
spam,FREEMSG: Our records indicate you may be entitled to 3750 pounds for the Accident you had. To claim for free reply with YES to this msg. To opt out text STOP,1,157,31,3,freemsg record indic may entitl pound accid claim free repli ye msg opt text stop
ham,Life style garments account no please.,0,38,6,2,life style garment account pleas
ham,Lol wtf random. Btw is that your lunch break,0,44,9,2,lol wtf random btw lunch break
ham,"Sez, hows u & de arab boy? Hope u r all good give my love 2 evry1 love ya eshxxxxxxxxxxx",0,88,20,2,sez how de arab boy hope good give love evri love ya eshxxxxxxxxxxx
ham,"The LAY MAN! Just to let you know you are missed and thought off. Do have a great day. And if you can send me bimbo and ugo's numbers, ill appreciate. Safe",0,155,32,5,lay man let know miss thought great day send bimbo ugo number ill appreci safe
ham,Detroit. The home of snow. Enjoy it.,0,36,7,4,detroit home snow enjoy
spam,Show ur colours! Euro 2004 2-4-1 Offer! Get an England Flag & 3Lions tone on ur phone! Click on the following service message for info!,1,135,25,5,show ur colour euro offer get england flag lion tone ur phone click follow servic messag info
ham,"Aight, I'm chillin in a friend's room so text me when you're on the way",0,71,15,1,aight im chillin friend room text your way
ham,Is toshiba portege m100 gd?,0,27,5,2,toshiba porteg gd
ham,Well welp is sort of a semiobscure internet thing,0,49,9,1,well welp sort semiobscur internet thing
spam,Text PASS to 69669 to collect your polyphonic ringtones. Normal gprs charges apply only. Enjoy your tones,1,105,17,3,text pa collect polyphon rington normal gpr charg appli enjoy tone
spam,"accordingly. I repeat, just text the word ok on your mobile phone and send",1,74,14,2,accordingli repeat text word ok mobil phone send
ham,Loosu go to hospital. De dont let it careless.,0,46,9,3,loosu go hospit de dont let careless
ham,How much for an eighth?,0,23,5,2,much eighth
ham,Omg Joanna is freaking me out. She's looked thru all my friends to find photos of me. And then she's asking about stuff on my MySpace which I haven't even logged on in like a year. :/,0,183,37,4,omg joanna freak she look thru friend find photo she ask stuff myspac havent even log like year
ham,"Send ur birthdate with month and year, I will tel u ur LIFE PARTNER'S name. and the method of calculation. Reply must.",0,118,22,4,send ur birthdat month year tel ur life partner name method calcul repli must
ham,Juz now havent woke up so a bit blur blur... Can? Dad went out liao... I cant cum now oso...,0,92,20,5,juz havent woke bit blur blur dad went liao cant cum oso
ham,"How about clothes, jewelry, and trips?",0,38,6,2,cloth jewelri trip
spam,Block Breaker now comes in deluxe format with new features and great graphics from T-Mobile. Buy for just £5 by replying GET BBDELUXE and take the challenge,1,156,27,2,block breaker come delux format new featur great graphic tmobil buy repli get bbdelux take challeng
ham,Aah! A cuddle would be lush! I'd need lots of tea and soup before any kind of fumbling!,0,87,18,4,aah cuddl would lush id need lot tea soup kind fumbl
spam,important information 4 orange user . today is your lucky day!2find out why log onto http://www.urawinner.com THERE'S A FANTASTIC SURPRISE AWAITING YOU!,1,152,22,6,import inform orang user today lucki day find log onto there fantast surpris await
ham,Are you plans with your family set in stone ?,0,45,10,2,plan famili set stone
ham,Pls dont forget to study,0,24,5,1,pl dont forget studi
ham,You'll never believe this but i have actually got off at taunton. Wow,0,69,13,2,youll never believ actual got taunton wow
ham,"Den only weekdays got special price... Haiz... Cant eat liao... Cut nails oso muz wait until i finish drivin wat, lunch still muz eat wat...",0,140,25,5,den weekday got special price haiz cant eat liao cut nail oso muz wait finish drivin wat lunch still muz eat wat
ham,She just broke down a list of reasons why nobody's in town and I can't tell if she's being sarcastic or just faggy,0,114,23,1,broke list reason nobodi town cant tell she sarcast faggi
ham,&lt;DECIMAL&gt; m but its not a common car here so its better to buy from china or asia. Or if i find it less expensive. I.ll holla,0,131,27,4,ltdecimalgt common car better buy china asia find less expens ill holla
ham,The greatest test of courage on earth is to bear defeat without losing heart....gn tc,0,85,15,2,greatest test courag earth bear defeat without lose heartgn tc
ham,SORRY IM STIL FUCKED AFTER LAST NITE WENT TOBED AT 430 GOT UP 4 WORK AT 630,0,75,17,1,sorri im stil fuck last nite went tobe got work
ham,Hey so whats the plan this sat?,0,31,7,2,hey what plan sat
ham,Beauty sleep can help ur pimples too.,0,37,7,2,beauti sleep help ur pimpl
ham,Great. Hope you are using your connections from mode men also cos you can never know why old friends can lead you to today,0,122,24,2,great hope use connect mode men also co never know old friend lead today
spam,Natalja (25/F) is inviting you to be her friend. Reply YES-440 or NO-440 See her: www.SMS.ac/u/nat27081980 STOP? Send STOP FRND to 62468,1,136,22,5,natalja invit friend repli ye see stop send stop frnd
ham,Where to get those?,0,19,4,2,get
ham,"Kind of. Just missed train cos of asthma attack, nxt one in half hr so driving in. not sure where to park.",0,106,22,4,kind miss train co asthma attack nxt one half hr drive sure park
ham,Ball is moving a lot.will spin in last :)so very difficult to bat:),0,67,13,2,ball move lotwil spin last difficult bat
ham,Haiyoh... Maybe your hamster was jealous of million,0,51,8,2,haiyoh mayb hamster jealou million
ham,Can you please send me my aunty's number,0,40,8,1,pleas send aunti number
ham,I'm glad. You are following your dreams.,0,40,7,3,im glad follow dream
ham,I've reached home finally...,0,28,4,2,ive reach home final
spam,"URGENT. Important information for 02 user. Today is your lucky day! 2 find out why , log onto http://www.urawinner.com there is a fantastic surprise awaiting you !",1,163,27,7,urgent import inform user today lucki day find log onto fantast surpris await
ham,"Wn u r hurt by d prsn who s close 2 u, do fight wit dem. Coz somtimes dis fight saves a relation bt being quiet leaves nothin in a relation.. Gud eveB-)",0,152,33,3,wn hurt prsn close fight wit dem coz somtim di fight save relat bt quiet leaf nothin relat gud eveb
ham,U can call now...,0,17,4,2,call
ham,"Science tells that chocolate will melt under the sunlight. Please don't walk under the sunlight. BCoz,I don't want to loss a sweet friend.",0,138,23,4,scienc tell chocol melt sunlight pleas dont walk sunlight bcozi dont want loss sweet friend
ham,Yes. I come to nyc for audiitions and am trying to relocate.,0,60,12,3,ye come nyc audiit tri reloc
ham,I pocked you up there before,0,28,6,1,pock
ham,Congrats. That's great. I wanted to tell you not to tell me your score cos it might make me relax. But its motivating me so thanks for sharing,0,142,28,4,congrat that great want tell tell score co might make relax motiv thank share
ham,I wud never mind if u dont miss me or if u dont need me.. But u wil really hurt me wen u need me &amp; u dont tell me......... Take care:-),0,139,32,3,wud never mind dont miss dont need wil realli hurt wen need amp dont tell take care
ham,Hey mr whats the name of that bill brison book the one about language and words,0,79,16,1,hey mr what name bill brison book one languag word
ham,"Okay, good, no problem, and thanx!",0,34,6,2,okay good problem thanx
ham,"For you information, IKEA is spelled with all caps. That is not yelling. when you thought i had left you, you were sitting on the bed among the mess when i came in. i said we were going after you got home from class. please don't try and bullshit me. It makes me want to listen to you less.",0,290,59,7,inform ikea spell cap yell thought left sit bed among mess came said go got home class pleas dont tri bullshit make want listen less
ham,Call me when u're done...,0,25,5,2,call ure done
ham,G.W.R,0,5,1,3,gwr
ham,You best watch what you say cause I get drunk as a motherfucker,0,63,13,1,best watch say caus get drunk motherfuck
spam,Kit Strip - you have been billed 150p. Netcollex Ltd. PO Box 1013 IG11 OJA,1,74,15,3,kit strip bill netcollex ltd po box ig oja
spam,Please CALL 08712402578 immediately as there is an urgent message waiting for you,1,81,13,1,pleas call immedi urgent messag wait
spam,thesmszone.com lets you send free anonymous and masked messages..im sending this message from there..do you see the potential for abuse???,1,138,20,5,thesmszonecom let send free anonym mask messagesim send messag theredo see potenti abus
ham,"Erm... Woodland avenue somewhere. Do you get the parish magazine, his telephone number will be in there.",0,104,17,4,erm woodland avenu somewher get parish magazin telephon number
ham,Are there TA jobs available? Let me know please cos i really need to start working,0,82,16,2,ta job avail let know pleas co realli need start work
ham,Aiyar hard 2 type. U later free then tell me then i call n scold n tell u.,0,74,18,3,aiyar hard type later free tell call scold tell
ham,Yup i'm free...,0,15,3,2,yup im free
ham,"Good good, billy mates all gone. Just been jogging, again! Did enjoy concert?",0,77,13,4,good good billi mate gone jog enjoy concert
ham,Yo come over carlos will be here soon,0,37,8,1,yo come carlo soon
ham,Awww dat is sweet! We can think of something to do he he! Have a nice time tonight ill probably txt u later cos im lonely :( xxx.,0,129,28,4,awww dat sweet think someth nice time tonight ill probabl txt later co im lone xxx
ham,I guess it is useless calling u 4 something important.,0,54,10,2,guess useless call someth import
ham,Ha ha - had popped down to the loo when you hello-ed me. Hello!,0,63,14,3,ha ha pop loo hello hello
ham,He dint tell anything. He is angry on me that why you told to abi.,0,66,15,3,dint tell anyth angri told abi
ham,It so happens that there r 2waxsto do wat you want. She can come and ill get her medical insurance. And she'll be able to deliver and have basic care. I'm currently shopping for the right medical insurance for her. So just give me til friday morning. Thats when i.ll see the major person that can guide me to the right insurance.,0,329,62,8,happen waxsto wat want come ill get medic insur shell abl deliv basic care im current shop right medic insur give til friday morn that ill see major person guid right insur
ham,I keep ten rs in my shelf:) buy two egg.,0,40,10,2,keep ten r shelf buy two egg
ham,"I wasn't well babe, i have swollen glands at my throat ... What did you end up doing ?",0,86,19,3,wasnt well babe swollen gland throat end
ham,Is ur changes 2 da report big? Cos i've already made changes 2 da previous report.,0,82,16,3,ur chang da report big co ive alreadi made chang da previou report
ham,Captain is in our room:),0,24,5,1,captain room
ham,"I can't speak, bcaz mobile have problem. I can listen you but you cann't listen my voice. So i calls you later.",0,111,22,4,cant speak bcaz mobil problem listen cannt listen voic call later
ham,HIYA STU WOT U UP 2.IM IN SO MUCH TRUBLE AT HOME AT MOMENT EVONE HATES ME EVEN U! WOT THE HELL AV I DONE NOW? Y WONT U JUST TELL ME TEXT BCK PLEASE LUV DAN,0,155,37,4,hiya stu wot im much trubl home moment evon hate even wot hell av done wont tell text bck pleas luv dan
ham,S...i will take mokka players only:),0,36,6,2,si take mokka player
ham,Are you still playing with gautham?,0,35,6,2,still play gautham
ham,Hey mr  and I are going to the sea view and having a couple of gays I mean games! Give me a bell when ya finish,0,111,26,2,hey mr go sea view coupl gay mean game give bell ya finish
ham,"K, jason says he's gonna be around so I'll be up there around  &lt;#&gt;",0,72,14,1,jason say he gon na around ill around ltgt
ham,Sorry . I will be able to get to you. See you in the morning.,0,61,15,4,sorri abl get see morn
ham,Aight well keep me informed,0,27,5,1,aight well keep inform
ham,Am only searching for good dual sim mobile pa.,0,46,9,2,search good dual sim mobil pa
ham,That seems unnecessarily hostile,0,32,4,1,seem unnecessarili hostil
ham,Dude got a haircut. Now its breezy up there,0,43,9,2,dude got haircut breezi
spam,"Congrats! 2 mobile 3G Videophones R yours. call 09061744553 now! videochat wid ur mates, play java games, Dload polyH music, noline rentl. bx420. ip4. 5we. 150pm",1,161,26,8,congrat mobil videophon call videochat wid ur mate play java game dload polyh music nolin rentl bx ip pm
ham,1Apple/Day=No Doctor. 1Tulsi Leaf/Day=No Cancer. 1Lemon/Day=No Fat. 1Cup Milk/day=No Bone Problms 3 Litres Watr/Day=No Diseases Snd ths 2 Whom U Care..:-),0,154,21,5,appledayno doctor tulsi leafdayno cancer lemondayno fat cup milkdayno bone problm litr watrdayno diseas snd th care
ham,i thought we were doing a king of the hill thing there.,0,55,12,2,thought king hill thing
ham,Nope i'll come online now..,0,27,5,2,nope ill come onlin
ham,ALSO TELL HIM I SAID HAPPY BIRTHDAY,0,35,7,1,also tell said happi birthday
ham,Y bishan lei... I tot ü say lavender?,0,37,8,3,bishan lei tot say lavend
ham,Boo what time u get out? U were supposed to take me shopping today. :(,0,70,15,3,boo time get suppos take shop today
ham,"Now u sound like manky scouse boy steve,like! I is travelling on da bus home.wot has u inmind 4 recreation dis eve?",0,115,22,4,sound like manki scous boy stevelik travel da bu homewot inmind recreat di eve
ham,"Fyi I'm taking a quick shower, be at epsilon in like  &lt;#&gt;  min",0,68,13,1,fyi im take quick shower epsilon like ltgt min
ham,on a Tuesday night r u 4 real,0,29,8,1,tuesday night real
ham,Yes when is the appt again?,0,27,6,2,ye appt
ham,Just got outta class gonna go gym.,0,34,7,2,got outta class gon na go gym
ham,I want to sent  &lt;#&gt; mesages today. Thats y. Sorry if i hurts,0,66,13,3,want sent ltgt mesag today that sorri hurt
ham,Ü all write or wat..,0,20,5,2,write wat
ham,Ha! I wouldn't say that I just didn't read anything into way u seemed. I don't like 2 be judgemental....i save that for fridays in the pub!,0,139,27,5,ha wouldnt say didnt read anyth way seem dont like judgementali save friday pub
ham,Its a valentine game. . . send dis msg to all ur friends. . If 5 answers r d same then someone really loves u. . Ques- which colour suits me the best?,0,150,33,9,valentin game send di msg ur friend answer someon realli love que colour suit best
ham,Hi:)did you asked to waheeda fathima about leave?,0,49,8,2,hidid ask waheeda fathima leav
ham,Enjoy urself tmr...,0,19,3,2,enjoy urself tmr
ham,You still around? I could use a half-8th,0,40,8,2,still around could use half th
ham,You give us back my id proof and  &lt;#&gt;  rs. We wont allow you to work. We will come to your home within days,0,113,24,3,give u back id proof ltgt r wont allow work come home within day
ham,Ü bot notes oredi... Cos i juz rem i got...,0,43,10,3,bot note oredi co juz rem got
ham,Yes. Rent is very expensive so its the way we save.,0,51,11,3,ye rent expens way save
ham,Hows the pain dear?y r u smiling?,0,33,7,3,how pain deari smile
ham,"Fun fact: although you would think armand would eventually build up a tolerance or some shit considering how much he smokes, he gets fucked up in like 2 hits",0,157,29,1,fun fact although would think armand would eventu build toler shit consid much smoke get fuck like hit
spam,important information 4 orange user 0789xxxxxxx. today is your lucky day!2find out why log onto http://www.urawinner.com THERE'S A FANTASTIC SURPRISE AWAITING YOU!,1,163,22,6,import inform orang user xxxxxxx today lucki day find log onto there fantast surpris await
ham,Great. So should i send you my account number.,0,46,9,3,great send account number
ham,"HELLOGORGEOUS, HOWS U? MY FONE WAS ON CHARGE LST NITW WEN U TEXD ME. HOPEU AD A NICE WKEND AS IM SURE U DID LOOKIN 4WARD 2 C-IN U 2MRW LUV JAZ",0,142,32,3,hellogorg how fone charg lst nitw wen texd hopeu ad nice wkend im sure lookin ward cin mrw luv jaz
spam,"Our dating service has been asked 2 contact U by someone shy! CALL 09058091870 NOW all will be revealed. POBox84, M26 3UZ 150p",1,126,23,3,date servic ask contact someon shi call reveal pobox uz
ham,Ü only send me the contents page...,0,35,7,2,send content page
ham,"Night sweet, sleep well! I've just been to see The Exorcism of Emily Rose and may never sleep again! Hugs and snogs!",0,116,22,4,night sweet sleep well ive see exorc emili rose may never sleep hug snog
ham,"Don't Think About ""What u Have Got"" Think About ""How to Use It That You Have Got"" gooD ni8",0,90,19,1,dont think got think use got good ni
ham,"I can't right this second, gotta hit people up first",0,52,10,1,cant right second got ta hit peopl first
ham,"Evry Emotion dsn't hav Words.Evry Wish dsn't hav Prayrs.. If u Smile,D World is wit u.Othrwise even d Drop of Tear dsn't lik 2 Stay wit u.So b happy.. Good morning, keep smiling:-)",0,180,33,6,evri emot dsnt hav wordsevri wish dsnt hav prayr smile world wit uothrwis even drop tear dsnt lik stay wit uso happi good morn keep smile
ham,So what about you. What do you remember,0,39,8,2,rememb
ham,Ujhhhhhhh computer shipped out with address to sandiago and parantella lane. Wtf. Poop.,0,87,13,4,ujhhhhhhh comput ship address sandiago parantella lane wtf poop
ham,Mm yes dear look how i am hugging you both. :-P,0,47,11,2,mm ye dear look hug
ham,I like dis sweater fr mango but no more my size already so irritating.,0,70,14,2,like di sweater fr mango size alreadi irrit
ham,1 I don't have her number and 2 its gonna be a massive pain in the ass and i'd rather not get involved if that's possible,0,121,26,1,dont number gon na massiv pain as id rather get involv that possibl
ham,Anytime lor...,0,14,2,2,anytim lor
spam,Do you want a new Video handset? 750 any time any network mins? UNLIMITED TEXT? Camcorder? Reply or Call now 08000930705 for del Sat AM,1,135,25,5,want new video handset time network min unlimit text camcord repli call del sat
spam,"Ur balance is now £600. Next question: Complete the landmark, Big, A. Bob, B. Barry or C. Ben ?. Text A, B or C to 83738. Good luck!",1,132,28,8,ur balanc next question complet landmark big bob barri ben text good luck
ham,Me fine..absolutly fine,0,23,3,2,fineabsolutli fine
ham,K and you're sure I don't have to have consent forms to do it :V,0,64,15,1,your sure dont consent form
spam,Ur TONEXS subscription has been renewed and you have been charged £4.50. You can choose 10 more polys this month. www.clubzed.co.uk *BILLING MSG*,1,145,23,7,ur tonex subscript renew charg choos poli month bill msg
spam,"If you don't, your prize will go to another customer. T&C at www.t-c.biz 18+ 150p/min Polo Ltd Suite 373 London W1J 6HL Please call back if busy",1,144,27,4,dont prize go anoth custom tc pmin polo ltd suit london hl pleas call back busi
ham,How much is torch in 9ja.,0,25,6,2,much torch ja
ham,"Doing nothing, then u not having dinner w us?",0,45,9,2,noth dinner u
ham,How are you. Just checking up on you,0,36,8,2,check
ham,Done it but internet connection v slow and can‘t send it. Will try again later or first thing tomo.,0,99,19,3,done internet connect slow send tri later first thing tomo
ham,Mathews or tait or edwards or anderson,0,38,7,1,mathew tait edward anderson
ham,yeah sure thing mate haunt got all my stuff sorted but im going sound anyway promoting hex for .by the way who is this? dont know number. Joke,0,142,28,4,yeah sure thing mate haunt got stuff sort im go sound anyway promot hex way dont know number joke
ham,No need lar i go engin? Cos my sis at arts today...,0,51,12,3,need lar go engin co si art today
ham,Thanks honey but still haven't heard anything I will leave it a bit longer so not 2 crowd him and will try later - great advice thanks hope cardiff is still there!,0,163,32,2,thank honey still havent heard anyth leav bit longer crowd tri later great advic thank hope cardiff still
spam,Do you want a New Nokia 3510i Colour Phone Delivered Tomorrow? With 200 FREE minutes to any mobile + 100 FREE text + FREE camcorder Reply or Call 8000930705,1,156,29,2,want new nokia colour phone deliv tomorrow free minut mobil free text free camcord repli call
ham,", im .. On the snowboarding trip. I was wondering if your planning to get everyone together befor we go..a meet and greet kind of affair? Cheers,",0,145,27,5,im snowboard trip wonder plan get everyon togeth befor goa meet greet kind affair cheer
ham,S.i'm watching it in live..,0,27,5,3,sim watch live
ham,"see you then, we're all christmassy here!",0,41,7,2,see christmassi
ham,"K I'm ready,  &lt;#&gt; ?",0,25,5,2,im readi ltgt
ham,what are your new years plans?,0,30,6,2,new year plan
spam,RECPT 1/3. You have ordered a Ringtone. Your order is being processed...,1,72,12,4,recpt order rington order process
ham,Baaaaaaaabe! Wake up ! I miss you ! I crave you! I need you!,0,60,14,6,baaaaaaaab wake miss crave need
ham,"Only just got this message, not ignoring you. Yes, i was. Shopping that is",0,74,14,3,got messag ignor ye shop
ham,Dear :-/ why you mood off. I cant drive so i brother to drive,0,61,14,2,dear mood cant drive brother drive
ham,When did dad get back.,0,22,5,2,dad get back
ham,"Can you tell Shola to please go to college of medicine and visit the academic department, tell the academic secretary what the current situation is and ask if she can transfer there. She should ask someone to check Sagamu for the same thing and lautech. Its vital she completes her medical education in Nigeria. Its less expensive much less expensive. Unless she will be getting citizen rates in new zealand.",0,408,70,6,tell shola pleas go colleg medicin visit academ depart tell academ secretari current situat ask transfer ask someon check sagamu thing lautech vital complet medic educ nigeria less expens much less expens unless get citizen rate new zealand
ham,Yes just finished watching days of our lives. I love it.,0,56,11,3,ye finish watch day life love
ham,Juz go google n search 4 qet...,0,31,7,2,juz go googl search qet
ham,Many times we lose our best ones bcoz we are,0,44,10,1,mani time lose best one bcoz
ham,"Good FRIENDS CaRE for each Other.. CLoSE Friends UNDERSTaND each Other... and TRUE Friends STaY forever beyond words, beyond time. Gud ni8",0,138,22,4,good friend care close friend understand true friend stay forev beyond word beyond time gud ni
ham,Just getting back home,0,22,4,1,get back home
ham,"Sorry, I'll call later  &lt;#&gt; mins",0,38,6,1,sorri ill call later ltgt min
ham,Dun need to use dial up juz open da browser n surf...,0,53,12,2,dun need use dial juz open da browser surf
spam,As one of our registered subscribers u can enter the draw 4 a 100 G.B. gift voucher by replying with ENTER. To unsubscribe text STOP,1,132,25,4,one regist subscrib enter draw gb gift voucher repli enter unsubscrib text stop
ham,"Awesome, plan to get here any time after like  &lt;#&gt; , I'll text you details in a wee bit",0,93,19,1,awesom plan get time like ltgt ill text detail wee bit
ham,Take care and sleep well.you need to learn to change in life.you only need to get CONVINCED on that.i will wait but no more conversations between us.GET CONVINCED by that time.Your family is over for you in many senses.respect them but not overemphasise.or u have no role in my life.,0,283,50,9,take care sleep wellyou need learn chang lifey need get convinc thati wait convers usget convinc timeyour famili mani sensesrespect overemphasiseor role life
spam,"For your chance to WIN a FREE Bluetooth Headset then simply reply back with ""ADP""",1,81,15,1,chanc win free bluetooth headset simpli repli back adp
ham,You also didnt get na hi hi hi hi hi,0,36,10,1,also didnt get na hi hi hi hi hi
ham,Ya but it cant display internal subs so i gotta extract them,0,60,12,1,ya cant display intern sub got ta extract
ham,If i said anything wrong sorry de:-),0,36,7,1,said anyth wrong sorri de
ham,How stupid to say that i challenge god.You dont think at all on what i write instead you respond immed.,0,103,20,3,stupid say challeng godyou dont think write instead respond im
ham,"Yeah I should be able to, I'll text you when I'm ready to meet up",0,65,15,1,yeah abl ill text im readi meet
ham,V skint too but fancied few bevies.waz gona go meet &othrs in spoon but jst bin watchng planet earth&sofa is v comfey; If i dont make it hav gd night,0,149,30,2,skint fanci bevieswaz gona go meet othr spoon jst bin watchng planet earthsofa comfey dont make hav gd night
ham,"says that he's quitting at least5times a day so i wudn't take much notice of that. Nah, she didn't mind. Are you gonna see him again? Do you want to come to taunton tonight? U can tell me all about !",0,199,41,6,say he quit least time day wudnt take much notic nah didnt mind gon na see want come taunton tonight tell
ham,"When you get free, call me",0,26,6,1,get free call
ham,How have your little darlings been so far this week? Need a coffee run tomo?Can't believe it's that time of week already …,0,122,23,3,littl darl far week need coffe run tomoc believ time week alreadi
ham,Still at west coast... Haiz... Ü'll take forever to come back...,0,64,11,4,still west coast haiz üll take forev come back
ham,MMM ... Fuck .... Merry Christmas to me,0,39,8,3,mmm fuck merri christma
ham,alright. Thanks for the advice. Enjoy your night out. I'ma try to get some sleep...,0,83,15,5,alright thank advic enjoy night ima tri get sleep
ham,Update your face book status frequently :),0,42,7,1,updat face book statu frequent
ham,Just now saw your message.it k da:),0,35,7,2,saw messageit da
ham,Was it something u ate?,0,23,5,2,someth ate
ham,So what did the bank say about the money?,0,41,9,2,bank say money
ham,Aiyar dun disturb u liao... Thk u have lots 2 do aft ur cupboard come...,0,72,15,3,aiyar dun disturb liao thk lot aft ur cupboard come
ham,Hey they r not watching movie tonight so i'll prob b home early...,0,66,13,2,hey watch movi tonight ill prob home earli
ham,Yar lor... How u noe? U used dat route too?,0,43,10,4,yar lor noe use dat rout
ham,2mro i am not coming to gym machan. Goodnight.,0,46,9,3,mro come gym machan goodnight
ham,Dont think you need yellow card for uk travel. Ask someone that has gone before. If you do its just  &lt;#&gt; bucks,0,116,22,3,dont think need yellow card uk travel ask someon gone ltgt buck
ham,Can u look 4 me in da lib i got stuff havent finish yet.,0,56,14,2,look da lib got stuff havent finish yet
ham,Sounds great! Im going to sleep now. Have a good night!,0,55,11,4,sound great im go sleep good night
spam,Don't b floppy... b snappy & happy! Only gay chat service with photo upload call 08718730666 (10p/min). 2 stop our texts call 08712460324,1,137,23,4,dont floppi snappi happi gay chat servic photo upload call pmin stop text call
ham,How come u got nothing to do?,0,29,7,2,come got noth
ham,Nothing will ever be easy. But don't be looking for a reason not to take a risk on life and love,0,96,21,2,noth ever easi dont look reason take risk life love
ham,i want to grasp your pretty booty :),0,36,8,1,want grasp pretti booti
ham,I've got it down to a tea. not sure which flavour,0,49,11,2,ive got tea sure flavour
ham,I'm going 2 orchard now laready me reaching soon. U reaching?,0,61,11,3,im go orchard lareadi reach soon reach
ham,Dear i am not denying your words please,0,39,8,1,dear deni word pleas
ham,You know my old Dom I told you about yesterday ? His name is Roger? He got in touch with me last night and wants me to meet him today at 2 pm,0,141,33,3,know old dom told yesterday name roger got touch last night want meet today pm
ham,COME BACK TO TAMPA FFFFUUUUUUU,0,30,5,1,come back tampa ffffuuuuuuu
ham,"2 celebrate my bday, y else?",0,29,6,2,celebr bday els
ham,Merry christmas to u too annie!,0,31,6,2,merri christma anni
ham,Please tell me you have some of that special stock you were talking about,0,73,14,1,pleas tell special stock talk
ham,I sent them. Do you like?,0,25,6,3,sent like
ham,"Awesome, be there in a minute",0,29,6,1,awesom minut
ham,"And that is the problem. You walk around in ""julianaland"" oblivious to what is going on around you. I say the same things constantly and they go in one ear and out the other while you go off doing whatever you want to do. It's not that you don't know why I'm upset--it's that you don't listen when i tell you WHAT is going to upset me. Then you want to be surprised when I'm mad.",0,379,76,6,problem walk around julianaland oblivi go around say thing constantli go one ear go whatev want dont know im upsetit dont listen tell go upset want surpris im mad
ham,I've told you everything will stop. Just dont let her get dehydrated.,0,69,12,3,ive told everyth stop dont let get dehydr
ham,Or I guess  &lt;#&gt;  min,0,26,5,1,guess ltgt min
ham,I'm home. Ard wat time will u reach?,0,36,8,3,im home ard wat time reach
ham,"If you want to mapquest it or something look up ""usf dogwood drive"", that's the tiny street where the parking lot is",0,116,22,1,want mapquest someth look usf dogwood drive that tini street park lot
ham,Aight should I just plan to come up later tonight?,0,50,10,2,aight plan come later tonight
ham,Die... I accidentally deleted e msg i suppose 2 put in e sim archive. Haiz... I so sad...,0,89,18,5,die accident delet msg suppos put sim archiv haiz sad
spam,"Welcome to UK-mobile-date this msg is FREE giving you free calling to 08719839835. Future mgs billed at 150p daily. To cancel send ""go stop"" to 89123",1,149,26,3,welcom ukmobiled msg free give free call futur mg bill daili cancel send go stop
ham,This is wishing you a great day. Moji told me about your offer and as always i was speechless. You offer so easily to go to great lengths on my behalf and its stunning. My exam is next friday. After that i will keep in touch more. Sorry.,0,237,48,7,wish great day moji told offer alway speechless offer easili go great length behalf stun exam next friday keep touch sorri
ham,"Thanks again for your reply today. When is ur visa coming in. And r u still buying the gucci and bags. My sister things are not easy, uncle john also has his own bills so i really need to think about how to make my own money. Later sha.",0,236,49,6,thank repli today ur visa come still buy gucci bag sister thing easi uncl john also bill realli need think make money later sha
ham,"Sorry I flaked last night, shit's seriously goin down with my roommate, what you up to tonight?",0,95,17,2,sorri flake last night shit serious goin roommat tonight
ham,He said i look pretty wif long hair wat. But i thk he's cutting quite short 4 me leh.,0,85,19,3,said look pretti wif long hair wat thk he cut quit short leh
ham,CHEERS FOR CALLIN BABE.SOZI CULDNT TALKBUT I WANNATELL U DETAILS LATER WENWECAN CHAT PROPERLY X,0,95,15,2,cheer callin babesozi culdnt talkbut wannatel detail later wenwecan chat properli
ham,Hey u still at the gym?,0,23,6,2,hey still gym
ham,Much better now thanks lol,0,26,5,1,much better thank lol
ham,"Nothing, smsing u n xy lor. Sorry lor da guys neva c u in person but they sort of know u lor. So u wan 2 meet them xy ask me 2 bring u along 4 our next meeting.",0,160,39,4,noth smsing xy lor sorri lor da guy neva person sort know lor wan meet xy ask bring along next meet
ham,"Lemme know when I can swing by and pick up, I'm free basically any time after 1 all this semester",0,97,20,1,lem know swing pick im free basic time semest
ham,Wa... U so efficient... Gee... Thanx...,0,39,6,5,wa effici gee thanx
spam,3. You have received your mobile content. Enjoy,1,47,8,3,receiv mobil content enjoy
ham,S but not able to sleep.,0,24,6,2,abl sleep
spam,Want explicit SEX in 30 secs? Ring 02073162414 now! Costs 20p/min,1,65,11,3,want explicit sex sec ring cost pmin
ham,We will meet soon princess! Ttyl!,0,33,6,3,meet soon princess ttyl
ham,I'll pick you up at about 5.15pm to go to taunton if you still want to come.,0,76,17,3,ill pick pm go taunton still want come
ham,Oh :-)only 4 outside players allowed to play know,0,49,9,1,oh outsid player allow play know
ham,I anything lor.,0,15,3,2,anyth lor
ham,Erutupalam thandiyachu,0,22,2,1,erutupalam thandiyachu
ham,"Y cant u try new invention to fly..i'm not joking.,",0,51,10,3,cant tri new invent flyim joke
ham,No..its ful of song lyrics..,0,28,5,3,noit ful song lyric
ham,"What do u reckon as need 2 arrange transport if u can't do it, thanks",0,69,15,1,reckon need arrang transport cant thank
ham,True lov n care wil nevr go unrecognized. though somone often makes mistakes when valuing it. but they will definitly undrstnd once when they start missing it.,0,159,27,4,true lov care wil nevr go unrecogn though somon often make mistak valu definitli undrstnd start miss
ham,Shopping? Eh ger i toking abt syd leh...Haha,0,44,8,3,shop eh ger toke abt syd lehhaha
ham,What not under standing.,0,24,4,2,stand
ham,have * good weekend.,0,20,4,2,good weekend
ham,Miss call miss call khelate kintu opponenter miss call dhorte lage. Thats d rule. One with great phone receiving quality wins.,0,126,21,4,miss call miss call khelat kintu opponent miss call dhort lage that rule one great phone receiv qualiti win
ham,Call me when you get the chance plz &lt;3,0,41,9,1,call get chanc plz lt
ham,The new deus ex game comin early next yr,0,40,9,1,new deu ex game comin earli next yr
ham,My computer just fried the only essential part we don't keep spares of because my fucking idiot roommates looovvve leaving the thing running on full  &lt;#&gt; /7,0,162,27,1,comput fri essenti part dont keep spare fuck idiot roommat looovvv leav thing run full ltgt
ham,"My friend, she's studying at warwick, we've planned to go shopping and to concert tmw, but it may be canceled, havn't seen  for ages, yeah we should get together sometime!",0,171,30,2,friend she studi warwick weve plan go shop concert tmw may cancel havnt seen age yeah get togeth sometim
ham,Probably a couple hours tops,0,28,5,1,probabl coupl hour top
ham,"LOL .. *grins* .. I'm not babe, but thanks for thinking of me!",0,62,13,4,lol grin im babe thank think
ham,Man this bus is so so so slow. I think you're gonna get there before me,0,71,16,2,man bu slow think your gon na get
ham,Hope this text meets you smiling. If not then let this text give you a reason to smile. Have a beautiful day.,0,109,22,4,hope text meet smile let text give reason smile beauti day
ham,"In case you wake up wondering where I am, I forgot I have to take care of something for grandma today, should be done before the parade",0,135,27,1,case wake wonder forgot take care someth grandma today done parad
spam,"Latest Nokia Mobile or iPOD MP3 Player +£400 proze GUARANTEED! Reply with: WIN to 83355 now! Norcorp Ltd.£1,50/Mtmsgrcvd18+",1,123,18,4,latest nokia mobil ipod mp player proze guarante repli win norcorp ltd£ mtmsgrcvd
spam,"SMS SERVICES. for your inclusive text credits, pls goto www.comuk.net login= 3qxj9 unsubscribe with STOP, no extra charge. help 08702840625.COMUK. 220-CM2 9AE",1,158,22,7,sm servic inclus text credit pl goto login qxj unsubscrib stop extra charg help comuk cm ae
ham,Nvm take ur time.,0,17,4,2,nvm take ur time
ham,So wat's da decision?,0,21,4,2,wat da decis
ham,Wot is u up 2 then bitch?,0,25,7,2,wot bitch
ham,She told to hr that he want posting in chennai:)because i'm working here:),0,74,13,1,told hr want post chennaibecaus im work
spam,Mobile Club: Choose any of the top quality items for your mobile. 7cfca1a,1,73,13,2,mobil club choos top qualiti item mobil cfca
ham,When are you guys leaving?,0,26,5,2,guy leav
ham,He neva grumble but i sad lor... Hee... Buy tmr lor aft lunch. But we still meetin 4 lunch tmr a not. Neva hear fr them lei. Ü got a lot of work ar?,0,148,34,7,neva grumbl sad lor hee buy tmr lor aft lunch still meetin lunch tmr neva hear fr lei got lot work ar
ham,Not able to do anything.,0,24,5,2,abl anyth
ham,Ü takin linear algebra today?,0,29,5,2,takin linear algebra today
ham,This weekend is fine (an excuse not to do too much decorating),0,62,12,1,weekend fine excus much decor
ham,"Sorry I missed you babe. I was up late and slept in. I hope you enjoy your driving lesson, boytoy. I miss you too ... *teasing kiss*",0,132,27,5,sorri miss babe late slept hope enjoy drive lesson boytoy miss teas kiss
ham,Now project pa. After that only i can come.,0,43,9,3,project pa come
spam,Money i have won wining number 946 wot do i do next,1,51,12,1,money wine number wot next
ham,"Sure, whenever you show the fuck up &gt;:(",0,42,8,1,sure whenev show fuck gt
ham,That was random saw my old roomate on campus. He graduated,0,58,11,2,random saw old roomat campu graduat
ham,"Men always needs a beautiful, intelligent, caring, loving, adjustable, cooperative wife. But the law allows only one wife....",0,125,18,3,men alway need beauti intellig care love adjust cooper wife law allow one wife
ham,That sucks. So what do you got planned for your yo valentine? I am your yo valentine aren't I?,0,94,19,4,suck got plan yo valentin yo valentin arent
ham,"Just got part Nottingham - 3 hrs 63miles. Good thing i love my man so much, but only doing 40mph. Hey ho",0,104,22,3,got part nottingham hr mile good thing love man much mph hey ho
ham,What to think no one saying clearly. Ok leave no need to ask her. I will go if she come or not,0,94,22,3,think one say clearli ok leav need ask go come
ham,Hi good mornin.. Thanku wish u d same..,0,39,8,3,hi good mornin thanku wish
ham,DO U WANT 2 MEET UP 2MORRO,0,26,7,1,want meet morro
ham,Actually I decided I was too hungry so I haven't left yet :V,0,60,13,1,actual decid hungri havent left yet
ham,I've sent ü my part..,0,21,5,2,ive sent part
ham,Cos i was out shopping wif darren jus now n i called him 2 ask wat present he wan lor. Then he started guessing who i was wif n he finally guessed darren lor.,0,158,34,3,co shop wif darren ju call ask wat present wan lor start guess wif final guess darren lor
spam,"I want some cock! My hubby's away, I need a real man 2 satisfy me. Txt WIFE to 89938 for no strings action. (Txt STOP 2 end, txt rec £1.50ea. OTBox 731 LA1 7WS. )",1,162,35,7,want cock hubbi away need real man satisfi txt wife string action txt stop end txt rec ea otbox la w
ham,Understand. his loss is my gain :) so do you work? School?,0,58,12,4,understand loss gain work school
ham,HOW ARE U? I HAVE MISSED U! I HAVENT BEEN UP 2 MUCH A BIT BORED WITH THE HOLIDAY WANT 2 GO BAK 2 COLLEGE! SAD ISNT IT?xx,0,120,28,5,miss havent much bit bore holiday want go bak colleg sad isnt itxx
ham,"Hiya, probably coming home * weekend after next",0,47,8,1,hiya probabl come home weekend next
ham,Don't forget though that I love you .... And I walk beside you. Watching over you and keeping your heart warm.,0,110,21,4,dont forget though love walk besid watch keep heart warm
ham,I wish things were different. I wonder when i will be able to show you how much i value you. Pls continue the brisk walks no drugs without askin me please and find things to laugh about. I love you dearly.,0,205,41,5,wish thing differ wonder abl show much valu pl continu brisk walk drug without askin pleas find thing laugh love dearli
ham,Ok both our days. So what are you making for dinner tonite? Am I invited?,0,73,15,4,ok day make dinner tonit invit
spam,Gr8 new service - live sex video chat on your mob - see the sexiest dirtiest girls live on ur phone - 4 details text horny to 89070 to cancel send STOP to 89070,1,160,34,1,gr new servic live sex video chat mob see sexiest dirtiest girl live ur phone detail text horni cancel send stop
ham,I have no money 4 steve mate! !,0,31,8,3,money steve mate
ham,IM LATE TELLMISS IM ON MY WAY,0,29,7,1,im late tellmiss im way
ham,Normally i use to drink more water daily:),0,42,8,1,normal use drink water daili
ham,Dare i ask... Any luck with sorting out the car?,0,48,10,3,dare ask luck sort car
ham,"Party's at my place at usf, no charge (but if you can contribute in any way it is greatly appreciated) and yeah, we got room for one more",0,137,28,1,parti place usf charg contribut way greatli appreci yeah got room one
ham,"Urgh, coach hot, smells of chip fat! Thanks again, especially for the duvet (not a predictive text word).",0,105,18,3,urgh coach hot smell chip fat thank especi duvet predict text word
ham,Hiya. How was last night? I've been naughty and bought myself clothes and very little ... Ready for more shopping tho! What kind of time do you wanna meet?,0,155,29,6,hiya last night ive naughti bought cloth littl readi shop tho kind time wan na meet
spam,FreeMsg Hi baby wow just got a new cam moby. Wanna C a hot pic? or Fancy a chat?Im w8in 4uTxt / rply CHAT to 82242 Hlp 08712317606 Msg150p 2rcv,1,143,30,4,freemsg hi babi wow got new cam mobi wan na hot pic fanci chatim utxt rpli chat hlp msg rcv
ham,I've been trying to reach him without success,0,45,8,1,ive tri reach without success
ham,when you and derek done with class?,0,35,7,2,derek done class
ham,Never y lei... I v lazy... Got wat? Dat day ü send me da url cant work one...,0,77,18,5,never lei lazi got wat dat day send da url cant work one
ham,Never try alone to take the weight of a tear that comes out of ur heart and falls through ur eyes... Always remember a STUPID FRIEND is here to share... BSLVYL,0,159,31,3,never tri alon take weight tear come ur heart fall ur eye alway rememb stupid friend share bslvyl
ham,Hey mate. Spoke to the mag people. We‘re on.  the is deliver by the end of the month. Deliver on the 24th sept. Talk later.,0,123,25,7,hey mate spoke mag peopl deliv end month deliv th sept talk later
ham,"Haha, my friend tyler literally just asked if you could get him a dubsack",0,73,14,1,haha friend tyler liter ask could get dubsack
ham,Hey! do u fancy meetin me at 4 at cha  hav a lil beverage on me. if not txt or ring me and we can meet up l8r. quite tired got in at 3 v.pist ;) love Pete x x x,0,161,42,5,hey fanci meetin cha hav lil beverag txt ring meet quit tire got vpist love pete
ham,Great. Have a safe trip. Dont panic surrender all.,0,50,9,4,great safe trip dont panic surrend
ham,"SYMPTOMS when U are in love: ""1.U like listening songs 2.U get stopped where u see the name of your beloved 3.U won't get angry when your",0,137,27,4,symptom love like listen song get stop see name belov wont get angri
ham,Sun ah... Thk mayb can if dun have anythin on... Thk have to book e lesson... E pilates is at orchard mrt u noe hor...,0,118,25,5,sun ah thk mayb dun anythin thk book lesson pilat orchard mrt noe hor
ham,Try to do something dear. You read something for exams,0,54,10,2,tri someth dear read someth exam
ham,Gettin rdy to ship comp,0,23,5,1,gettin rdi ship comp
ham,I am in hospital da. . I will return home in evening,0,52,12,3,hospit da return home even
ham,PISS IS TALKING IS SOMEONE THAT REALISE U THAT POINT THIS AT IS IT.(NOW READ IT BACKWARDS),0,90,17,2,piss talk someon realis point itnow read backward
ham,Think + da. You wil do.,0,23,6,3,think da wil
ham,I'm awake oh. What's up.,0,24,5,3,im awak oh what
ham,Good afternoon my boytoy. How goes that walking here and there day ? Did you get that police abstract? Are you still out and about? I wake and miss you babe,0,156,31,5,good afternoon boytoy go walk day get polic abstract still wake miss babe
ham,How much u trying to get?,0,25,6,2,much tri get
ham,"Come around  &lt;DECIMAL&gt; pm vikky..i'm otside nw, il come by tht time",0,73,12,2,come around ltdecimalgt pm vikkyim otsid nw il come tht time
ham,Tell me again what your address is,0,34,7,1,tell address
ham,Should i buy him a blackberry bold 2 or torch. Should i buy him new or used. Let me know. Plus are you saying i should buy the  &lt;#&gt; g wifi ipad. And what are you saying about the about the  &lt;#&gt; g?,0,208,43,6,buy blackberri bold torch buy new use let know plu say buy ltgt wifi ipad say ltgt
ham,But you were together so you should be thinkin about him,0,56,11,1,togeth thinkin
ham,hiya hows it going in sunny africa? hope u r avin a good time. give that big old silver back a big kiss from me.,0,112,25,4,hiya how go sunni africa hope avin good time give big old silver back big kiss
ham,At WHAT TIME should i come tomorrow,0,35,7,1,time come tomorrow
spam,Wanna have a laugh? Try CHIT-CHAT on your mobile now! Logon by txting the word: CHAT and send it to No: 8883 CM PO Box 4217 London W1A 6ZF 16+ 118p/msg rcvd,1,156,32,3,wan na laugh tri chitchat mobil logon txting word chat send cm po box london zf pmsg rcvd
ham,"CHA QUITEAMUZING THATSCOOL BABE,PROBPOP IN & CU SATTHEN HUNNY 4BREKKIE! LOVE JEN XXX. PSXTRA LRG PORTIONS 4 ME PLEASE",0,118,19,3,cha quiteamuz thatscool babeprobpop cu satthen hunni brekki love jen xxx psxtra lrg portion pleas
ham,Omg how did u know what I ate?,0,30,8,2,omg know ate
spam,URGENT! This is the 2nd attempt to contact U!U have WON £1000CALL 09071512432 b4 300603t&csBCM4235WC1N3XX.callcost150ppmmobilesvary. max£7. 50,1,142,17,6,urgent nd attempt contact uu call tcsbcm wc xxcallcost ppmmobilesvari max£
ham,Not directly behind... Abt 4 rows behind ü...,0,45,8,3,directli behind abt row behind
spam,Congratulations ur awarded 500 of CD vouchers or 125gift guaranteed & Free entry 2 100 wkly draw txt MUSIC to 87066,1,115,21,1,congratul ur award cd voucher gift guarante free entri wkli draw txt music
spam,"Had your contract mobile 11 Mnths? Latest Motorola, Nokia etc. all FREE! Double Mins & Text on Orange tariffs. TEXT YES for callback, no to remove from records",1,159,28,5,contract mobil mnth latest motorola nokia etc free doubl min text orang tariff text ye callback remov record
ham,No plans yet. What are you doing ?,0,34,8,3,plan yet
ham,Hi ....My engagement has been fixd on  &lt;#&gt; th of next month. I know its really shocking bt....hmm njan vilikkam....t ws al of a sudn;-(.,0,142,25,6,hi engag fixd ltgt th next month know realli shock bthmm njan vilikkamt w al sudn
ham,Not course. Only maths one day one chapter with in one month we can finish.,0,75,15,3,cours math one day one chapter one month finish
ham,Wow didn't think it was that common. I take it all back ur not a freak! Unless u chop it off:-),0,95,21,3,wow didnt think common take back ur freak unless chop
ham,Noooooooo please. Last thing I need is stress. For once in your life be fair.,0,77,15,4,noooooooo pleas last thing need stress life fair
spam,U have a Secret Admirer who is looking 2 make contact with U-find out who they R*reveal who thinks UR so special-call on 09065171142-stopsms-08718727870150ppm,1,158,24,1,secret admir look make contact ufind rreveal think ur specialcal stopsm ppm
ham,"I'll see if I can swing by in a bit, got some things to take care of here firsg",0,79,19,1,ill see swing bit got thing take care firsg
ham,I wanted to wish you a Happy New Year and I wanted to talk to you about some legal advice to do with when Gary and I split but in person. I'll make a trip to Ptbo for that. I hope everything is good with you babe and I love ya :),0,229,52,3,want wish happi new year want talk legal advic gari split person ill make trip ptbo hope everyth good babe love ya
ham,Have you not finished work yet or something?,0,44,8,2,finish work yet someth
ham,Right it wasnt you who phoned it was someone with a number like yours!,0,70,14,2,right wasnt phone someon number like
ham,It's ok i wun b angry. Msg u aft i come home tonight.,0,53,13,3,ok wun angri msg aft come home tonight
ham,I had a good time too. Its nice to do something a bit different with my weekends for a change. See ya soon,0,106,23,3,good time nice someth bit differ weekend chang see ya soon
ham,Yo sorry was in the shower sup,0,30,7,1,yo sorri shower sup
ham,"Carlos is down but I have to pick it up from him, so I'll swing by usf in a little bit",0,86,21,1,carlo pick ill swing usf littl bit
ham,Full heat pa:-) i have applyed oil pa.,0,38,8,2,full heat pa appli oil pa
ham,I'm stuck in da middle of da row on da right hand side of da lt...,0,66,16,2,im stuck da middl da row da right hand side da lt
ham,Have you laid your airtel line to rest?,0,39,8,2,laid airtel line rest
ham,Hi did u decide wot 2 get 4 his bday if not ill prob jus get him a voucher frm virgin or sumfing,0,96,23,1,hi decid wot get bday ill prob ju get voucher frm virgin sumf
spam,FreeMsg: Txt: CALL to No: 86888 & claim your reward of 3 hours talk time to use from your phone now! Subscribe6GBP/mnth inc 3hrs 16 stop?txtStop,1,144,26,3,freemsg txt call claim reward hour talk time use phone subscrib gbpmnth inc hr stoptxtstop
ham,"Hey j! r u feeling any better, hopeSo hunny. i amnow feelin ill & ithink i may have tonsolitusaswell! damn iam layin in bedreal bored. lotsof luv me xxxx",0,153,29,5,hey feel better hopeso hunni amnow feelin ill ithink may tonsolitusaswel damn iam layin bedreal bore lotsof luv xxxx
ham,And I don't plan on staying the night but I prolly won't be back til late,0,73,16,1,dont plan stay night prolli wont back til late
ham,THANX 4 PUTTIN DA FONE DOWN ON ME!!,0,35,8,2,thanx puttin da fone
ham,"I need an 8th but I'm off campus atm, could I pick up in an hour or two?",0,72,18,2,need th im campu atm could pick hour two
ham,"Oh... Haha... Den we shld had went today too... Gee, nvm la... Kaiez, i dun mind goin jazz oso... Scared hiphop open cant catch up...",0,133,25,7,oh haha den shld went today gee nvm la kaiez dun mind goin jazz oso scare hiphop open cant catch
ham,Been running but only managed 5 minutes and then needed oxygen! Might have to resort to the roller option!,0,106,19,3,run manag minut need oxygen might resort roller option
ham,We live in the next  &lt;#&gt; mins,0,35,7,1,live next ltgt min
ham,Y de asking like this.,0,22,5,2,de ask like
ham,Just glad to be talking to you.,0,31,7,2,glad talk
ham,Wat time ü finish?,0,18,4,2,wat time finish
ham,Sorry da. I gone mad so many pending works what to do.,0,54,12,3,sorri da gone mad mani pend work
ham,How much you got for cleaning,0,29,6,1,much got clean
ham,hows my favourite person today? r u workin hard? couldn't sleep again last nite nearly rang u at 4.30,0,101,19,4,how favourit person today workin hard couldnt sleep last nite nearli rang
spam,Sunshine Quiz! Win a super Sony DVD recorder if you canname the capital of Australia? Text MQUIZ to 82277. B,1,108,20,4,sunshin quiz win super soni dvd record cannam capit australia text mquiz
ham,Ü called dad oredi...,0,21,4,2,call dad oredi
ham,Good. do you think you could send me some pix? I would love to see your top and bottom...,0,89,19,4,good think could send pix would love see top bottom
ham,Nvm... I'm going to wear my sport shoes anyway... I'm going to be late leh.,0,75,15,4,nvm im go wear sport shoe anyway im go late leh
ham,"Sorry, I'll call later In meeting.",0,34,6,2,sorri ill call later meet
ham,THIS IS A LONG FUCKIN SHOWR,0,27,6,1,long fuckin showr
ham,"Received, understood n acted upon!",0,34,5,2,receiv understood act upon
ham,They finally came to fix the ceiling.,0,37,7,2,final came fix ceil
ham,"U need my presnts always bcz U cant mis love. ""jeevithathile irulinae neekunna prakasamanu sneham"" prakasam ennal prabha 'That mns prabha is'LOVE' Got it. Dont mis me....",0,170,27,4,need presnt alway bcz cant mi love jeevithathil irulina neekunna prakasamanu sneham prakasam ennal prabha mn prabha islov got dont mi
ham,Jus finish blowing my hair. U finish dinner already?,0,52,9,3,ju finish blow hair finish dinner alreadi
ham,I'm on the bus. Love you,0,24,6,2,im bu love
ham,Lol ... I knew that .... I saw him in the dollar store,0,54,13,3,lol knew saw dollar store
spam,Todays Voda numbers ending with 7634 are selected to receive a £350 reward. If you have a match please call 08712300220 quoting claim code 7684 standard rates apply.,1,165,28,3,today voda number end select receiv reward match pleas call quot claim code standard rate appli
ham,Only saturday and sunday holiday so its very difficult:),0,56,9,1,saturday sunday holiday difficult
ham,Everybody had fun this evening. Miss you.,0,41,7,3,everybodi fun even miss
ham,"Got hella gas money, want to go on a grand nature adventure with galileo in a little bit?",0,89,18,2,got hella ga money want go grand natur adventur galileo littl bit
ham,Oh wow thats gay. Will firmware update help,0,43,8,2,oh wow that gay firmwar updat help
ham,These won't do. Have to move on to morphine,0,43,9,2,wont move morphin
ham,How come i din c ü... Yup i cut my hair...,0,42,11,3,come din yup cut hair
ham,K k pa Had your lunch aha.,0,26,7,2,pa lunch aha
ham,Captain vijaykanth is doing comedy in captain tv..he is drunken :),0,66,11,2,captain vijaykanth comedi captain tvhe drunken
ham,Of course. I guess god's just got me on hold right now.,0,55,12,3,cours guess god got hold right
ham,Do you hide anythiing or keeping distance from me,0,49,9,1,hide anythi keep distanc
ham,Havent.,0,7,1,2,havent
spam,You are being ripped off! Get your mobile content from www.clubmoby.com call 08717509990 poly/true/Pix/Ringtones/Games six downloads for only 3,1,143,19,4,rip get mobil content call polytruepixringtonesgam six download
ham,Sorry i din lock my keypad.,0,27,6,2,sorri din lock keypad
ham,Are you planning to come chennai?,0,33,6,2,plan come chennai
spam,We tried to contact you re your reply to our offer of a Video Phone 750 anytime any network mins Half Price Line Rental Camcorder Reply or call 08000930705,1,155,29,1,tri contact repli offer video phone anytim network min half price line rental camcord repli call
ham,God created gap btwn ur fingers so dat sum1 vry special will fill those gaps by holding ur hands.. Now plz dont ask y he created so much gap between legs !!!,0,157,32,3,god creat gap btwn ur finger dat sum vri special fill gap hold ur hand plz dont ask creat much gap leg
ham,We are okay. Going to sleep now. Later,0,38,8,3,okay go sleep later
ham,"Finally it has happened..! Aftr decades..! BEER is now cheaper than PETROL! The goverment expects us to ""DRINK"". . . But don't ""DRIVE """,0,135,24,7,final happen aftr decad beer cheaper petrol gover expect u drink dont drive
spam,A £400 XMAS REWARD IS WAITING FOR YOU! Our computer has randomly picked you from our loyal mobile customers to receive a £400 reward. Just call 09066380611,1,155,27,3,xma reward wait comput randomli pick loyal mobil custom receiv reward call
ham,Where r e meeting tmr?,0,22,5,2,meet tmr
ham,Lol yes. But it will add some spice to your day.,0,48,11,3,lol ye add spice day
ham,Our Prasanth ettans mother passed away last night. Just pray for her and family.,0,80,14,3,prasanth ettan mother pass away last night pray famili
ham,"K, I'll work something out",0,26,5,1,ill work someth
spam,PRIVATE! Your 2003 Account Statement for shows 800 un-redeemed S. I. M. points. Call 08718738002 Identifier Code: 48922 Expires 21/11/04,1,136,20,6,privat account statement show unredeem point call identifi code expir
ham,This message is from a great Doctor in India:-): 1) Do not drink APPY FIZZ. It contains Cancer causing age,0,106,20,2,messag great doctor india drink appi fizz contain cancer caus age
ham,You call him and tell now infront of them. Call him now.,0,56,12,3,call tell infront call
ham,Ok no prob...,0,13,3,2,ok prob
ham,Ladies first and genus second k .,0,33,7,2,ladi first genu second
ham,No. Yes please. Been swimming?,0,30,5,4,ye pleas swim
ham,Mum not going robinson already.,0,31,5,2,mum go robinson alreadi
ham,Ok set let u noe e details later...,0,35,8,2,ok set let noe detail later
ham,Not..tel software name..,0,24,3,3,nottel softwar name
ham,I send the print  outs da.,0,26,6,2,send print out da
ham,IM REALY SOZ IMAT MY MUMS 2NITE WHAT ABOUT 2MORO,0,48,10,1,im reali soz imat mum nite moro
ham,"When I was born, GOD said, ""Oh No! Another IDIOT"". When you were born, GOD said, ""OH No! COMPETITION"". Who knew, one day these two will become FREINDS FOREVER!",0,159,29,6,born god said oh anoth idiot born god said oh competit knew one day two becom freind forev
ham,"I didnt get ur full msg..sometext is missing, send it again",0,59,11,2,didnt get ur full msgsometext miss send
ham,"Probably not, I'm almost out of gas and I get some cash tomorrow",0,64,13,1,probabl im almost ga get cash tomorrow
spam,"Customer service announcement. We recently tried to make a delivery to you but were unable to do so, please call 07099833605 to re-schedule. Ref:9280114",1,152,24,3,custom servic announc recent tri make deliveri unabl pleas call reschedul ref
ham,I forgot 2 ask ü all smth.. There's a card on da present lei... How? Ü all want 2 write smth or sign on it?,0,107,25,5,forgot ask smth there card da present lei want write smth sign
ham,I'm leaving my house now.,0,25,5,2,im leav hous
spam,"Hi babe its Chloe, how r u? I was smashed on saturday night, it was great! How was your weekend? U been missing me? SP visionsms.com Text stop to stop 150p/text",1,160,31,6,hi babe chloe smash saturday night great weekend miss sp visionsmscom text stop stop ptext
ham,Ü ready then call me...,0,23,5,2,readi call
ham,Wewa is 130. Iriver 255. All 128 mb.,0,36,8,4,wewa iriv mb
ham,It is a good thing I'm now getting the connection to bw,0,55,12,1,good thing im get connect bw
ham,Sry da..jst nw only i came to home..,0,36,8,3,sri dajst nw came home
ham,"That's cool he'll be here all night, lemme know when you're around",0,66,12,1,that cool hell night lem know your around
ham,Are you staying in town ?,0,25,6,2,stay town
ham,"Haha yeah, 2 oz is kind of a shitload",0,37,9,1,haha yeah oz kind shitload
ham,Ok u can take me shopping when u get paid =D,0,44,11,1,ok take shop get paid
ham,"Alright we'll bring it to you, see you in like  &lt;#&gt;  mins",0,63,12,1,alright well bring see like ltgt min
ham,But pls dont play in others life.,0,33,7,2,pl dont play other life
ham,Eatin my lunch...,0,17,3,2,eatin lunch
ham,Hmmm.but you should give it on one day..,0,40,8,3,hmmmbut give one day
ham,"Didn't try, g and I decided not to head out",0,43,10,1,didnt tri decid head
ham,Ok no prob,0,10,3,1,ok prob
ham,Surly ill give it to you:-) while coming to review.,0,51,10,2,surli ill give come review
ham,"By march ending, i should be ready. But will call you for sure. The problem is that my capital never complete. How far with you. How's work and the ladies",0,154,30,5,march end readi call sure problem capit never complet far how work ladi
ham,Pls give her the food preferably pap very slowly with loads of sugar. You can take up to an hour to give it. And then some water. Very very slowly.,0,147,30,5,pl give food prefer pap slowli load sugar take hour give water slowli
spam,"URGENT! Your Mobile No 07808726822 was awarded a £2,000 Bonus Caller Prize on 02/09/03! This is our 2nd attempt to contact YOU! Call 0871-872-9758 BOX95QU",1,154,25,4,urgent mobil award bonu caller prize nd attempt contact call box qu
ham,A guy who gets used but is too dumb to realize it.,0,50,12,2,guy get use dumb realiz
ham,"Okey dokey, i‘ll be over in a bit just sorting some stuff out.",0,62,13,2,okey dokey bit sort stuff
ham,Yes fine,0,8,2,1,ye fine
ham,I liked the new mobile,0,22,5,1,like new mobil
ham,Anytime...,0,10,1,2,anytim
ham,Mmmmmmm *snuggles into you* ...*deep contented sigh* ... *whispers* ... I fucking love you so much I can barely stand it ...,0,124,22,5,mmmmmmm snuggl deep content sigh whisper fuck love much bare stand
ham,Yar but they say got some error.,0,32,7,2,yar say got error
ham,Hey anyway i have to :-),0,24,6,1,hey anyway
ham,Wow so healthy. Old airport rd lor. Cant thk of anything else. But i'll b bathing my dog later.,0,95,19,5,wow healthi old airport rd lor cant thk anyth els ill bath dog later
ham,Wif my family booking tour package.,0,35,6,2,wif famili book tour packag
ham,"Did you say bold, then torch later. Or one torch and 2bold?",0,59,12,3,say bold torch later one torch bold
ham,"Haha awesome, I might need to take you up on that, what you doin tonight?",0,73,15,2,haha awesom might need take doin tonight
ham,Ya i knw u vl giv..its ok thanks kano..anyway enjoy wit ur family wit 1st salary..:-);-),0,88,16,4,ya knw vl givit ok thank kanoanyway enjoy wit ur famili wit st salari
ham,Huh so slow i tot u reach long ago liao... U 2 more days only i 4 more leh...,0,77,19,3,huh slow tot reach long ago liao day leh
ham,Thats cool princess! I will cover your face in hot sticky cum :),0,64,13,2,that cool princess cover face hot sticki cum
ham,Big brother‘s really scraped the barrel with this shower of social misfits,0,74,12,1,big brother realli scrape barrel shower social misfit
ham,Oops i thk i dun haf enuff... I go check then tell ü..,0,54,13,3,oop thk dun haf enuff go check tell
ham,S:)8 min to go for lunch:),0,26,6,1,min go lunch
ham,"Hey. What happened? U switch off ur cell d whole day. This isnt good. Now if u do care, give me a call tomorrow.",0,112,24,6,hey happen switch ur cell whole day isnt good care give call tomorrow
ham,"K will do, addie &amp; I are doing some art so I'll be here when you get home",0,77,18,1,addi amp art ill get home
ham,"Aiyo... Her lesson so early... I'm still sleepin, haha... Okie, u go home liao den confirm w me lor...",0,102,19,5,aiyo lesson earli im still sleepin haha oki go home liao den confirm lor
ham,Forgot to tell ü smth.. Can ü like number the sections so that it's clearer..,0,77,15,3,forgot tell smth like number section clearer
ham,"Yup. Anything lor, if u dun wan it's ok...",0,42,9,3,yup anyth lor dun wan ok
ham,"I'm home, my love ... If your still awake ... *loving kiss*",0,59,12,3,im home love still awak love kiss
ham,HELLO PEACH! MY CAKE TASTS LUSH!,0,32,6,3,hello peach cake tast lush
spam,"FREE GAME. Get Rayman Golf 4 FREE from the O2 Games Arcade. 1st get UR games settings. Reply POST, then save & activ8. Press 0 key for Arcade. Termsapply",1,153,29,6,free game get rayman golf free game arcad st get ur game set repli post save activ press key arcad termsappli
ham,"There'll be a minor shindig at my place later tonight, you interested?",0,70,12,2,therel minor shindig place later tonight interest
ham,Jason says it's cool if we pick some up from his place in like an hour,0,70,16,1,jason say cool pick place like hour
spam,"Had your mobile 10 mths? Update to the latest Camera/Video phones for FREE. KEEP UR SAME NUMBER, Get extra free mins/texts. Text YES for a call",1,143,26,4,mobil mth updat latest cameravideo phone free keep ur number get extra free minstext text ye call
ham,I (Career Tel) have added u as a contact on INDYAROCKS.COM to send FREE SMS. To remove from phonebook - sms NO to  &lt;#&gt;,0,124,24,3,career tel ad contact indyarockscom send free sm remov phonebook sm ltgt
ham,I've reached already.,0,21,3,2,ive reach alreadi
ham,I dont know ask to my brother. Nothing problem some thing that. Just i told .,0,77,16,4,dont know ask brother noth problem thing told
ham,K:)eng rocking in ashes:),0,25,4,1,keng rock ash
ham,Wat time r ü going to xin's hostel?,0,35,8,2,wat time go xin hostel
ham,Good Morning my Dear Shijutta........... Have a great &amp; successful day.,0,75,11,3,good morn dear shijutta great amp success day
ham,Oh k:)after that placement there ah?,0,36,6,2,oh kafter placement ah
ham,"Not for possession, especially not first offense",0,48,7,1,possess especi first offens
ham,"Nt only for driving even for many reasons she is called BBD..thts it chikku, then hw abt dvg cold..heard tht vinobanagar violence hw is the condition..and hw ru ? Any problem?",0,175,31,6,nt drive even mani reason call bbdtht chikku hw abt dvg coldheard tht vinobanagar violenc hw conditionand hw ru problem
ham,I bought the test yesterday. Its something that lets you know the exact day u ovulate.when will get 2u in about 2 to 3wks. But pls pls dont fret. I know u r worried. Pls relax. Also is there anything in ur past history u need to tell me?,0,237,49,8,bought test yesterday someth let know exact day ovulatewhen get wk pl pl dont fret know worri pl relax also anyth ur past histori need tell
ham,We have pizza if u want,0,23,6,1,pizza want
ham,"I keep seeing weird shit and bein all ""woah"" then realising it's actually reasonable and I'm all ""oh""",0,101,18,1,keep see weird shit bein woah realis actual reason im oh
ham,Many more happy returns of the day. I wish you happy birthday.,0,62,12,3,mani happi return day wish happi birthday
ham,Thinking of u ;) x,0,18,5,1,think
ham,Orh i tot u say she now still dun believe.,0,42,10,2,orh tot say still dun believ
ham,"When you just put in the + sign, choose my number and the pin will show. Right?",0,79,17,3,put sign choos number pin show right
ham,The beauty of life is in next second.. which hides thousands of secrets. I wish every second will be wonderful in ur life...!! gud n8,0,133,25,4,beauti life next second hide thousand secret wish everi second wonder ur life gud
ham,Thanx u darlin!im cool thanx. A few bday drinks 2 nite. 2morrow off! Take care c u soon.xxx,0,91,18,6,thanx darlinim cool thanx bday drink nite morrow take care soonxxx
ham,"If you're still up, maybe leave the credit card so I can get gas when I get back like he told me to",0,99,23,1,your still mayb leav credit card get ga get back like told
spam,Your weekly Cool-Mob tones are ready to download !This weeks new Tones include: 1) Crazy Frog-AXEL F>>> 2) Akon-Lonely>>> 3) Black Eyed-Dont P >>>More info in n,1,160,27,2,weekli coolmob tone readi download week new tone includ crazi frogaxel akonlon black eyeddont info
ham,Well boy am I glad G wasted all night at applebees for nothing,0,62,13,1,well boy glad wast night applebe noth
spam,Cashbin.co.uk (Get lots of cash this weekend!) www.cashbin.co.uk Dear Welcome to the weekend We have got our biggest and best EVER cash give away!! These..,1,155,25,9,cashbincouk get lot cash weekend dear welcom weekend got biggest best ever cash give away
ham,Ok lor... Or u wan me go look 4 u?,0,34,10,3,ok lor wan go look
ham,U wan 2 haf lunch i'm in da canteen now.,0,40,10,2,wan haf lunch im da canteen
ham,Don't make life too stressfull.. Always find time to Laugh.. It may not add years to your Life! But surely adds more life to ur years!! Gud ni8..swt dreams..,0,157,29,7,dont make life stressful alway find time laugh may add year life sure add life ur year gud ni swt dream
ham,"hey, looks like I was wrong and one of the kappa guys numbers is still on my phone, if you want I can text him and see if he's around",0,133,30,1,hey look like wrong one kappa guy number still phone want text see he around
spam,Thanks 4 your continued support Your question this week will enter u in2 our draw 4 £100 cash. Name the NEW US President? txt ans to 80082,1,138,27,3,thank continu support question week enter draw cash name new u presid txt an
ham,I'm home. Doc gave me pain meds says everything is fine.,0,56,11,3,im home doc gave pain med say everyth fine
ham,It's é only $140 ard...É rest all ard $180 at least...Which is é price 4 é 2 bedrm ($900),0,89,19,3,ardé rest ard leastwhich price bedrm
ham,Me too! Have a lovely night xxx,0,31,7,2,love night xxx
ham,Prepare to be pleasured :),0,26,5,1,prepar pleasur
ham,Hi.:)technical support.providing assistance to us customer through call and email:),0,83,10,3,hitechn supportprovid assist u custom call email
ham,if you text on your way to cup stop that should work. And that should be BUS,0,76,17,2,text way cup stop work bu
ham,Whens your radio show?,0,22,4,2,when radio show
spam,Your unique user ID is 1172. For removal send STOP to 87239 customer services 08708034412,1,89,15,2,uniqu user id remov send stop custom servic
ham,I'm not sure if its still available though,0,42,8,1,im sure still avail though
ham,watever reLation u built up in dis world only thing which remains atlast iz lonlines with lotz n lot memories! feeling..,0,120,21,3,watev relat built di world thing remain atlast iz lonlin lotz lot memori feel
ham,CHEERS LOU! YEAH WAS A GOODNITE SHAME U NEVA CAME! C YA GAILxx,0,62,13,3,cheer lou yeah goodnit shame neva came ya gailxx
ham,Hi..i got the money da:),0,24,5,2,hii got money da
ham,Ok then u tell me wat time u coming later lor.,0,46,11,2,ok tell wat time come later lor
ham,U repeat e instructions again. Wat's e road name of ur house?,0,61,12,3,repeat instruct wat road name ur hous
ham,Quite lor. But dun tell him wait he get complacent...,0,53,10,3,quit lor dun tell wait get complac
ham,Sorry completely forgot * will pop em round this week if your still here?,0,73,14,2,sorri complet forgot pop em round week still
ham,U R THE MOST BEAUTIFUL GIRL IVE EVER SEEN. U R MY BABY COME AND C ME IN THE COMMON ROOM,0,87,21,2,beauti girl ive ever seen babi come common room
ham,O we cant see if we can join denis and mina? Or does denis want alone time,0,74,17,2,cant see join deni mina deni want alon time
ham,Sen told that he is going to join his uncle finance in cbe,0,58,13,1,sen told go join uncl financ cbe
ham,Yup... Hey then one day on fri we can ask miwa and jiayin take leave go karaoke,0,79,17,2,yup hey one day fri ask miwa jiayin take leav go karaok
ham,"Call me, i am senthil from hsbc.",0,32,7,2,call senthil hsbc
ham,"Especially since i talk about boston all up in my personal statement, lol! I woulda changed that if i had realized it said nyc! It says boston now.",0,147,28,4,especi sinc talk boston person statement lol woulda chang realiz said nyc say boston
ham,Indeed and by the way it was either or - not both !,0,51,13,2,inde way either
spam,"Urgent -call 09066649731from Landline. Your complimentary 4* Ibiza Holiday or £10,000 cash await collection SAE T&Cs PO BOX 434 SK3 8WP 150ppm 18+",1,146,23,2,urgent call landlin complimentari ibiza holiday cash await collect sae tc po box sk wp ppm
ham,Holy living christ what is taking you so long,0,45,9,1,holi live christ take long
ham,Ü thk of wat to eat tonight.,0,28,7,2,thk wat eat tonight
ham,"Thanx. Yup we coming back on sun. Finish dinner going back 2 hotel now. Time flies, we're tog 4 exactly a mth today. Hope we'll haf many more mths to come...",0,157,31,6,thanx yup come back sun finish dinner go back hotel time fli tog exactli mth today hope well haf mani mth come
ham,We're on the opposite side from where we dropped you off,0,56,11,1,opposit side drop
ham,Yup. Izzit still raining heavily cos i'm in e mrt i can't c outside.,0,68,14,3,yup izzit still rain heavili co im mrt cant outsid
ham,Send me your resume:-),0,22,4,1,send resum
ham,Gd luck 4 ur exams :-),0,22,6,1,gd luck ur exam
ham,Or u ask they all if next sat can a not. If all of them can make it then i'm ok lor.,0,84,22,3,ask next sat make im ok lor
ham,Sorry that was my uncle. I.ll keep in touch,0,43,9,3,sorri uncl ill keep touch
ham,Saw Guys and Dolls last night with Patrick Swayze it was great,0,62,12,1,saw guy doll last night patrick swayz great
spam,URGENT This is our 2nd attempt to contact U. Your £900 prize from YESTERDAY is still awaiting collection. To claim CALL NOW 09061702893,1,135,23,3,urgent nd attempt contact prize yesterday still await collect claim call
spam,Santa calling! Would your little ones like a call from Santa Xmas Eve? Call 09077818151 to book you time. Calls1.50ppm last 3mins 30s T&C www.santacalling.com,1,158,25,7,santa call would littl one like call santa xma eve call book time call ppm last min tc
ham,Just come home. I don't want u to be miserable,0,46,10,2,come home dont want miser
ham,I dont know why she.s not getting your messages,0,47,9,2,dont know she get messag
ham,"its cool but tyler had to take off so we're gonna buy for him and drop it off at his place later tonight. Our total order is a quarter, you got enough?",0,151,32,3,cool tyler take gon na buy drop place later tonight total order quarter got enough
ham,"The guy at the car shop who was flirting with me got my phone number from the paperwork and called and texted me. I'm nervous because of course now he may have my address. Should i call his boss and tell him, knowing this may get him fired?",0,240,48,4,guy car shop flirt got phone number paperwork call text im nervou cours may address call bo tell know may get fire
ham,How do you plan to manage that,0,30,7,1,plan manag
ham,"Er, hello, things didn‘t quite go to plan – is limping slowly home followed by aa and with exhaust hanging off",0,110,21,1,er hello thing quit go plan limp slowli home follow aa exhaust hang
ham,Sorry for the delay. Yes masters,0,32,6,2,sorri delay ye master
ham,Call me when u finish then i come n pick u.,0,43,11,2,call finish come pick
spam,PRIVATE! Your 2004 Account Statement for 078498****7 shows 786 unredeemed Bonus Points. To claim call 08719180219 Identifier Code: 45239 Expires 06.05.05,1,153,21,5,privat account statement show unredeem bonu point claim call identifi code expir
ham,What's up my own oga. Left my phone at home and just saw ur messages. Hope you are good. Have a great weekend.,0,110,23,5,what oga left phone home saw ur messag hope good great weekend
ham,"Don't worry though, I understand how important it is that I be put in my place with a poorly thought out punishment in the face of the worst thing that has ever happened to me. Brb gonna go kill myself",0,201,40,2,dont worri though understand import put place poorli thought punish face worst thing ever happen brb gon na go kill
ham,"Honey, can you pls find out how much they sell Predicte in Nigeria. And how many times can it be used. Its very important to have a reply before monday",0,151,30,3,honey pl find much sell predict nigeria mani time use import repli monday
ham,E admin building there? I might b slightly earlier... I'll call u when i'm reaching...,0,86,15,4,admin build might slightli earlier ill call im reach
ham,"fyi I'm at usf now, swing by the room whenever",0,46,10,1,fyi im usf swing room whenev
ham,i can call in  &lt;#&gt;  min if thats ok,0,41,9,1,call ltgt min that ok
ham,Ü no home work to do meh...,0,27,7,2,home work meh
ham,Anything is valuable in only 2 situations: First- Before getting it... Second- After loosing it...,0,98,15,3,anyth valuabl situat first get second loos
ham,Me too. Mark is taking forever to pick up my prescription and the pain is coming back.,0,86,17,3,mark take forev pick prescript pain come back
ham,How's ur paper?,0,15,3,2,how ur paper
ham,Got smaller capacity one? Quite ex...,0,37,6,3,got smaller capac one quit ex
spam,Check Out Choose Your Babe Videos @ sms.shsex.netUN fgkslpoPW fgkslpo,1,69,10,3,check choos babe video smsshsexnetun fgkslpopw fgkslpo
ham,Im good! I have been thinking about you...,0,42,8,3,im good think
spam,u r a winner U ave been specially selected 2 receive £1000 cash or a 4* holiday (flights inc) speak to a live operator 2 claim 0871277810710p/min (18 ),1,151,29,1,winner ave special select receiv cash holiday flight inc speak live oper claim pmin
ham,Not thought bout it... || Drink in tap & spile at seven. || Is that pub on gas st off broad st by canal. || Ok?,0,111,26,5,thought bout drink tap spile seven pub ga st broad st canal ok
ham,I am going to sleep. I am tired of travel.,0,42,10,3,go sleep tire travel
ham,"Haha, just what I was thinkin",0,29,6,1,haha thinkin
ham,Yup but it's not giving me problems now so mayb i'll jus leave it...,0,68,14,2,yup give problem mayb ill ju leav
ham,Lol no. Just trying to make your day a little more interesting,0,62,12,2,lol tri make day littl interest
ham,"How long before you get reply, just defer admission til next semester",0,69,12,1,long get repli defer admiss til next semest
ham,"The word ""Checkmate"" in chess comes from the Persian phrase ""Shah Maat"" which means; ""the king is dead.."" Goodmorning.. Have a good day..:)",0,139,23,4,word checkmat chess come persian phrase shah maat mean king dead goodmorn good day
ham,Po de :-):):-):-):-). No need job aha.,0,38,7,3,po de need job aha
ham,Rats. Hey did u ever vote for the next themes?,0,46,10,3,rat hey ever vote next theme
spam,"New Mobiles from 2004, MUST GO! Txt: NOKIA to No: 89545 & collect yours today! From ONLY £1. www.4-tc.biz 2optout 087187262701.50gbp/mtmsg18 TXTAUCTION.",1,152,22,8,new mobil must go txt nokia collect today optout gbpmtmsg txtauction
ham,I hope your pee burns tonite.,0,29,6,2,hope pee burn tonit
ham,"OH RITE. WELL IM WITH MY BEST MATE PETE, WHO I WENT OUT WITH 4 A WEEK+ NOW WERE 2GEVA AGAIN. ITS BEEN LONGER THAN A WEEK.",0,121,27,4,oh rite well im best mate pete went week geva longer week
ham,Yay can't wait to party together!,0,33,6,2,yay cant wait parti togeth
ham,....photoshop makes my computer shut down.,0,42,6,3,photoshop make comput shut
ham,All boys made fun of me today. Ok i have no problem. I just sent one message just for fun,0,89,20,3,boy made fun today ok problem sent one messag fun
ham,That's one of the issues but california is okay. No snow so its manageable,0,74,14,2,that one issu california okay snow manag
spam,PRIVATE! Your 2003 Account Statement for shows 800 un-redeemed S. I. M. points. Call 08715203652 Identifier Code: 42810 Expires 29/10/0,1,135,20,6,privat account statement show unredeem point call identifi code expir
ham,"Hmmm.... Mayb can try e shoppin area one, but forgot e name of hotel...",0,71,14,3,hmmm mayb tri shoppin area one forgot name hotel
ham,"Awesome, that gonna be soon or later tonight?",0,45,8,2,awesom gon na soon later tonight
ham,I need details about that online job.,0,37,7,2,need detail onlin job
ham,Missing you too.pray inshah allah,0,33,5,2,miss toopray inshah allah
ham,Pls help me tell Ashley that i cant find her number oh,0,54,12,1,pl help tell ashley cant find number oh
ham,S.this will increase the chance of winning.,0,43,7,3,sthi increas chanc win
ham,either way works for me. I am  &lt;#&gt;  years old. Hope that doesnt bother you.,0,81,15,4,either way work ltgt year old hope doesnt bother
ham,Maybe you should find something else to do instead???,0,53,9,2,mayb find someth els instead
ham,Gain the rights of a wife.dont demand it.i am trying as husband too.Lets see,0,76,14,4,gain right wifedont demand iti tri husband toolet see
ham,I liked your new house,0,22,5,1,like new hous
ham,I'm fine. Hope you are also,0,27,6,2,im fine hope also
ham,"Also north carolina and texas atm, you would just go to the gre site and pay for the test results to be sent.",0,109,23,2,also north carolina texa atm would go gre site pay test result sent
ham,yes baby! I need to stretch open your pussy!,0,44,9,3,ye babi need stretch open pussi
ham,Thanks  and ! Or bomb and date as my phone wanted to say!,0,57,13,3,thank bomb date phone want say
ham,"Hey, a guy I know is breathing down my neck to get him some bud, anyway you'd be able to get a half track to usf tonight?",0,121,27,2,hey guy know breath neck get bud anyway youd abl get half track usf tonight
ham,"Response is one of d powerful weapon 2 occupy a place in others 'HEART'... So, always give response 2 who cares 4 U""... Gud night..swt dreams..take care",0,152,27,5,respons one power weapon occupi place other heart alway give respons care gud nightswt dreamstak care
ham,Nokia phone is lovly..,0,22,4,2,nokia phone lovli
spam,**FREE MESSAGE**Thanks for using the Auction Subscription Service. 18 . 150p/MSGRCVD 2 Skip an Auction txt OUT. 2 Unsubscribe txt STOP CustomerCare 08718726270,1,159,23,4,free messagethank use auction subscript servic pmsgrcvd skip auction txt unsubscrib txt stop customercar
ham,Sorry da..today i wont come to play..i have driving clas..,0,58,10,4,sorri datoday wont come playi drive cla
ham,I'm really sorry I lit your hair on fire,0,40,9,1,im realli sorri lit hair fire
ham,"Oh! Shit, I thought that was your trip! Loooooool ... That just makes SO much more sense now ... *grins* and the sofa reference was ... The ""sleep on a couch"" link you sent me ... Wasn't that how you went on your trip ? Oh ... And didn't your babe go with you for that celebration with your rents?",0,297,60,10,oh shit thought trip loooooool make much sens grin sofa refer sleep couch link sent wasnt went trip oh didnt babe go celebr rent
ham,Okey dokey swashbuckling stuff what oh.,0,39,6,2,okey dokey swashbuckl stuff oh
ham,1. Tension face 2. Smiling face 3. Waste face 4. Innocent face 5.Terror face 6.Cruel face 7.Romantic face 8.Lovable face 9.decent face  &lt;#&gt; .joker face.,0,158,25,12,tension face smile face wast face innoc face terror face cruel face romant face lovabl face decent face ltgt joker face
ham,Dip's cell dead. So i m coming with him. U better respond else we shall come back.,0,82,17,4,dip cell dead come better respond els shall come back
ham,Well. You know what i mean. Texting,0,35,7,3,well know mean text
ham,Hi dis is yijue i would be happy to work wif ü all for gek1510...,0,65,15,2,hi di yiju would happi work wif gek
ham,Lol! Oops sorry! Have fun.,0,26,5,4,lol oop sorri fun
ham,Wat happened to the cruise thing,0,32,6,1,wat happen cruis thing
ham,"I know dat feelin had it with Pete! Wuld get with em , nuther place nuther time mayb?",0,85,18,3,know dat feelin pete wuld get em nuther place nuther time mayb
spam,lyricalladie(21/F) is inviting you to be her friend. Reply YES-910 or NO-910. See her: www.SMS.ac/u/hmmross STOP? Send STOP FRND to 62468,1,137,21,6,lyricalladi invit friend repli ye see stop send stop frnd
ham,The world's most happiest frnds never have the same characters... Dey just have the best understanding of their differences...,0,126,19,3,world happiest frnd never charact dey best understand differ
ham,Yeah just open chat and click friend lists. Then make the list. Easy as pie,0,75,15,3,yeah open chat click friend list make list easi pie
ham,alright tyler's got a minor crisis and has to be home sooner than he thought so be here asap,0,92,19,1,alright tyler got minor crisi home sooner thought asap
ham,When/where do I pick you up,0,27,6,1,whenwher pick
ham,As usual u can call me ard 10 smth.,0,35,9,2,usual call ard smth
ham,For many things its an antibiotic and it can be used for chest abdomen and gynae infections even bone infections.,0,113,20,2,mani thing antibiot use chest abdomen gyna infect even bone infect
ham,Poor girl can't go one day lmao,0,31,7,1,poor girl cant go one day lmao
ham,Or just do that 6times,0,22,5,1,time
ham,You have to pls make a note of all she.s exposed to. Also find out from her school if anyone else was vomiting. Is there a dog or cat in the house? Let me know later.,0,166,36,6,pl make note she expos also find school anyon els vomit dog cat hous let know later
ham,Sounds like there could be a lot of time spent in that chastity device boy ... *grins* ... Or take your beatings like a good dog. Going to lounge in a nice long bath now ?,0,171,36,5,sound like could lot time spent chastiti devic boy grin take beat like good dog go loung nice long bath
ham,Its worse if if uses half way then stops. Its better for him to complete it.,0,76,16,3,wors us half way stop better complet
ham,Miserable. They don't tell u that the side effects of birth control are massive gut wrenching cramps for the first 2 months. I didn't sleep at all last night.,0,158,29,4,miser dont tell side effect birth control massiv gut wrench cramp first month didnt sleep last night
ham,Send me the new number,0,22,5,1,send new number
spam,Want the latest Video handset? 750 anytime any network mins? Half price line rental? Reply or call 08000930705 for delivery tomorrow,1,132,21,4,want latest video handset anytim network min half price line rental repli call deliveri tomorrow
ham,2 and half years i missed your friendship:-),0,44,8,1,half year miss friendship
ham,Oh for fuck's sake she's in like tallahassee,0,44,8,1,oh fuck sake she like tallahasse
ham,"Haha, that was the first person I was gonna ask",0,47,10,1,haha first person gon na ask
spam,"ou are guaranteed the latest Nokia Phone, a 40GB iPod MP3 player or a £500 prize! Txt word: COLLECT to No: 83355! IBHltd LdnW15H 150p/Mtmsgrcvd18",1,145,25,3,ou guarante latest nokia phone gb ipod mp player prize txt word collect ibhltd ldnw pmtmsgrcvd
ham,Taka lor. Wat time u wan 2 come n look 4 us?,0,44,12,3,taka lor wat time wan come look u
spam,* FREE* POLYPHONIC RINGTONE Text SUPER to 87131 to get your FREE POLY TONE of the week now! 16 SN PoBox202 NR31 7ZS subscription 450pw,1,134,25,2,free polyphon rington text super get free poli tone week sn pobox nr z subscript pw
ham,I;m reaching in another 2 stops.,0,32,6,2,im reach anoth stop
ham,"no, i *didn't* mean to post it. I wrote it, and like so many other times i've ritten stuff to you, i let it sit there. it WAS what i was feeling at the time. I was angry. Before i left, i hit send, then stop. It wasn't there. I checked on my phone when i got to my car. It wasn't there. You said you didn't sleep, you were bored. So why wouldn't THAT be the time to clean, fold laundry, etc.? At least make the bed?",0,415,88,12,didnt mean post wrote like mani time ive ritten stuff let sit feel time angri left hit send stop wasnt check phone got car wasnt said didnt sleep bore wouldnt time clean fold laundri etc least make bed
spam,Warner Village 83118 C Colin Farrell in SWAT this wkend @Warner Village & get 1 free med. Popcorn!Just show msg+ticket@kiosk.Valid 4-7/12. C t&c @kiosk. Reply SONY 4 mre film offers,1,181,30,6,warner villag colin farrel swat wkend warner villag get free med popcornjust show tc kiosk repli soni mre film offer
ham,Will you come online today night,0,32,6,1,come onlin today night
ham,Then anything special?,0,22,3,2,anyth special
ham,"I'm in solihull, | do you want anything?",0,40,8,2,im solihul want anyth
ham,Will do. Have a good day,0,24,6,2,good day
ham,WE REGRET TO INFORM U THAT THE NHS HAS MADE A MISTAKE.U WERE NEVER ACTUALLY BORN.PLEASE REPORT 2 YOR LOCAL HOSPITAL 2B TERMINATED.WE R SORRY 4 THE INCONVENIENCE,0,160,28,4,regret inform nh made mistakeu never actual bornpleas report yor local hospit terminatedw sorri inconveni
ham,Love that holiday Monday feeling even if I have to go to the dentists in an hour,0,80,17,1,love holiday monday feel even go dentist hour
ham,I am on the way to tirupur.,0,27,7,2,way tirupur
spam,"Goal! Arsenal 4 (Henry, 7 v Liverpool 2 Henry scores with a simple shot from 6 yards from a pass by Bergkamp to give Arsenal a 2 goal margin after 78 mins.",1,155,32,3,goal arsen henri liverpool henri score simpl shot yard pa bergkamp give arsen goal margin min
ham,You've already got a flaky parent. It'snot supposed to be the child's job to support the parent...not until they're The Ride age anyway. I'm supposed to be there to support you. And now i've hurt you. unintentional. But hurt nonetheless.,0,237,40,8,youv alreadi got flaki parent itsnot suppos child job support parentnot theyr ride age anyway im suppos support ive hurt unintent hurt nonetheless
ham,We took hooch for a walk toaday and i fell over! Splat! Grazed my knees and everything! Should have stayed at home! See you tomorrow!,0,133,25,6,took hooch walk toaday fell splat graze knee everyth stay home see tomorrow
ham,"Just dropped em off, omw back now",0,33,7,1,drop em omw back
ham,Sitting in mu waiting for everyone to get out of my suite so I can take a shower,0,80,18,1,sit mu wait everyon get suit take shower
ham,Re your call; You didn't see my facebook huh?,0,45,9,2,call didnt see facebook huh
ham,"G says you never answer your texts, confirm/deny",0,48,8,1,say never answer text confirmdeni
ham,"Its so common hearin How r u? Wat r u doing? How was ur day? So let me ask u something different. Did u smile today? If not, do it now.... Gud evng.",0,148,33,8,common hearin wat ur day let ask someth differ smile today gud evng
ham,Oh yah... We never cancel leh... Haha,0,37,7,3,oh yah never cancel leh haha
ham,We can go 4 e normal pilates after our intro...,0,47,10,2,go normal pilat intro
ham,Ok... Let u noe when i leave my house.,0,38,9,3,ok let noe leav hous
ham,"Oh yes, why is it like torture watching england?",0,48,9,2,oh ye like tortur watch england
ham,Wanna do some art?! :D,0,22,5,2,wan na art
ham,Just hopeing that wasn‘t too pissed up to remember and has gone off to his sisters or something!,0,96,18,2,hope piss rememb gone sister someth
spam,"Hi, the SEXYCHAT girls are waiting for you to text them. Text now for a great night chatting. send STOP to stop this service",1,124,24,3,hi sexychat girl wait text text great night chat send stop stop servic
ham,"Good morning, my boytoy! How's those yummy lips ? Where's my sexy buns now ? What do you do ? Do you think of me ? Do you crave me ? Do you need me ?",0,149,36,8,good morn boytoy how yummi lip where sexi bun think crave need
ham,Match started.india  &lt;#&gt;  for 2,0,37,5,2,match startedindia ltgt
ham,Once free call me sir.,0,22,5,2,free call sir
ham,Hey do you want anything to buy:),0,33,7,1,hey want anyth buy
ham,"Hey babe, how's it going ? Did you ever figure out where your going for New Years ?",0,83,18,3,hey babe how go ever figur go new year
ham,K..k.:)congratulation ..,0,24,2,4,kkcongratul
ham,G wants to know where the fuck you are,0,38,9,1,want know fuck
ham,No it was cancelled yeah baby! Well that sounds important so i understand my darlin give me a ring later on this fone love Kate x,0,129,26,2,cancel yeah babi well sound import understand darlin give ring later fone love kate
ham,Tomarrow i want to got to court. At  &lt;DECIMAL&gt; . So you come to bus stand at 9.,0,85,18,4,tomarrow want got court ltdecimalgt come bu stand
ham,Ü go home liao? Ask dad to pick me up at 6...,0,45,12,3,go home liao ask dad pick
ham,Omg you can make a wedding chapel in frontierville? Why do they get all the good stuff?,0,87,17,3,omg make wed chapel frontiervil get good stuff
ham,"I'm eatin now lor, but goin back to work soon... E mountain deer show huh... I watch b4 liao, very nice...",0,106,21,4,im eatin lor goin back work soon mountain deer show huh watch liao nice
ham,Check mail.i have mailed varma and kept copy to you regarding membership.take care.insha allah.,0,95,14,5,check maili mail varma kept copi regard membershiptak careinsha allah
ham,Wrong phone! This phone! I answer this one but assume the other is people i don't well,0,86,17,3,wrong phone phone answer one assum peopl dont well
ham,"Anyway I don't think I can secure anything up here, lemme know if you want me to drive down south and chill",0,107,22,1,anyway dont think secur anyth lem know want drive south chill
ham,I'm already back home so no probably not,0,40,8,1,im alreadi back home probabl
spam,"Hi this is Amy, we will be sending you a free phone number in a couple of days, which will give you an access to all the adult parties...",1,137,29,2,hi ami send free phone number coupl day give access adult parti
ham,I am in bus on the way to calicut,0,33,9,1,bu way calicut
ham,Hi its me you are probably having too much fun to get this message but i thought id txt u cos im bored! and james has been farting at me all night,0,146,32,2,hi probabl much fun get messag thought id txt co im bore jame fart night
ham,hi baby im sat on the bloody bus at the mo and i wont be home until about 7:30 wanna do somethin later? call me later ortxt back jess xx,0,136,30,2,hi babi im sat bloodi bu mo wont home wan na somethin later call later ortxt back jess xx
spam,"Welcome to Select, an O2 service with added benefits. You can now call our specially trained advisors FREE from your mobile by dialling 402.",1,140,24,3,welcom select servic ad benefit call special train advisor free mobil diall
ham,I lost 4 pounds since my doc visit last week woot woot! Now I'm gonna celebrate by stuffing my face!,0,100,20,3,lost pound sinc doc visit last week woot woot im gon na celebr stuf face
ham,U coming back 4 dinner rite? Dad ask me so i re confirm wif u...,0,64,15,3,come back dinner rite dad ask confirm wif
ham,Doing my masters. When will you buy a bb cos i have for sale and how's bf,0,73,17,2,master buy bb co sale how bf
ham,"Ahhhh...just woken up!had a bad dream about u tho,so i dont like u right now :) i didnt know anything about comedy night but i guess im up for it.",0,146,30,4,ahhhhjust woken uphad bad dream thoso dont like right didnt know anyth comedi night guess im
ham,I'm vivek:)i got call from your number.,0,39,7,2,im viveki got call number
ham,Why didn't u call on your lunch?,0,32,7,2,didnt call lunch
ham,"What i mean was i left too early to check, cos i'm working a 9-6.",0,65,15,2,mean left earli check co im work
ham,I want  &lt;#&gt;  rs da:)do you have it?,0,41,8,2,want ltgt r dado
ham,I want to see your pretty pussy...,0,34,7,2,want see pretti pussi
spam,Dear Voucher holder Have your next meal on us. Use the following link on your pc 2 enjoy a 2 4 1 dining experiencehttp://www.vouch4me.com/etlp/dining.asp,1,153,24,5,dear voucher holder next meal u use follow link pc enjoy dine experi
ham,"A few people are at the game, I'm at the mall with iouri and kaila",0,66,15,1,peopl game im mall iouri kaila
spam,URGENT! We are trying to contact U. Todays draw shows that you have won a £2000 prize GUARANTEED. Call 09058094507 from land line. Claim 3030. Valid 12hrs only,1,159,28,6,urgent tri contact today draw show prize guarante call land line claim valid hr
spam,You can donate £2.50 to UNICEF's Asian Tsunami disaster support fund by texting DONATE to 864233. £2.50 will be added to your next bill,1,135,24,4,donat unicef asian tsunami disast support fund text donat ad next bill
ham,Future is not what we planned for tomorrow.....! it is the result of what we do today...! Do the best in present... enjoy the future.,0,133,25,5,futur plan tomorrow result today best present enjoy futur
ham,I will cme i want to go to hos 2morow. After that i wil cme. This what i got from her dear what to do. She didnt say any time,0,125,30,4,cme want go ho morow wil cme got dear didnt say time
ham,We are supposed to meet to discuss abt our trip... Thought xuhui told you? In the afternoon. Thought we can go for lesson after that,0,132,25,4,suppos meet discu abt trip thought xuhui told afternoon thought go lesson
ham,Hey come online! Use msn... We are all there,0,44,9,3,hey come onlin use msn
ham,I'm fine. Hope you are good. Do take care.,0,42,9,4,im fine hope good take care
ham,Oops I was in the shower when u called. Hey a parking garage collapsed at university hospital. See I'm not crazy. Stuff like that DOES happen.,0,142,26,5,oop shower call hey park garag collaps univers hospit see im crazi stuff like happen
ham,Aiyo u so poor thing... Then u dun wan 2 eat? U bathe already?,0,62,14,4,aiyo poor thing dun wan eat bath alreadi
ham,Yar... I tot u knew dis would happen long ago already.,0,54,11,3,yar tot knew di would happen long ago alreadi
ham,You are gorgeous! keep those pix cumming :) thank you!,0,54,10,3,gorgeou keep pix cum thank
ham,JADE ITS PAUL. Y DIDNT U TXT ME? DO U REMEMBER ME FROM BARMED? I WANT 2 TALK 2 U! TXT ME,0,89,22,5,jade paul didnt txt rememb barm want talk txt
ham,Spending new years with my brother and his family. Lets plan to meet next week. Are you ready to be spoiled? :),0,111,22,4,spend new year brother famili let plan meet next week readi spoil
ham,So what u doing today?,0,22,5,2,today
ham,I said its okay. Sorry,0,22,5,2,said okay sorri
ham,Slept? I thinkThis time ( &lt;#&gt;  pm) is not dangerous,0,57,10,2,slept thinkthi time ltgt pm danger
ham,Networking job is there.,0,24,4,2,network job
spam,goldviking (29/M) is inviting you to be his friend. Reply YES-762 or NO-762 See him: www.SMS.ac/u/goldviking STOP? Send STOP FRND to 62468,1,138,22,5,goldvik invit friend repli ye see stop send stop frnd
ham,Dont let studying stress you out. L8r.,0,38,7,3,dont let studi stress
ham,That's y u haf 2 keep me busy...,0,32,8,2,that haf keep busi
ham,No rushing. I'm not working. I'm in school so if we rush we go hungry.,0,70,15,4,rush im work im school rush go hungri
ham,Which channel:-):-):):-).,0,25,2,2,channel
ham,So your telling me I coulda been your real Valentine and I wasn't? U never pick me for NOTHING!!,0,96,19,3,tell coulda real valentin wasnt never pick noth
spam,Phony £350 award - Todays Voda numbers ending XXXX are selected to receive a £350 award. If you have a match please call 08712300220 quoting claim code 3100 standard rates app,1,175,31,2,phoni award today voda number end xxxx select receiv award match pleas call quot claim code standard rate app
ham,"We made it! Eta at taunton is 12:30 as planned, hope that‘s still okday?! Good to see you! :-xx",0,95,19,4,made eta taunton plan hope still okday good see xx
ham,I'm hungry buy smth home...,0,27,5,2,im hungri buy smth home
ham,"HEY KATE, HOPE UR OK... WILL GIVE U A BUZ WEDLUNCH. GO OUTSOMEWHERE 4 ADRINK IN TOWN..CUD GO 2WATERSHD 4 A BIT? PPL FROMWRK WILL BTHERE. LOVE PETEXXX.",0,150,28,7,hey kate hope ur ok give buz wedlunch go outsomewher adrink towncud go watershd bit ppl fromwrk bthere love petexxx
ham,My drive can only be read. I need to write,0,42,10,2,drive read need write
ham,"Just looked it up and addie goes back Monday, sucks to be her",0,61,13,1,look addi go back monday suck
ham,Happy new year. Hope you are having a good semester,0,51,10,2,happi new year hope good semest
ham,Esplanade lor. Where else...,0,28,4,3,esplanad lor els
ham,Can you talk with me..,0,22,5,2,talk
ham,"Hmph. Go head, big baller.",0,26,5,3,hmph go head big baller
ham,Well its not like you actually called someone a punto. That woulda been worse.,0,78,14,3,well like actual call someon punto woulda wors
ham,"Nope. Since ayo travelled, he has forgotten his guy",0,51,9,2,nope sinc ayo travel forgotten guy
ham,You still around? Looking to pick up later,0,42,8,2,still around look pick later
spam,CDs 4u: Congratulations ur awarded £500 of CD gift vouchers or £125 gift guaranteed & Freeentry 2 £100 wkly draw xt MUSIC to 87066 TnCs www.ldew.com1win150ppmx3age16,1,165,26,3,cd congratul ur award cd gift voucher gift guarante freeentri wkli draw xt music tnc
ham,There's someone here that has a year  &lt;#&gt;  toyota camry like mr olayiwola's own. Mileage is  &lt;#&gt; k.its clean but i need to know how much will it sell for. If i can raise the dough for it how soon after landing will it sell. Holla back.,0,247,47,6,there someon year ltgt toyota camri like mr olayiwola mileag ltgt kit clean need know much sell rais dough soon land sell holla back
ham,Guess which pub im in? Im as happy as a pig in clover or whatever the saying is!,0,80,18,3,guess pub im im happi pig clover whatev say
ham,ILL B DOWN SOON,0,15,4,1,ill soon
ham,Oh k. . I will come tomorrow,0,28,7,3,oh come tomorrow
ham,Go fool dont cheat others ok,0,28,6,1,go fool dont cheat other ok
ham,"My mobile number.pls sms ur mail id.convey regards to achan,amma.Rakhesh.Qatar",0,78,10,5,mobil numberpl sm ur mail idconvey regard achanammarakheshqatar
ham,"By the way, 'rencontre' is to meet again. Mountains dont....",0,60,10,3,way rencontr meet mountain dont
spam,You have WON a guaranteed £1000 cash or a £2000 prize. To claim yr prize call our customer service representative on 08714712412 between 10am-7pm Cost 10p,1,154,26,2,guarante cash prize claim yr prize call custom servic repres pm cost
ham,U attend ur driving lesson how many times a wk n which day?,0,59,13,2,attend ur drive lesson mani time wk day
ham,"Uncle G, just checking up on you. Do have a rewarding month",0,59,12,2,uncl check reward month
ham,Hello boytoy ! Geeee ... I'm missing you today. I like to send you a tm and remind you I'm thinking of you ... And you are loved ... *loving kiss*,0,146,31,6,hello boytoy geeee im miss today like send tm remind im think love love kiss
ham,I think the other two still need to get cash but we can def be ready by 9,0,73,18,1,think two still need get cash def readi
ham,Hey gals...U all wanna meet 4 dinner at nìte?,0,45,9,3,hey galsu wan na meet dinner nìte
ham,Babe ! What are you doing ? Where are you ? Who are you talking to ? Do you think of me ? Are you being a good boy? Are you missing me? Do you love me ?,0,152,38,9,babe talk think good boy miss love
ham,Great! How is the office today?,0,31,6,3,great offic today
ham,"It's cool, we can last a little while. Getting more any time soon?",0,66,13,3,cool last littl get time soon
ham,:-( sad puppy noise,0,19,4,1,sad puppi nois
ham,Yes its possible but dint try. Pls dont tell to any one k,0,57,13,2,ye possibl dint tri pl dont tell one
ham,Anyway holla at me whenever you're around because I need an excuse to go creep on people in sarasota,0,100,19,1,anyway holla whenev your around need excus go creep peopl sarasota
ham,Where you. What happen,0,22,4,2,happen
ham,I was gonna ask you lol but i think its at 7,0,44,12,1,gon na ask lol think
spam,Ur cash-balance is currently 500 pounds - to maximize ur cash-in now send GO to 86688 only 150p/meg. CC: 08718720201 HG/Suite342/2lands Row/W1j6HL,1,146,22,2,ur cashbal current pound maxim ur cashin send go pmeg cc hgsuit land roww hl
spam,PRIVATE! Your 2003 Account Statement for shows 800 un-redeemed S.I.M. points. Call 08715203685 Identifier Code:4xx26 Expires 13/10/04,1,133,17,6,privat account statement show unredeem sim point call identifi code xx expir
ham,Go chase after her and run her over while she's crossing the street,0,67,13,1,go chase run she cross street
spam,I'd like to tell you my deepest darkest fantasies. Call me 09094646631 just 60p/min. To stop texts call 08712460324 (nat rate),1,126,21,3,id like tell deepest darkest fantasi call pmin stop text call nat rate
ham,Hey... Very inconvenient for your sis a not huh?,0,48,9,3,hey inconveni si huh
ham,Ok i vl..do u know i got adsense approved..,0,43,9,3,ok vldo know got adsens approv
ham,"* Was really good to see you the other day dudette, been missing you!",0,69,14,2,realli good see day dudett miss
ham,I want to go to perumbavoor,0,27,6,1,want go perumbavoor
ham,How many times i told in the stage all use to laugh. You not listen aha.,0,72,16,3,mani time told stage use laugh listen aha
ham,(You didn't hear it from me),0,28,6,1,didnt hear
ham,Thanks for being there for me just to talk to on saturday. You are very dear to me. I cherish having you as a brother and role model.,0,133,28,4,thank talk saturday dear cherish brother role model
ham,Pls clarify back if an open return ticket that i have can be preponed for me to go back to kerala.,0,98,21,2,pl clarifi back open return ticket prepon go back kerala
spam,Natalie (20/F) is inviting you to be her friend. Reply YES-165 or NO-165 See her: www.SMS.ac/u/natalie2k9 STOP? Send STOP FRND to 62468,1,135,22,5,natali invit friend repli ye see stop send stop frnd
ham,She ran off with a younger man. we will make pretty babies together :),0,70,14,2,ran younger man make pretti babi togeth
spam,Jamster! To get your free wallpaper text HEART to 88888 now! T&C apply. 16 only. Need Help? Call 08701213186.,1,109,19,7,jamster get free wallpap text heart tc appli need help call
ham,O ic lol. Should play 9 doors sometime yo,0,41,9,2,ic lol play door sometim yo
ham,"Dunno, my dad said he coming home 2 bring us out 4 lunch. Yup i go w u lor. I call u when i reach school lor...",0,111,27,4,dunno dad said come home bring u lunch yup go lor call reach school lor
ham,Desires- u going to doctor 4 liver. And get a bit stylish. Get ur hair managed. Thats it.,0,89,18,5,desir go doctor liver get bit stylish get ur hair manag that
ham,Hmmm.still we dont have opener?,0,31,5,3,hmmmstill dont open
ham,Yeah so basically any time next week you can get away from your mom &amp; get up before 3,0,89,19,1,yeah basic time next week get away mom amp get
ham,I will vote for wherever my heart guides me,0,43,9,1,vote wherev heart guid
ham,With my sis lor... We juz watched italian job.,0,46,9,3,si lor juz watch italian job
ham,"Tick, tick, tick .... Where are you ? I could die of loneliness you know ! *pouts* *stomps feet* I need you ...",0,111,23,5,tick tick tick could die loneli know pout stomp foot need
ham,Lmao you know me so well...,0,27,6,2,lmao know well
ham,Am on a train back from northampton so i'm afraid not! I'm staying skyving off today ho ho! Will be around wednesday though. Do you fancy the comedy club this week by the way?,0,175,34,5,train back northampton im afraid im stay skyve today ho ho around wednesday though fanci comedi club week way
ham,Goodnight da thangam I really miss u dear.,0,42,8,2,goodnight da thangam realli miss dear
ham,Hey next sun 1030 there's a basic yoga course... at bugis... We can go for that... Pilates intro next sat.... Tell me what time you r free,0,138,27,5,hey next sun there basic yoga cours bugi go pilat intro next sat tell time free
ham,"Geeeee ... Your internet is really bad today, eh ?",0,50,10,3,geeeee internet realli bad today eh
spam,Free video camera phones with Half Price line rental for 12 mths and 500 cross ntwk mins 100 txts. Call MobileUpd8 08001950382 or Call2OptOut/674,1,145,24,2,free video camera phone half price line rental mth cross ntwk min txt call mobileupd call optout
ham,I think i am disturbing her da,0,30,7,1,think disturb da
ham,"Sorry, I'll call you  later. I am in meeting sir.",0,49,10,3,sorri ill call later meet sir
ham,Havent stuck at orchard in my dad's car. Going 4 dinner now. U leh? So r they free tonight?,0,91,19,5,havent stuck orchard dad car go dinner leh free tonight
ham,Ok i also wan 2 watch e 9 pm show...,0,36,10,2,ok also wan watch pm show
ham,I dunno lei... Like dun haf...,0,30,6,3,dunno lei like dun haf
ham,But your brother transfered only  &lt;#&gt;  +  &lt;#&gt; . Pa.,0,63,10,3,brother transfer ltgt ltgt pa
ham,I calls you later. Afternoon onwords mtnl service get problem in south mumbai. I can hear you but you cann't listen me.,0,119,22,4,call later afternoon onword mtnl servic get problem south mumbai hear cannt listen
spam,83039 62735=£450 UK Break AccommodationVouchers terms & conditions apply. 2 claim you mustprovide your claim number which is 15541,1,130,19,2,uk break accommodationvouch term condit appli claim mustprovid claim number
ham,Talk to g and x about that,0,26,7,1,talk
ham,Hai dear friends... This is my new &amp; present number..:) By Rajitha Raj (Ranju),0,82,14,3,hai dear friend new amp present number rajitha raj ranju
spam,5p 4 alfie Moon's Children in need song on ur mob. Tell ur m8s. Txt Tone charity to 8007 for Nokias or Poly charity for polys: zed 08701417012 profit 2 charity.,1,160,31,4,alfi moon child need song ur mob tell ur txt tone chariti nokia poli chariti poli zed profit chariti
ham,As in different styles?,0,23,4,2,differ style
spam,WIN a £200 Shopping spree every WEEK Starting NOW. 2 play text STORE to 88039. SkilGme. TsCs08714740323 1Winawk! age16 £1.50perweeksub.,1,135,20,7,win shop spree everi week start play text store skilgm tsc winawk age perweeksub
ham,Gud ni8 dear..slp well..take care..swt dreams..Muah..,0,53,6,6,gud ni dearslp welltak careswt dreamsmuah
spam,"This is the 2nd attempt to contract U, you have won this weeks top prize of either £1000 cash or £200 prize. Just call 09066361921",1,130,25,2,nd attempt contract week top prize either cash prize call
ham,"Well, i'm glad you didn't find it totally disagreeable ... Lol",0,62,11,2,well im glad didnt find total disagre lol
ham,"Guy, no flash me now. If you go call me, call me. How madam. Take care oh.",0,74,17,5,guy flash go call call madam take care oh
spam,Do you want a New Nokia 3510i colour phone DeliveredTomorrow? With 300 free minutes to any mobile + 100 free texts + Free Camcorder reply or call 08000930705.,1,158,28,3,want new nokia colour phone deliveredtomorrow free minut mobil free text free camcord repli call
ham,Mark works tomorrow. He gets out at 5. His work is by your house so he can meet u afterwards.,0,93,20,4,mark work tomorrow get work hous meet afterward
ham,"Keep ur problems in ur heart, b'coz nobody will fight for u. Only u &amp; u have to fight for ur self &amp; win the battle. -VIVEKANAND- G 9t.. SD..
ham	Yeah, give me a call if you've got a minute
ham	HI BABE UAWAKE?FEELLIKW SHIT.JUSTFOUND OUT VIA ALETTER THATMUM GOTMARRIED 4thNOV.BEHIND OURBACKS  FUCKINNICE!SELFISH,DEVIOUSBITCH.ANYWAY,IL CALL U""",0,350,57,10,keep ur problem ur heart bcoz nobodi fight amp fight ur self amp win battl vivekanand sd ham yeah give call youv got minut ham hi babe uawakefeellikw shitjustfound via alett thatmum gotmarri thnovbehind ourback fuckinniceselfishdeviousbitchanywayil call
ham,Amazing : If you rearrange these letters it gives the same meaning... Dormitory = Dirty room Astronomer = Moon starer The eyes = They see Election results = Lies lets recount Mother-in-law = Woman Hitler Eleven plus two =Twelve plus one Its Amazing... !:-),0,256,44,4,amaz rearrang letter give mean dormitori dirti room astronom moon starer eye see elect result lie let recount motherinlaw woman hitler eleven plu two twelv plu one amaz
ham,Aiya we discuss later lar... Pick ü up at 4 is it?,0,50,12,3,aiya discu later lar pick
ham,Hey happy birthday...,0,21,3,2,hey happi birthday
ham,Sorry i missed your call. Can you please call back.,0,51,10,3,sorri miss call pleas call back
ham,Omg if its not one thing its another. My cat has worms :/ when does this bad day end?,0,85,19,3,omg one thing anoth cat worm bad day end
ham,"Good morning, im suffering from fever and dysentry ..will not be able to come to office today.",0,94,17,3,good morn im suffer fever dysentri abl come offic today
ham,I wont do anything de.,0,22,5,2,wont anyth de
ham,What type of stuff do you sing?,0,31,7,2,type stuff sing
ham,"St andre, virgil's cream",0,24,4,1,st andr virgil cream
ham,"My fri ah... Okie lor,goin 4 my drivin den go shoppin after tt...",0,65,13,3,fri ah oki lorgoin drivin den go shoppin tt
ham,Gokila is talking with you aha:),0,32,6,1,gokila talk aha
ham,"Hi Shanil,Rakhesh here.thanks,i have exchanged the uncut diamond stuff.leaving back. Excellent service by Dino and Prem.",0,120,16,5,hi shanilrakhesh herethanksi exchang uncut diamond stuffleav back excel servic dino prem
ham,K.k.this month kotees birthday know?,0,36,5,4,kkthi month kote birthday know
ham,But i'm really really broke oh. No amount is too small even  &lt;#&gt;,0,70,13,2,im realli realli broke oh amount small even ltgt
ham,Sorry about that this is my mates phone and i didnt write it love Kate,0,70,15,1,sorri mate phone didnt write love kate
spam,"TheMob>Hit the link to get a premium Pink Panther game, the new no. 1 from Sugababes, a crazy Zebra animation or a badass Hoody wallpaper-all 4 FREE!",1,149,27,3,themobhit link get premium pink panther game new sugabab crazi zebra anim badass hoodi wallpaperal free
ham,"Ah, well that confuses things, doesnt it? I thought was friends with now. Maybe i did the wrong thing but i already sort of invited -tho he may not come cos of money.",0,166,33,4,ah well confus thing doesnt thought friend mayb wrong thing alreadi sort invit tho may come co money
ham,"Aight, call me once you're close",0,32,6,1,aight call your close
ham,Nope thats fine. I might have a nap tho!,0,40,9,3,nope that fine might nap tho
spam,This msg is for your mobile content order It has been resent as previous attempt failed due to network error Queries to customersqueries@netvision.uk.com,1,153,23,3,msg mobil content order resent previou attempt fail due network error queri
ham,In other news after hassling me to get him weed for a week andres has no money. HAUGHAIGHGTUJHYGUJ,0,98,18,2,news hassl get weed week andr money haughaighgtujhyguj
ham,Ding me on ya break fassyole! Blacko from londn,0,47,9,2,ding ya break fassyol blacko londn
ham,I REALLY NEED 2 KISS U I MISS U MY BABY FROM UR BABY 4EVA,0,57,15,1,realli need kiss miss babi ur babi eva
ham,Oh you got many responsibilities.,0,33,5,2,oh got mani respons
spam,You have 1 new message. Please call 08715205273,1,47,8,2,new messag pleas call
ham,I've reached sch already...,0,27,4,2,ive reach sch alreadi
spam,December only! Had your mobile 11mths+? You are entitled to update to the latest colour camera mobile for Free! Call The Mobile Update VCo FREE on 08002986906,1,158,27,4,decemb mobil mth entitl updat latest colour camera mobil free call mobil updat vco free
ham,U definitely need a module from e humanities dis sem izzit? U wan 2 take other modules 1st?,0,91,18,3,definit need modul human di sem izzit wan take modul st
ham,Argh why the fuck is nobody in town ;_;,0,39,9,1,argh fuck nobodi town
spam,"Get 3 Lions England tone, reply lionm 4 mono or lionp 4 poly. 4 more go 2 www.ringtones.co.uk, the original n best. Tones 3GBP network operator rates apply.",1,156,28,7,get lion england tone repli lionm mono lionp poli go origin best tone gbp network oper rate appli
ham,Thanks. Fills me with complete calm and reassurance!,0,52,8,3,thank fill complet calm reassur
ham,Aslamalaikkum....insha allah tohar beeen muht albi mufti mahfuuz...meaning same here....,0,88,10,4,aslamalaikkuminsha allah tohar beeen muht albi mufti mahfuuzmean
ham,Are you driving or training?,0,28,5,2,drive train
ham,Lol for real. She told my dad I have cancer,0,43,10,2,lol real told dad cancer
spam,PRIVATE! Your 2003 Account Statement for 078,1,44,7,2,privat account statement
ham,"Oops I did have it,  &lt;#&gt; ?",0,32,7,2,oop ltgt
ham,NOT ENUFCREDEIT TOCALL.SHALL ILEAVE UNI AT 6 +GET A BUS TO YOR HOUSE?,0,69,13,3,enufcredeit tocallshal ileav uni get bu yor hous
ham,"Hi Chikku, send some nice msgs",0,30,6,1,hi chikku send nice msg
ham,"He is impossible to argue with and he always treats me like his sub, like he never released me ... Which he did and I will remind him of that if necessary",0,154,32,2,imposs argu alway treat like sub like never releas remind necessari
ham,"After my work ah... Den 6 plus lor... U workin oso rite... Den go orchard lor, no other place to go liao...",0,107,22,5,work ah den plu lor workin oso rite den go orchard lor place go liao
ham,"To the wonderful Okors, have a great month. We cherish you guys and wish you well each day. MojiBiola",0,101,19,3,wonder okor great month cherish guy wish well day mojibiola
ham,Cuz ibored. And don wanna study,0,31,6,2,cuz ibor wan na studi
ham,Wot about on wed nite I am 3 then but only til 9!,0,49,13,2,wot wed nite til
ham,Any way where are you and what doing.,0,37,8,2,way
ham,That sucks. I'll go over so u can do my hair. You'll do it free right?,0,70,16,4,suck ill go hair youll free right
ham,it's still not working. And this time i also tried adding zeros. That was the savings. The checking is  &lt;#&gt;,0,113,20,4,still work time also tri ad zero save check ltgt
ham,"Hmm... Dunno leh, mayb a bag 4 goigng out dat is not too small. Or jus anything except perfume, smth dat i can keep.",0,116,24,4,hmm dunno leh mayb bag goigng dat small ju anyth except perfum smth dat keep
ham,Sday only joined.so training we started today:),0,47,7,2,sday joinedso train start today
ham,Sorry * was at the grocers.,0,27,6,2,sorri grocer
ham,There are some nice pubs near here or there is Frankie n Bennys near the warner cinema?,0,87,17,2,nice pub near franki benni near warner cinema
spam,"YOU VE WON! Your 4* Costa Del Sol Holiday or £5000 await collection. Call 09050090044 Now toClaim. SAE, TC s, POBox334, Stockport, SK38xh, Cost£1.50/pm, Max10mins",1,162,25,5,costa del sol holiday await collect call toclaim sae tc pobox stockport sk xh cost£ pm max min
ham,Yup... I havent been there before... You want to go for the yoga? I can call up to book,0,87,19,4,yup havent want go yoga call book
ham,Oh shut it. Omg yesterday I had a dream that I had 2 kids both boys. I was so pissed. Not only about the kids but them being boys. I even told mark in my dream that he was changing diapers cause I'm not getting owed in the face.,0,228,49,6,oh shut omg yesterday dream kid boy piss kid boy even told mark dream chang diaper caus im get owe face
ham,Yeah I imagine he would be really gentle. Unlike the other docs who treat their patients like turkeys.,0,102,18,3,yeah imagin would realli gentl unlik doc treat patient like turkey
ham,Now that you have started dont stop. Just pray for more good ideas and anything i see that can help you guys i.ll forward you a link.,0,133,27,4,start dont stop pray good idea anyth see help guy ill forward link
ham,Hi darlin im on helens fone im gonna b up the princes 2 nite please come up tb love Kate,0,88,20,1,hi darlin im helen fone im gon na princ nite pleas come tb love kate
ham,I'm in office now da:)where are you?,0,36,7,2,im offic dawher
ham,Aiyar u so poor thing... I give u my support k... Jia you! I'll think of u...,0,77,17,5,aiyar poor thing give support jia ill think
ham,Oh unintentionally not bad timing. Great. Fingers  the trains play along! Will give fifteen min warning.,0,104,16,5,oh unintent bad time great finger train play along give fifteen min warn
spam,Get your garden ready for summer with a FREE selection of summer bulbs and seeds worth £33:50 only with The Scotsman this Saturday. To stop go2 notxt.co.uk,1,155,27,4,get garden readi summer free select summer bulb seed worth scotsman saturday stop go notxtcouk
ham,K..then come wenever u lik to come and also tel vikky to come by getting free time..:-),0,87,17,3,kthen come wenev lik come also tel vikki come get free time
ham,Pls call me da. What happen.,0,28,6,3,pl call da happen
ham,"Happy new year to u and ur family...may this new year bring happiness , stability and tranquility to ur vibrant colourful life:):)",0,130,22,2,happi new year ur familymay new year bring happi stabil tranquil ur vibrant colour life
ham,No problem with the renewal. I.ll do it right away but i dont know his details.,0,79,16,4,problem renew ill right away dont know detail
ham,Idk. I'm sitting here in a stop and shop parking lot right now bawling my eyes out because i feel like i'm a failure in everything. Nobody wants me and now i feel like i'm failing you.,0,184,37,4,idk im sit stop shop park lot right bawl eye feel like im failur everyth nobodi want feel like im fail
ham,Haven't left yet so probably gonna be here til dinner,0,53,10,1,havent left yet probabl gon na til dinner
ham,"Like  &lt;#&gt; , same question",0,31,5,1,like ltgt question
ham,MY NEW YEARS EVE WAS OK. I WENT TO A PARTY WITH MY BOYFRIEND. WHO IS THIS SI THEN HEY,0,85,20,3,new year eve ok went parti boyfriend si hey
ham,"Sir, I need Velusamy sir's date of birth and company bank facilities details.",0,77,13,2,sir need velusami sir date birth compani bank facil detail
ham,K k:) sms chat with me.,0,23,6,2,sm chat
ham,I will come with karnan car. Please wait till 6pm will directly goto doctor.,0,76,14,3,come karnan car pleas wait till pm directli goto doctor
ham,No but the bluray player can,0,28,6,1,bluray player
ham,Ok... Then r we meeting later?,0,30,6,3,ok meet later
ham,Lol no. I just need to cash in my nitros. Hurry come on before I crash out!,0,75,17,4,lol need cash nitro hurri come crash
ham,Just send a text. We'll skype later.,0,36,7,3,send text well skype later
ham,Ok leave no need to ask,0,23,6,1,ok leav need ask
ham,Ü still got lessons?  Ü in sch?,0,31,7,3,still got lesson sch
ham,Y she dun believe leh? I tot i told her it's true already. I thk she muz c us tog then she believe.,0,99,23,4,dun believ leh tot told true alreadi thk muz u tog believ
ham,Oh did you charge camera,0,24,5,1,oh charg camera
ham,"I‘ve got some salt, you can rub it in my open wounds if you like!",0,65,15,2,got salt rub open wound like
ham,Now i'm going for lunch.,0,24,5,2,im go lunch
ham,I'm in school now n i'll be in da lab doing some stuff give me a call when ü r done.,0,84,21,2,im school ill da lab stuff give call done
ham,"Aight, text me tonight and we'll see what's up",0,46,9,1,aight text tonight well see what
ham,Water logging in desert. Geoenvironmental implications.,0,55,6,3,water log desert geoenvironment implic
ham,"Very strange.  and  are watching the 2nd one now but i'm in bed. Sweet dreams, miss u",0,85,17,3,strang watch nd one im bed sweet dream miss
spam,SMS AUCTION - A BRAND NEW Nokia 7250 is up 4 auction today! Auction is FREE 2 join & take part! Txt NOKIA to 86021 now!,1,119,26,4,sm auction brand new nokia auction today auction free join take part txt nokia
ham,"Hi hope u r both ok, he said he would text and he hasn't, have u seen him, let me down gently please",0,100,23,1,hi hope ok said would text hasnt seen let gentli pleas
ham,"Babe! I fucking love you too !! You know? Fuck it was so good to hear your voice. I so need that. I crave it. I can't get enough. I adore you, Ahmad *kisses*",0,157,34,8,babe fuck love know fuck good hear voic need crave cant get enough ador ahmad kiss
ham,K sure am in my relatives home. Sms me de. Pls:-),0,49,11,3,sure rel home sm de pl
ham,"Fuuuuck I need to stop sleepin, sup",0,35,7,1,fuuuuck need stop sleepin sup
ham,I'm in town now so i'll jus take mrt down later.,0,48,11,2,im town ill ju take mrt later
ham,I just cooked a rather nice salmon a la you,0,43,10,1,cook rather nice salmon la
ham,I uploaded mine to Facebook,0,27,5,1,upload mine facebook
ham,WHAT TIME U WRKIN?,0,18,4,2,time wrkin
spam,ree entry in 2 a weekly comp for a chance to win an ipod. Txt POD to 80182 to get entry (std txt rate) T&C's apply 08452810073 for details 18+,1,142,30,2,ree entri weekli comp chanc win ipod txt pod get entri std txt rate tc appli detail
spam,Our records indicate u maybe entitled to 5000 pounds in compensation for the Accident you had. To claim 4 free reply with CLAIM to this msg. 2 stop txt STOP,1,156,30,3,record indic mayb entitl pound compens accid claim free repli claim msg stop txt stop
ham,Oh oh... Den muz change plan liao... Go back have to yan jiu again...,0,69,14,4,oh oh den muz chang plan liao go back yan jiu
ham,"It's wylie, you in tampa or sarasota?",0,37,7,2,wyli tampa sarasota
ham,Ok... Take ur time n enjoy ur dinner...,0,39,8,3,ok take ur time enjoy ur dinner
ham,Darren was saying dat if u meeting da ge den we dun meet 4 dinner. Cos later u leave xy will feel awkward. Den u meet him 4 lunch lor.,0,134,30,4,darren say dat meet da ge den dun meet dinner co later leav xy feel awkward den meet lunch lor
ham,I like cheap! But i‘m happy to splash out on the wine if it makes you feel better..,0,83,18,3,like cheap happi splash wine make feel better
ham,She.s fine. I have had difficulties with her phone. It works with mine. Can you pls send her another friend request.,0,116,21,6,she fine difficulti phone work mine pl send anoth friend request
ham,Ugh my leg hurts. Musta overdid it on mon.,0,42,9,3,ugh leg hurt musta overdid mon
spam,Call Germany for only 1 pence per minute! Call from a fixed line via access number 0844 861 85 85. No prepayment. Direct access! www.telediscount.co.uk,1,151,25,8,call germani penni per minut call fix line via access number prepay direct access
ham,WOT STUDENT DISCOUNT CAN U GET ON BOOKS?,0,40,8,2,wot student discount get book
ham,How come she can get it? Should b quite diff to guess rite...,0,61,13,3,come get quit diff guess rite
spam,Had your mobile 11mths ? Update for FREE to Oranges latest colour camera mobiles & unlimited weekend calls. Call Mobile Upd8 on freefone 08000839402 or 2StopTxt,1,160,26,3,mobil mth updat free orang latest colour camera mobil unlimit weekend call call mobil upd freefon stoptxt
ham,"Babe, I'm answering you, can't you see me ? Maybe you'd better reboot YM ... I got the photo ... It's great !",0,109,23,5,babe im answer cant see mayb youd better reboot ym got photo great
ham,Hi.what you think about match?,0,30,5,3,hiwhat think match
ham,"I know you are thinkin malaria. But relax, children cant handle malaria. She would have been worse and its gastroenteritis. If she takes enough to replace her loss her temp will reduce. And if you give her malaria meds now she will just vomit. Its a self limiting illness she has which means in a few days it will completely stop",0,329,61,6,know thinkin malaria relax child cant handl malaria would wors gastroenter take enough replac loss temp reduc give malaria med vomit self limit ill mean day complet stop
ham,Dai i downloaded but there is only exe file which i can only run that exe after installing.,0,91,18,2,dai download exe file run exe instal
ham,It is only yesterday true true.,0,31,6,2,yesterday true true
ham,K.k.how is your business now?,0,29,5,4,kkhow busi
ham,3 pa but not selected.,0,22,5,2,pa select
ham,Well thats nice. Too bad i cant eat it,0,38,9,2,well that nice bad cant eat
ham,I accidentally brought em home in the box,0,41,8,1,accident brought em home box
ham,Pls she needs to dat slowly or she will vomit more.,0,51,11,2,pl need dat slowli vomit
ham,I have to take exam with in march 3,0,35,9,1,take exam march
ham,"Jane babes not goin 2 wrk, feel ill after lst nite. Foned in already cover 4 me chuck.:-)",0,89,18,3,jane babe goin wrk feel ill lst nite fone alreadi cover chuck
ham,5 nights...We nt staying at port step liao...Too ex,0,51,9,3,nightsw nt stay port step liaotoo ex
ham,If I die I want u to have all my stuffs.,0,40,11,2,die want stuff
ham,OH FUCK. JUSWOKE UP IN A BED ON A BOATIN THE DOCKS. SLEPT WID 25 YEAR OLD. SPINOUT! GIV U DA GOSSIP L8R. XXX,0,108,24,6,oh fuck juswok bed boatin dock slept wid year old spinout giv da gossip xxx
ham,I re-met alex nichols from middle school and it turns out he's dealing!,0,71,13,2,remet alex nichol middl school turn he deal
spam,PRIVATE! Your 2003 Account Statement for <fone no> shows 800 un-redeemed S. I. M. points. Call 08715203656 Identifier Code: 42049 Expires 26/10/04,1,146,22,6,privat account statement show unredeem point call identifi code expir
ham,It means u could not keep ur words.,0,35,8,2,mean could keep ur word
ham,"Nope, I'm still in the market",0,29,6,1,nope im still market
ham,I realise you are a busy guy and i'm trying not to be a bother. I have to get some exams outta the way and then try the cars. Do have a gr8 day,0,143,34,3,realis busi guy im tri bother get exam outta way tri car gr day
ham,Hey what how about your project. Started aha da.,0,48,9,3,hey project start aha da
ham,Ok cool. See ya then.,0,21,5,3,ok cool see ya
ham,Am on the uworld site. Am i buying the qbank only or am i buying it with the self assessment also?,0,98,21,3,uworld site buy qbank buy self assess also
spam,Someonone you know is trying to contact you via our dating service! To find out who it could be call from your mobile or landline 09064015307 BOX334SK38ch,1,154,27,2,someonon know tri contact via date servic find could call mobil landlin box sk ch
ham,Yeah I can still give you a ride,0,32,8,1,yeah still give ride
ham,"Jay wants to work out first, how's 4 sound?",0,43,9,2,jay want work first how sound
ham,"Gud gud..k, chikku tke care.. sleep well gud nyt",0,48,9,3,gud gudk chikku tke care sleep well gud nyt
ham,Hmm thinking lor...,0,19,3,2,hmm think lor
ham,Of course ! Don't tease me ... You know I simply must see ! *grins* ... Do keep me posted my prey ... *loving smile* *devouring kiss*,0,133,27,6,cours dont teas know simpli must see grin keep post prey love smile devour kiss
ham,thanks for the temales it was wonderful. Thank. Have a great week.,0,66,12,4,thank temal wonder thank great week
ham,Thank you princess! I want to see your nice juicy booty...,0,58,11,3,thank princess want see nice juici booti
ham,Haven't eaten all day. I'm sitting here staring at this juicy pizza and I can't eat it. These meds are ruining my life.,0,119,23,4,havent eaten day im sit stare juici pizza cant eat med ruin life
ham,U come n search tat vid..not finishd..,0,38,7,3,come search tat vidnot finishd
ham,"K I'm leaving soon, be there a little after 9",0,45,10,1,im leav soon littl
spam,Urgent! Please call 09061213237 from a landline. £5000 cash or a 4* holiday await collection. T &Cs SAE PO Box 177 M227XY. 16+,1,126,23,5,urgent pleas call landlin cash holiday await collect c sae po box xy
ham,"Yeah work is fine, started last week, all the same stuff as before, dull but easy and guys are fun!",0,99,20,2,yeah work fine start last week stuff dull easi guy fun
ham,You do your studies alone without anyones help. If you cant no need to study.,0,77,15,3,studi alon without anyon help cant need studi
ham,Please tell me not all of my car keys are in your purse,0,55,13,1,pleas tell car key purs
ham,I didnt get anything da,0,23,5,1,didnt get anyth da
ham,Ok... Sweet dreams...,0,21,3,3,ok sweet dream
ham,Well she's in for a big surprise!,0,33,7,2,well she big surpris
ham,1 in cbe. 2 in chennai.,0,23,6,3,cbe chennai
ham,Can help u swoop by picking u up from wherever ur other birds r meeting if u want.,0,82,18,2,help swoop pick wherev ur bird meet want
ham,If anyone calls for a treadmill say you'll buy it. Make sure its working. I found an ad on Craigslist selling for $ &lt;#&gt; .,0,127,25,4,anyon call treadmil say youll buy make sure work found ad craigslist sell ltgt
ham,I absolutely LOVE South Park! I only recently started watching the office.,0,74,12,3,absolut love south park recent start watch offic
ham,Did you see that film:),0,23,5,1,see film
ham,Pls speak with me. I wont ask anything other then you friendship.,0,65,12,3,pl speak wont ask anyth friendship
ham,Gud ni8.swt drms.take care,0,26,4,3,gud ni swt drmstake care
ham,HI DARLIN ITS KATE ARE U UP FOR DOIN SOMETHIN TONIGHT? IM GOING TO A PUB CALLED THE SWAN OR SOMETHING WITH MY PARENTS FOR ONE DRINK SO PHONE ME IF U CAN,0,152,33,2,hi darlin kate doin somethin tonight im go pub call swan someth parent one drink phone
ham,Anything lar then ü not going home 4 dinner?,0,44,9,2,anyth lar go home dinner
ham,"ER, ENJOYIN INDIANS AT THE MO..yeP. SaLL gOoD HehE ;> hows bout u shexy? Pete Xx",0,80,16,4,er enjoyin indian moyep sall good hehe how bout shexi pete xx
ham,Did u fix the teeth?if not do it asap.ok take care.,0,51,11,4,fix teethif asapok take care
ham,So u wan 2 come for our dinner tonight a not?,0,45,11,2,wan come dinner tonight
ham,"Hello.How u doing?What u been up 2?When will u b moving out of the flat, cos I will need to arrange to pick up the lamp, etc. Take care. Hello caroline!",0,152,31,7,hellohow doingwhat move flat co need arrang pick lamp etc take care hello carolin
ham,Its too late:)but its k.wish you the same.,0,42,8,3,latebut kwish
ham,"Hi. Hope ur day * good! Back from walk, table booked for half eight. Let me know when ur coming over.",0,101,21,5,hi hope ur day good back walk tabl book half eight let know ur come
ham,Oh yeah clearly it's my fault,0,29,6,1,oh yeah clearli fault
ham,Dunno leh cant remember mayb lor. So wat time r we meeting tmr?,0,63,13,3,dunno leh cant rememb mayb lor wat time meet tmr
ham,"Best msg: It's hard to be with a person, when u know that one more step foward will make u fall in love.. &amp; One step back can ruin ur friendship.. good night:-) ...",0,168,34,4,best msg hard person know one step foward make fall love amp one step back ruin ur friendship good night
spam,URGENT! Your Mobile number has been awarded with a £2000 prize GUARANTEED. Call 09061790126 from land line. Claim 3030. Valid 12hrs only 150ppm,1,143,23,5,urgent mobil number award prize guarante call land line claim valid hr ppm
ham,"Vikky, come around  &lt;TIME&gt; ..",0,35,5,2,vikki come around lttimegt
ham,"And how you will do that, princess? :)",0,38,8,2,princess
ham,I have gone into get info bt dont know what to do,0,49,12,1,gone get info bt dont know
ham,"Yeah, probably here for a while",0,31,6,1,yeah probabl
ham,I'm still pretty weak today .. Bad day ?,0,40,9,3,im still pretti weak today bad day
ham,Hey ! Don't forget ... You are MINE ... For ME ... My possession ... MY property ... MMM ... *childish smile* ...,0,113,23,9,hey dont forget mine possess properti mmm childish smile
ham,An excellent thought by a misundrstud frnd: I knw u hate me bt the day wen u'll knw the truth u'll hate urself:-( Gn:-),0,119,24,1,excel thought misundrstud frnd knw hate bt day wen ull knw truth ull hate urself gn
ham,Hey! Congrats 2u2. id luv 2 but ive had 2 go home!,0,50,12,4,hey congrat id luv ive go home
ham,Dear where you. Call me,0,23,5,2,dear call
ham,Xy trying smth now. U eat already? We havent...,0,47,9,4,xy tri smth eat alreadi havent
spam,Urgent! Please call 09061213237 from landline. £5000 cash or a luxury 4* Canary Islands Holiday await collection. T&Cs SAE PO Box 177. M227XY. 150ppm. 16+,1,154,25,7,urgent pleas call landlin cash luxuri canari island holiday await collect tc sae po box xy ppm
ham,I donno its in your genes or something,0,38,8,1,donno gene someth
spam,XMAS iscoming & ur awarded either £500 CD gift vouchers & free entry 2 r £100 weekly draw txt MUSIC to 87066 TnC www.Ldew.com1win150ppmx3age16subscription,1,154,24,3,xma iscom ur award either cd gift voucher free entri weekli draw txt music tnc
ham,Alex says he's not ok with you not being ok with it,0,51,12,1,alex say he ok ok
ham,Are u coming to the funeral home,0,32,7,1,come funer home
ham,My darling sister. How are you doing. When's school resuming. Is there a minimum wait period before you reapply? Do take care,0,125,22,5,darl sister when school resum minimum wait period reappli take care
ham,I.ll hand her my phone to chat wit u,0,36,9,2,ill hand phone chat wit
ham,Well good morning mr . Hows london treatin' ya treacle?,0,55,10,3,well good morn mr how london treatin ya treacl
ham,I can't make it tonight,0,23,5,1,cant make tonight
ham,About  &lt;#&gt; bucks. The banks fees are fixed. Better to call the bank and find out.,0,87,16,4,ltgt buck bank fee fix better call bank find
ham,"I can. But it will tell quite long, cos i haven't finish my film yet...",0,71,15,3,tell quit long co havent finish film yet
ham,Pls ask macho how much is budget for bb bold 2 is cos i saw a new one for  &lt;#&gt;  dollars.,0,94,21,2,pl ask macho much budget bb bold co saw new one ltgt dollar
ham,Hi missed your Call and my mumHas beendropping red wine all over theplace! what is your adress?,0,95,17,3,hi miss call mumha beendrop red wine theplac adress
ham,Ill be at yours in about 3 mins but look out for me,0,51,13,1,ill min look
ham,What you did in  leave.,0,23,5,2,leav
ham,I'm coming back on Thursday. Yay. Is it gonna be ok to get the money. Cheers. Oh yeah and how are you. Everything alright. Hows school. Or do you call it work now,0,162,33,8,im come back thursday yay gon na ok get money cheer oh yeah everyth alright how school call work
ham,"Jolly good! By the way,  will give u tickets for sat eve 7.30. Speak before then x",0,82,17,4,jolli good way give ticket sat eve speak
ham,"yeah, that's what I was thinking",0,32,6,1,yeah that think
ham,K.k:)i'm going to tirunelvali this week to see my uncle ..i already spend the amount by taking dress .so only i want money.i will give it on feb 1,0,146,29,5,kkim go tirunelvali week see uncl alreadi spend amount take dress want moneyi give feb
ham,Here got ur favorite oyster... N got my favorite sashimi... Ok lar i dun say already... Wait ur stomach start rumbling...,0,121,21,5,got ur favorit oyster got favorit sashimi ok lar dun say alreadi wait ur stomach start rumbl
ham,My sister going to earn more than me da.,0,40,9,2,sister go earn da
ham,Jus finish watching tv... U?,0,28,5,3,ju finish watch tv
ham,"K, fyi I'm back in my parents' place in south tampa so I might need to do the deal somewhere else",0,97,21,1,fyi im back parent place south tampa might need deal somewher els
ham,"Good morning, my Love ... I go to sleep now and wish you a great day full of feeling better and opportunity ... You are my last thought babe, I LOVE YOU *kiss*",0,159,33,3,good morn love go sleep wish great day full feel better opportun last thought babe love kiss
ham,Kothi print out marandratha.,0,28,4,2,kothi print marandratha
ham,But we havent got da topic yet rite?,0,36,8,2,havent got da topic yet rite
ham,Ok no problem... Yup i'm going to sch at 4 if i rem correctly...,0,64,14,3,ok problem yup im go sch rem correctli
ham,"Thanks, I'll keep that in mind",0,30,6,1,thank ill keep mind
ham,Aah bless! How's your arm?,0,26,5,3,aah bless how arm
ham,"Dear Sir,Salam Alaikkum.Pride and Pleasure meeting you today at the Tea Shop.We are pleased to send you our contact number at Qatar.Rakhesh an Indian.Pls save our Number.Respectful Regards.",0,189,28,7,dear sirsalam alaikkumprid pleasur meet today tea shopw pleas send contact number qatarrakhesh indianpl save numberrespect regard
ham,"Gal n boy walking in d park. gal-can i hold ur hand? boy-y? do u think i would run away? gal-no, jst wana c how it feels walking in heaven with an prince..GN:-)",0,160,33,6,gal boy walk park galcan hold ur hand boyi think would run away galno jst wana feel walk heaven princegn
ham,What makes you most happy?,0,26,5,2,make happi
ham,Wishing you a wonderful week.,0,29,5,2,wish wonder week
ham,Sweet heart how are you?,0,24,5,2,sweet heart
ham,"Sir, waiting for your letter.",0,29,5,2,sir wait letter
ham,Dude im no longer a pisces. Im an aquarius now.,0,47,10,3,dude im longer pisc im aquariu
ham,X course it 2yrs. Just so her messages on messenger lik you r sending me,0,72,15,2,cours yr messag messeng lik send
ham,I think steyn surely get one wicket:),0,37,7,1,think steyn sure get one wicket
ham,"Neither [in sterm voice] - i'm studying. All fine with me! Not sure the  thing will be resolved, tho. Anyway. Have a fab hols",0,125,24,5,neither sterm voic im studi fine sure thing resolv tho anyway fab hol
ham,"Garbage bags, eggs, jam, bread, hannaford wheat chex",0,52,8,1,garbag bag egg jam bread hannaford wheat chex
ham,No. It's not pride. I'm almost  &lt;#&gt;  years old and shouldn't be takin money from my kid. You're not supposed to have to deal with this stuff. This is grownup stuff--why i don't tell you.,0,192,35,6,pride im almost ltgt year old shouldnt takin money kid your suppos deal stuff grownup stuffwhi dont tell
ham,Sounds better than my evening im just doing my costume. Im not sure what time i finish tomorrow but i will txt you at the end.,0,126,26,3,sound better even im costum im sure time finish tomorrow txt end
ham,My birthday is on feb  &lt;#&gt;  da. .,0,39,8,3,birthday feb ltgt da
ham,So when do you wanna gym?,0,25,6,2,wan na gym
ham,You'd like that wouldn't you? Jerk!,0,35,6,3,youd like wouldnt jerk
ham,Are u awake? Is there snow there?,0,33,7,3,awak snow
ham,And of course you should make a stink!,0,38,8,2,cours make stink
spam,"u r subscribed 2 TEXTCOMP 250 wkly comp. 1st wk?s free question follows, subsequent wks charged@150p/msg.2 unsubscribe txt STOP 2 84128,custcare 08712405020",1,156,22,4,subscrib textcomp wkli comp st wk free question follow subsequ wk unsubscrib txt stop custcar
ham,No go. No openings for that room 'til after thanksgiving without an upcharge.,0,77,13,3,go open room til thanksgiv without upcharg
ham,When you guys planning on coming over?,0,38,7,2,guy plan come
ham,Wat ü doing now?,0,16,4,2,wat
ham,No sir. That's why i had an 8-hr trip on the bus last week. Have another audition next wednesday but i think i might drive this time.,0,133,27,4,sir that hr trip bu last week anoth audit next wednesday think might drive time
ham,Do I? I thought I put it back in the box,0,40,11,2,thought put back box
ham,I'm home...,0,11,2,2,im home
ham,No one interested. May be some business plan.,0,45,8,3,one interest may busi plan
ham,Yup it's at paragon... I havent decided whether 2 cut yet... Hee...,0,67,12,4,yup paragon havent decid whether cut yet hee
ham,Good morning princess! Have a great day!,0,40,7,3,good morn princess great day
ham,Guai... Ü shd haf seen him when he's naughty... Ü so free today? Can go jogging...,0,82,16,5,guai shd haf seen he naughti free today go jog
ham,Aiyo cos i sms ü then ü neva reply so i wait 4 ü to reply lar. I tot ü havent finish ur lab wat.,0,96,25,3,aiyo co sm neva repli wait repli lar tot havent finish ur lab wat
ham,"Living is very simple.. Loving is also simple.. Laughing is too simple.. Winning is tooo simple.. But, Being 'SIMPLE' is very difficult...;-) :-)",0,145,23,6,live simpl love also simpl laugh simpl win tooo simpl simpl difficult
ham,Tell me something. Thats okay.,0,30,5,3,tell someth that okay
ham,Hmm. Shall i bring a bottle of wine to keep us amused? Just joking! I'll still bring a bottle. Red or white? See you tomorrow,0,125,25,6,hmm shall bring bottl wine keep u amus joke ill still bring bottl red white see tomorrow
ham,This is ur face test ( 1 2 3 4 5 6 7 8 9  &lt;#&gt;  ) select any number i will tell ur face astrology.... am waiting. quick reply...,0,133,30,4,ur face test ltgt select number tell ur face astrolog wait quick repli
ham,"Hey, iouri gave me your number, I'm wylie, ryan's friend",0,56,10,1,hey iouri gave number im wyli ryan friend
ham,Yep get with the program. You're slacking.,0,42,7,3,yep get program your slack
ham,I'm in inside office..still filling forms.don know when they leave me.,0,70,11,4,im insid officestil fill formsdon know leav
ham,"I think your mentor is , but not 100 percent sure.",0,50,11,2,think mentor percent sure
spam,Call 09095350301 and send our girls into erotic ecstacy. Just 60p/min. To stop texts call 08712460324 (nat rate),1,112,18,3,call send girl erot ecstaci pmin stop text call nat rate
ham,Just trying to figure out when I'm suppose to see a couple different people this week. We said we'd get together but I didn't set dates,0,135,26,2,tri figur im suppos see coupl differ peopl week said wed get togeth didnt set date
spam,IMPORTANT MESSAGE. This is a final contact attempt. You have important messages waiting out our customer claims dept. Expires 13/4/04. Call 08717507382 NOW!,1,156,23,6,import messag final contact attempt import messag wait custom claim dept expir call
ham,Hi mom we might be back later than  &lt;#&gt;,0,45,9,1,hi mom might back later ltgt
spam,dating:i have had two of these. Only started after i sent a text to talk sport radio last week. Any connection do you think or coincidence?,1,139,26,4,datingi two start sent text talk sport radio last week connect think coincid
ham,"Lol, oh you got a friend for the dog ?",0,38,10,2,lol oh got friend dog
ham,"Ok., is any problem to u frm him? Wats matter?",0,46,10,4,ok problem frm wat matter
ham,"K I'll head out in a few mins, see you there",0,44,11,1,ill head min see
ham,I don't want you to leave. But i'm barely doing what i can to stay sane. fighting with you constantly isn't helping.,0,116,22,4,dont want leav im bare stay sane fight constantli isnt help
spam,The current leading bid is 151. To pause this auction send OUT. Customer Care: 08718726270,1,90,15,3,current lead bid paus auction send custom care
spam,"Free entry to the gr8prizes wkly comp 4 a chance to win the latest Nokia 8800, PSP or £250 cash every wk.TXT GREAT to 80878 http//www.gr8prizes.com 08715705022",1,159,27,4,free entri gr prize wkli comp chanc win latest nokia psp cash everi wktxt great
ham,Somebody set up a website where you can play hold em using eve online spacebucks,0,80,15,1,somebodi set websit play hold em use eve onlin spacebuck
ham,Its sunny in california. The weather's just cool,0,48,8,2,sunni california weather cool
spam,You have 1 new message. Call 0207-083-6089,1,42,7,2,new messag call
ham,"I can make it up there, squeezed  &lt;#&gt;  bucks out of my dad",0,64,13,1,make squeez ltgt buck dad
ham,Good day to You too.Pray for me.Remove the teeth as its painful maintaining other stuff.,0,88,15,4,good day toopray meremov teeth pain maintain stuff
ham,How are you babes. Hope your doing ok. I had a shit nights sleep. I fell asleep at 5.Im knackered and im dreading work tonight. What are thou upto tonight. X,0,159,31,7,babe hope ok shit night sleep fell asleep im knacker im dread work tonight thou upto tonight
ham,How do friends help us in problems? They give the most stupid suggestion that Lands us into another problem and helps us forgt the previous problem,0,147,26,2,friend help u problem give stupid suggest land u anoth problem help u forgt previou problem
ham,I will be gentle baby! Soon you will be taking all  &lt;#&gt;  inches deep inside your tight pussy...,0,101,18,3,gentl babi soon take ltgt inch deep insid tight pussi
ham,NOT MUCH NO FIGHTS. IT WAS A GOOD NITE!!,0,40,9,3,much fight good nite
ham,Nt joking seriously i told,0,26,5,1,nt joke serious told
ham,Watching ajith film ah?,0,23,4,2,watch ajith film ah
ham,Ooooooh I forgot to tell u I can get on yoville on my phone,0,59,14,1,ooooooh forgot tell get yovil phone
ham,"All done, all handed in. Don't know if mega shop in asda counts as celebration but thats what i'm doing!",0,104,20,3,done hand dont know mega shop asda count celebr that im
ham,I dont know exactly could you ask chechi.,0,41,8,2,dont know exactli could ask chechi
ham,Dunno lei shd b driving lor cos i go sch 1 hr oni.,0,50,13,2,dunno lei shd drive lor co go sch hr oni
ham,As in i want custom officer discount oh.,0,40,8,2,want custom offic discount oh
ham,That's necessarily respectful,0,29,3,1,that necessarili respect
ham,Hi. Hope you had a good day. Have a better night.,0,49,11,4,hi hope good day better night
ham,And he's apparently bffs with carly quick now,0,45,8,1,he appar bff carli quick
ham,HARD BUT TRUE: How much you show &amp;  express your love to someone....that much it will hurt when they leave you or you get seperated...!鈥┾??〨ud evening...,0,157,26,5,hard true much show amp express love someonethat much hurt leav get seperated鈥┾〨ud even
ham,Babes I think I got ur brolly I left it in English wil bring it in 2mrw 4 u luv Franxx,0,86,21,1,babe think got ur brolli left english wil bring mrw luv franxx
ham,Hi babe its me thanks for coming even though it didnt go that well!i just wanted my bed! Hope to see you soon love and kisses xxx,0,129,27,3,hi babe thank come even though didnt go welli want bed hope see soon love kiss xxx
ham,So gd got free ice cream... I oso wan...,0,40,9,3,gd got free ice cream oso wan
ham,Pls give her prometazine syrup. 5mls then  &lt;#&gt; mins later feed.,0,69,11,3,pl give prometazin syrup ml ltgt min later feed
ham,So how many days since then?,0,28,6,2,mani day sinc
ham,Dear are you angry i was busy dear,0,34,8,1,dear angri busi dear
ham,Yup he msg me: is tat yijue? Then i tot it's my group mate cos we meeting today mah... I'm askin if ü leaving earlier or wat mah cos mayb ü haf to walk v far...,0,160,36,4,yup msg tat yiju tot group mate co meet today mah im askin leav earlier wat mah co mayb haf walk far
ham,... Are you in the pub?,0,23,6,3,pub
ham,There is a first time for everything :),0,39,8,1,first time everyth
ham,"Daddy, shu shu is looking 4 u... U wan me 2 tell him u're not in singapore or wat?",0,82,19,3,daddi shu shu look wan tell ure singapor wat
ham,I ask if u meeting da ge tmr nite...,0,36,9,2,ask meet da ge tmr nite
ham,Gr8. So how do you handle the victoria island traffic. Plus when's the album due,0,80,15,3,gr handl victoria island traffic plu when album due
ham,Nite nite pocay wocay luv u more than n e thing 4eva I promise ring u 2morrowxxxx,0,81,17,1,nite nite pocay wocay luv thing eva promis ring morrowxxxx
ham,East coast,0,10,2,1,east coast
ham,You should get more chicken broth if you want ramen unless there's some I don't know about,0,90,17,1,get chicken broth want ramen unless there dont know
ham,My slave! I want you to take 2 or 3 pictures of yourself today in bright light on your cell phone! Bright light!,0,112,23,4,slave want take pictur today bright light cell phone bright light
ham,Nope. I just forgot. Will show next week,0,40,8,3,nope forgot show next week
ham,So how are you really. What are you up to. How's the masters. And so on.,0,72,16,5,realli how master
ham,I'm at bruce &amp; fowler now but I'm in my mom's car so I can't park (long story),0,82,18,1,im bruce amp fowler im mom car cant park long stori
ham,I dont know oh. Hopefully this month.,0,37,7,3,dont know oh hope month
ham,"Hi elaine, is today's meeting confirmed?",0,40,6,2,hi elain today meet confirm
ham,Ok k..sry i knw 2 siva..tats y i askd..,0,39,9,4,ok ksri knw sivatat askd
ham,U horrible gal... U knew dat i was going out wif him yest n u still come n ask me...,0,84,20,3,horribl gal knew dat go wif yest still come ask
ham,Oh yeah! And my diet just flew out the window,0,45,10,2,oh yeah diet flew window
spam,Santa Calling! Would your little ones like a call from Santa Xmas eve? Call 09058094583 to book your time.,1,106,19,4,santa call would littl one like call santa xma eve call book time
ham,You didnt complete your gist oh.,0,32,6,2,didnt complet gist oh
ham,"Er yeah, i will b there at 15:26, sorry! Just tell me which pub/cafe to sit in and come wen u can",0,97,22,2,er yeah sorri tell pubcaf sit come wen
ham,"If you can make it any time tonight or whenever you can it's cool, just text me whenever you're around",0,102,20,1,make time tonight whenev cool text whenev your around
ham,If I was I wasn't paying attention,0,34,7,1,wasnt pay attent
ham,Thanx a lot 4 ur help!,0,22,6,2,thanx lot ur help
ham,You're gonna have to be way more specific than that,0,51,10,1,your gon na way specif
ham,Jesus armand really is trying to tell everybody he can find,0,59,11,1,jesu armand realli tri tell everybodi find
ham,I'm wif him now buying tix lar...,0,33,7,2,im wif buy tix lar
ham,Mode men or have you left.,0,26,6,2,mode men left
ham,Am slow in using biola's fne,0,28,6,1,slow use biola fne
ham,What are youdoing later? Sar xxx,0,32,6,2,youdo later sar xxx
ham,Hey i've booked the 2 lessons on sun liao...,0,44,9,2,hey ive book lesson sun liao
ham,Thank you. do you generally date the brothas?,0,45,8,3,thank gener date brotha
ham,"By the way, make sure u get train to worc foregate street not shrub hill. Have fun night x",0,90,19,2,way make sure get train worc foreg street shrub hill fun night
ham,"I thought i'd get him a watch, just cos thats the kind of thing u get4an18th. And he loves so much!",0,99,21,3,thought id get watch co that kind thing get th love much
spam,You have won a guaranteed 32000 award or maybe even £1000 cash to claim ur award call free on 0800 ..... (18+). Its a legitimat efreefone number wat do u think???,1,162,31,4,guarante award mayb even cash claim ur award call free legitimat efreefon number wat think
ham,Good morning. At the repair shop--the ONLY reason i'm up at this hour.,0,70,13,3,good morn repair shopth reason im hour
ham,"And that's fine, I got enough bud to last most of the night at least",0,68,15,1,that fine got enough bud last night least
ham,I am back. Good journey! Let me know if you need any of the receipts. Shall i tell you like the pendent?,0,104,22,5,back good journey let know need receipt shall tell like pendent
ham,So that takes away some money worries,0,37,7,1,take away money worri
ham,"aight we can pick some up, you open before tonight?",0,51,10,2,aight pick open tonight
spam,"Latest News! Police station toilet stolen, cops have nothing to go on!",1,70,12,3,latest news polic station toilet stolen cop noth go
ham,Sac needs to carry on:),0,23,5,1,sac need carri
ham,Just sing HU. I think its also important to find someone female that know the place well preferably a citizen that is also smart to help you navigate through. Even things like choosing a phone plan require guidance. When in doubt ask especially girls.,0,251,44,5,sing hu think also import find someon femal know place well prefer citizen also smart help navig even thing like choos phone plan requir guidanc doubt ask especi girl
ham,What???? Hello wats talks email address?,0,40,6,3,hello wat talk email address
ham,Except theres a chick with huge boobs.,0,38,7,2,except there chick huge boob
ham,Im just wondering what your doing right now?,0,44,8,2,im wonder right
ham,Wishing you a beautiful day. Each moment revealing even more things to keep you smiling. Do enjoy it.,0,101,18,4,wish beauti day moment reveal even thing keep smile enjoy
spam,For the most sparkling shopping breaks from 45 per person; call 0121 2025050 or visit www.shortbreaks.org.uk,1,108,16,4,sparkl shop break per person call visit
ham,If you hear a loud scream in about &lt;#&gt; minutes its cause my Gyno will be shoving things up me that don't belong :/,0,120,24,1,hear loud scream ltgt minut caus gyno shove thing dont belong
ham,Ok i thk i got it. Then u wan me 2 come now or wat?,0,51,15,3,ok thk got wan come wat
spam,Txt: CALL to No: 86888 & claim your reward of 3 hours talk time to use from your phone now! Subscribe6GBP/mnth inc 3hrs 16 stop?txtStop www.gamb.tv,1,147,26,5,txt call claim reward hour talk time use phone subscrib gbpmnth inc hr stoptxtstop
ham,U GOIN OUT 2NITE?,0,17,4,2,goin nite
ham,I will treasure every moment we spend together...,0,49,8,2,treasur everi moment spend togeth
ham,Shall I bring us a bottle of wine to keep us amused? Only joking! I‘ll bring one anyway,0,87,18,3,shall bring u bottl wine keep u amus joke bring one anyway
spam,http//tms. widelive.com/index. wml?id=820554ad0a1705572711&first=true¡C C Ringtone¡,1,83,5,5,widelivecomindex wmlid ad firsttrue¡c ringtone¡
spam,"URGENT! Last weekend's draw shows that you have won £1000 cash or a Spanish holiday! CALL NOW 09050000332 to claim. T&C: RSTM, SW7 3SS. 150ppm",1,142,25,5,urgent last weekend draw show cash spanish holiday call claim tc rstm sw s ppm
ham,I thought slide is enough.,0,26,5,2,thought slide enough
ham,Well obviously not because all the people in my cool college life went home ;_;,0,79,15,1,well obvious peopl cool colleg life went home
ham,Ok lor ü reaching then message me.,0,34,7,2,ok lor reach messag
ham,Where's mummy's boy ? Is he being good or bad ? Is he being positive or negative ? Why is mummy being made to wait? Hmmmm?,0,122,26,6,where mummi boy good bad posit neg mummi made wait hmmmm
ham,Dhoni have luck to win some big title.so we will win:),0,54,11,2,dhoni luck win big titleso win
ham,Yes princess! I want to please you every night. Your wish is my command...,0,74,14,4,ye princess want pleas everi night wish command
ham,No probably  &lt;#&gt; %.,0,25,4,2,probabl ltgt
ham,Really do hope the work doesnt get stressful. Have a gr8 day.,0,61,12,3,realli hope work doesnt get stress gr day
ham,Have you seen who's back at Holby?!,0,35,7,2,seen who back holbi
ham,Shall call now dear having food,0,31,6,1,shall call dear food
spam,URGENT We are trying to contact you Last weekends draw shows u have won a £1000 prize GUARANTEED Call 09064017295 Claim code K52 Valid 12hrs 150p pm,1,148,27,1,urgent tri contact last weekend draw show prize guarante call claim code valid hr pm
ham,So li hai... Me bored now da lecturer repeating last weeks stuff waste time...,0,78,14,3,li hai bore da lectur repeat last week stuff wast time
ham,", ,  and  picking them up from various points | going 2 yeovil | and they will do the motor project 4 3 hours | and then u take them home. || 12 2 5.30 max. || Very easy",0,169,39,4,pick variou point go yeovil motor project hour take home max easi
ham,Also fuck you and your family for going to rhode island or wherever the fuck and leaving me all alone the week I have a new bong &gt;:(,0,135,28,1,also fuck famili go rhode island wherev fuck leav alon week new bong gt
ham,Ofcourse I also upload some songs,0,33,6,1,ofcours also upload song
spam,2p per min to call Germany 08448350055 from your BT line. Just 2p per min. Check PlanetTalkInstant.com for info & T's & C's. Text stop to opt out,1,145,28,5,per min call germani bt line per min check planettalkinstantcom info t c text stop opt
ham,Oh thanks a lot..i already bought 2 eggs ..,0,43,9,3,oh thank loti alreadi bought egg
ham,U studying in sch or going home? Anyway i'll b going 2 sch later.,0,65,14,3,studi sch go home anyway ill go sch later
spam,Marvel Mobile Play the official Ultimate Spider-man game (£4.50) on ur mobile right now. Text SPIDER to 83338 for the game & we ll send u a FREE 8Ball wallpaper,1,160,30,3,marvel mobil play offici ultim spiderman game ur mobil right text spider game send free ball wallpap
ham,I think if he rule tamilnadu..then its very tough for our people.,0,65,12,3,think rule tamilnaduthen tough peopl
ham,"Cool, we shall go and see, have to go to tip anyway. Are you at home, got something to drop in later? So lets go to town tonight! Maybe mum can take us in.",0,155,34,5,cool shall go see go tip anyway home got someth drop later let go town tonight mayb mum take u
ham,"Good afternoon, my love ... How goes your day ? How did you sleep ? I hope your well, my boytoy ... I think of you ...",0,118,27,6,good afternoon love go day sleep hope well boytoy think
ham,Yes... I trust u to buy new stuff ASAP so I can try it out,0,58,15,2,ye trust buy new stuff asap tri
ham,Why did I wake up on my own &gt;:(,0,34,9,1,wake gt
ham,Now get step 2 outta the way. Congrats again.,0,45,9,3,get step outta way congrat
ham,Love has one law; Make happy the person you love. In the same way friendship has one law; Never make ur friend feel alone until you are alive.... Gud night,0,155,30,3,love one law make happi person love way friendship one law never make ur friend feel alon aliv gud night
spam,PRIVATE! Your 2003 Account Statement for 07808247860 shows 800 un-redeemed S. I. M. points. Call 08719899229 Identifier Code: 40411 Expires 06/11/04,1,148,21,6,privat account statement show unredeem point call identifi code expir
ham,Apo all other are mokka players only,0,36,7,1,apo mokka player
ham,"Perhaps * is much easy give your account identification, so i will tomorrow at UNI",0,82,15,1,perhap much easi give account identif tomorrow uni
ham,Wait . I will msg after  &lt;#&gt;  min.,0,40,8,3,wait msg ltgt min
ham,What i told before i tell. Stupid hear after i wont tell anything to you. You dad called to my brother and spoken. Not with me.,0,127,26,5,told tell stupid hear wont tell anyth dad call brother spoken
ham,God's love has no limit. God's grace has no measure. God's power has no boundaries. May u have God's endless blessings always in ur life...!! Gud ni8,0,149,27,5,god love limit god grace measur god power boundari may god endless bless alway ur life gud ni
ham,I want to be inside you every night...,0,38,8,2,want insid everi night
ham,"Machan you go to gym tomorrow,  i wil come late goodnight.",0,58,11,2,machan go gym tomorrow wil come late goodnight
ham,Lol they were mad at first but then they woke up and gave in.,0,61,14,2,lol mad first woke gave
ham,"It‘s reassuring, in this crazy world.",0,37,6,2,reassur crazi world
ham,"Just making dinner, you ?",0,25,5,2,make dinner
ham,Yes. Please leave at  &lt;#&gt; . So that at  &lt;#&gt;  we can leave,0,69,13,3,ye pleas leav ltgt ltgt leav
ham,Oh... Okie lor...We go on sat...,0,32,6,4,oh oki lorw go sat
ham,You are a great role model. You are giving so much and i really wish each day for a miracle but God as a reason for everything and i must say i wish i knew why but i dont. I've looked up to you since i was young and i still do. Have a great day.,0,245,56,5,great role model give much realli wish day miracl god reason everyth must say wish knew dont ive look sinc young still great day
ham,"Ya, i'm referin to mei's ex wat... No ah, waitin 4 u to treat, somebody shld b rich liao...So gd, den u dun have to work frm tmr onwards...",0,139,29,4,ya im referin mei ex wat ah waitin treat somebodi shld rich liaoso gd den dun work frm tmr onward
ham,Miles and smiles r made frm same letters but do u know d difference..? smile on ur face keeps me happy even though I am miles away from u.. :-)keep smiling.. Good nyt,0,166,33,4,mile smile made frm letter know differ smile ur face keep happi even though mile away keep smile good nyt
ham,"By the way, i've put a skip right outside the front of the house so you can see which house it is. Just pull up before it.",0,122,27,3,way ive put skip right outsid front hous see hous pull
ham,Can you pls send me that company name. In saibaba colany,0,56,11,2,pl send compani name saibaba colani
ham,No. I dont want to hear anything,0,32,7,2,dont want hear anyth
ham,You are a big chic. Common. Declare,0,35,7,3,big chic common declar
ham,Thats cool. I want to please you...,0,35,7,3,that cool want pleas
ham,Going to join tomorrow.,0,23,4,2,go join tomorrow
ham,I want to tell you how bad I feel that basically the only times I text you lately are when I need drugs,0,103,23,1,want tell bad feel basic time text late need drug
spam,PRIVATE! Your 2003 Account Statement for shows 800 un-redeemed S.I.M. points. Call 08718738001 Identifier Code: 49557 Expires 26/11/04,1,134,18,6,privat account statement show unredeem sim point call identifi code expir
ham,"Total disappointment, when I texted you was the craziest shit got :(",0,68,12,1,total disappoint text craziest shit got
ham,Its just the effect of irritation. Just ignore it,0,49,9,2,effect irrit ignor
ham,What about this one then.,0,25,5,2,one
ham,I think that tantrum's finished so yeah I'll be by at some point,0,64,13,1,think tantrum finish yeah ill point
ham,Compliments to you. Was away from the system. How your side.,0,60,11,4,compliment away system side
ham,happened here while you were adventuring,0,40,6,1,happen adventur
ham,"Hey chief, can you give me a bell when you get this. Need to talk to you about this royal visit on the 1st june.",0,112,25,3,hey chief give bell get need talk royal visit st june
ham,Ok which your another number,0,28,5,1,ok anoth number
ham,Aiyah ok wat as long as got improve can already wat...,0,54,11,2,aiyah ok wat long got improv alreadi wat
spam,Want explicit SEX in 30 secs? Ring 02073162414 now! Costs 20p/min Gsex POBOX 2667 WC1N 3XX,1,90,16,3,want explicit sex sec ring cost pmin gsex pobox wc xx
ham,I can't believe how attached I am to seeing you every day. I know you will do the best you can to get to me babe. I will go to teach my class at your midnight,0,158,36,3,cant believ attach see everi day know best get babe go teach class midnight
spam,ASKED 3MOBILE IF 0870 CHATLINES INCLU IN FREE MINS. INDIA CUST SERVs SED YES. L8ER GOT MEGA BILL. 3 DONT GIV A SHIT. BAILIFF DUE IN DAYS. I O £250 3 WANT £800,1,158,33,6,ask mobil chatlin inclu free min india cust serv sed ye er got mega bill dont giv shit bailiff due day want
ham,Yeah it's jus rite...,0,21,4,2,yeah ju rite
ham,Armand says get your ass over to epsilon,0,40,8,1,armand say get as epsilon
ham,U still havent got urself a jacket ah?,0,38,8,2,still havent got urself jacket ah
ham,"I'm taking derek &amp; taylor to walmart, if I'm not back by the time you're done just leave the mouse on my desk and I'll text you when priscilla's ready",0,154,30,1,im take derek amp taylor walmart im back time your done leav mous desk ill text priscilla readi
ham,Hi its in durban are you still on this number,0,45,10,1,hi durban still number
ham,Ic. There are a lotta childporn cars then.,0,42,8,3,ic lotta childporn car
spam,"Had your contract mobile 11 Mnths? Latest Motorola, Nokia etc. all FREE! Double Mins & Text on Orange tariffs. TEXT YES for callback, no to remove from records.",1,160,28,6,contract mobil mnth latest motorola nokia etc free doubl min text orang tariff text ye callback remov record
ham,"No, I was trying it all weekend ;V",0,34,8,1,tri weekend
ham,"You know, wot people wear. T shirts, jumpers, hat, belt, is all we know. We r at Cribbs",0,87,18,3,know wot peopl wear shirt jumper hat belt know cribb
ham,"Cool, what time you think you can get here?",0,43,9,2,cool time think get
ham,Wen did you get so spiritual and deep. That's great,0,51,10,2,wen get spiritu deep that great
ham,Have a safe trip to Nigeria. Wish you happiness and very soon company to share moments with,0,91,17,2,safe trip nigeria wish happi soon compani share moment
ham,Well keep in mind I've only got enough gas for one more round trip barring a sudden influx of cash,0,98,20,1,well keep mind ive got enough ga one round trip bar sudden influx cash
ham,Yeh. Indians was nice. Tho it did kane me off a bit he he. We shud go out 4 a drink sometime soon. Mite hav 2 go 2 da works 4 a laugh soon. Love Pete x x,0,153,38,6,yeh indian nice tho kane bit shud go drink sometim soon mite hav go da work laugh soon love pete
ham,Yes i have. So that's why u texted. Pshew...missing you so much,0,63,12,4,ye that text pshewmiss much
ham,No. I meant the calculation is the same. That  &lt;#&gt; units at  &lt;#&gt; . This school is really expensive. Have you started practicing your accent. Because its important. And have you decided if you are doing 4years of dental school or if you'll just do the nmde exam.,0,273,48,8,meant calcul ltgt unit ltgt school realli expens start practic accent import decid year dental school youll nmde exam
ham,if you aren't here in the next  &lt;#&gt;  hours imma flip my shit,0,66,13,1,arent next ltgt hour imma flip shit
ham,Anything lor. Juz both of us lor.,0,33,7,3,anyth lor juz u lor
ham,Get me out of this dump heap. My mom decided to come to lowes. BORING.,0,70,15,4,get dump heap mom decid come low bore
ham,Ok lor... Sony ericsson salesman... I ask shuhui then she say quite gd 2 use so i considering...,0,96,18,4,ok lor soni ericsson salesman ask shuhui say quit gd use consid
ham,Ard 6 like dat lor.,0,19,5,2,ard like dat lor
ham,Why don't you wait 'til at least wednesday to see if you get your .,0,67,15,2,dont wait til least wednesday see get
ham,Huh y lei...,0,12,3,2,huh lei
spam,"REMINDER FROM O2: To get 2.50 pounds free call credit and details of great offers pls reply 2 this text with your valid name, house no and postcode",1,147,28,2,remind get pound free call credit detail great offer pl repli text valid name hous postcod
spam,"This is the 2nd time we have tried 2 contact u. U have won the £750 Pound prize. 2 claim is easy, call 087187272008 NOW1! Only 10p per minute. BT-national-rate.",1,160,30,6,nd time tri contact pound prize claim easi call per minut btnationalr
ham,Will ü b going to esplanade fr home?,0,36,8,2,go esplanad fr home
ham,"Pity, * was in mood for that. So...any other suggestions?",0,57,10,4,piti mood soani suggest
ham,The guy did some bitching but I acted like i'd be interested in buying something else next week and he gave it to us for free,0,125,26,1,guy bitch act like id interest buy someth els next week gave u free
ham,Rofl. Its true to its name,0,26,6,2,rofl true name
